# script=01_synergy_timecourse.py variant=ts_gsr regions=115 region_selection=all excluded_regions=20 atoms=rtr,rtx,rty,rts,xtr,xtx,xty,xts,ytr,ytx,yty,yts,str,stx,sty,sts tau=1 redundancy=MMI fit_mode=window window_trs=60 placebo_fit_trs=na seed=20261120 git=nogit
subject,condition,window,rtr,rtx,rty,rts,xtr,xtx,xty,xts,ytr,ytx,yty,yts,str,stx,sty,sts
0,DMT,0,0.021663,0.032050,0.031855,0.376690,0.031781,0.408761,-0.031563,-0.330329,0.032037,-0.031847,0.382920,-0.329346,0.375618,-0.327599,-0.330822,0.768589
0,DMT,1,0.027030,0.030714,0.032179,0.403988,0.032179,0.444317,-0.032004,-0.362492,0.030706,-0.030580,0.420003,-0.365178,0.402114,-0.362628,-0.363315,0.819093
0,DMT,2,0.027789,0.033784,0.032561,0.406958,0.032579,0.431148,-0.032201,-0.365949,0.033788,-0.033647,0.419098,-0.365020,0.404806,-0.361576,-0.364957,0.826190
0,DMT,3,0.028963,0.037664,0.035126,0.409474,0.035075,0.423455,-0.034665,-0.362584,0.037793,-0.037168,0.418839,-0.361723,0.408993,-0.360104,-0.362676,0.832225
0,DMT,4,0.021330,0.034074,0.030715,0.361007,0.030671,0.388139,-0.030337,-0.313218,0.034133,-0.033749,0.381926,-0.313422,0.360652,-0.312876,-0.312658,0.737219
0,DMT,5,0.017256,0.030196,0.029085,0.361140,0.028968,0.379709,-0.028703,-0.314100,0.030203,-0.029868,0.374087,-0.314324,0.359821,-0.313176,-0.312608,0.726526
0,DMT,6,0.017293,0.026361,0.026813,0.380357,0.026798,0.398456,-0.026760,-0.341456,0.026336,-0.026272,0.389667,-0.342145,0.379689,-0.340850,-0.341726,0.773725
0,DMT,7,0.017200,0.026775,0.026021,0.378349,0.026031,0.400235,-0.025916,-0.337420,0.026768,-0.026680,0.395883,-0.336867,0.378646,-0.337576,-0.338227,0.763871
0,DMT,8,0.015934,0.028002,0.028622,0.359193,0.028622,0.382320,-0.028466,-0.312584,0.027971,-0.027885,0.362902,-0.314306,0.360483,-0.313587,-0.315264,0.721493
0,DMT,9,0.019226,0.026665,0.028114,0.398965,0.028017,0.424730,-0.027979,-0.358258,0.026717,-0.026416,0.431803,-0.357540,0.399216,-0.359506,-0.358018,0.809264
0,DMT,10,0.020220,0.029724,0.029763,0.380728,0.029724,0.397692,-0.029547,-0.341172,0.029759,-0.029557,0.416461,-0.339765,0.382252,-0.341584,-0.340917,0.778838
0,DMT,11,0.029197,0.035456,0.032115,0.366737,0.032204,0.416192,-0.031877,-0.324096,0.035453,-0.035227,0.409139,-0.321249,0.366436,-0.320567,-0.323708,0.755563
0,DMT,12,0.018983,0.030606,0.026746,0.363058,0.026716,0.395933,-0.026626,-0.321139,0.030525,-0.030333,0.391675,-0.320239,0.363287,-0.321150,-0.320722,0.737106
0,DMT,13,0.018569,0.030340,0.027257,0.361908,0.027190,0.384751,-0.027048,-0.317786,0.030306,-0.030117,0.388233,-0.316792,0.361335,-0.315825,-0.316513,0.736903
0,PCB,0,0.020164,0.029566,0.026508,0.394495,0.026522,0.427704,-0.026451,-0.353788,0.029512,-0.029382,0.410120,-0.357197,0.393410,-0.355341,-0.355679,0.812872
0,PCB,1,0.021216,0.033654,0.028918,0.362425,0.029072,0.382104,-0.028518,-0.313571,0.033714,-0.033242,0.385299,-0.314314,0.363248,-0.314213,-0.315290,0.741062
0,PCB,2,0.019630,0.031665,0.031337,0.363044,0.031321,0.386518,-0.030937,-0.313373,0.031743,-0.031215,0.385530,-0.315103,0.363622,-0.314379,-0.315940,0.742084
0,PCB,3,0.020937,0.029960,0.028796,0.401792,0.028897,0.430582,-0.028602,-0.359688,0.029873,-0.029623,0.424355,-0.359354,0.400729,-0.357046,-0.359592,0.813925
0,PCB,4,0.025471,0.030007,0.030039,0.371805,0.030081,0.423439,-0.029775,-0.331182,0.030104,-0.029904,0.413586,-0.332262,0.372214,-0.331164,-0.332308,0.768579
0,PCB,5,0.020434,0.029978,0.029123,0.369540,0.029064,0.407958,-0.028917,-0.325172,0.029922,-0.029831,0.387244,-0.327975,0.370553,-0.327056,-0.327755,0.753126
0,PCB,6,0.020960,0.027101,0.029013,0.380314,0.028967,0.408311,-0.028936,-0.341242,0.027038,-0.026844,0.410487,-0.343321,0.380077,-0.343166,-0.341572,0.784685
0,PCB,7,0.025074,0.024884,0.027510,0.424561,0.027504,0.488470,-0.027431,-0.389314,0.024867,-0.024813,0.463071,-0.392022,0.425454,-0.391242,-0.391257,0.864317
0,PCB,8,0.020006,0.024765,0.028921,0.401273,0.028918,0.432406,-0.028716,-0.359398,0.024754,-0.024657,0.418015,-0.361303,0.401199,-0.359875,-0.359973,0.808230
0,PCB,9,0.016394,0.025275,0.025951,0.393833,0.025947,0.426490,-0.025755,-0.349957,0.025270,-0.025063,0.420000,-0.351451,0.392778,-0.349493,-0.349417,0.791855
0,PCB,10,0.024567,0.023289,0.027411,0.454116,0.027441,0.503679,-0.027343,-0.418219,0.023287,-0.023287,0.492584,-0.419832,0.454359,-0.418536,-0.418459,0.921767
0,PCB,11,0.021755,0.023043,0.025647,0.430445,0.025632,0.487027,-0.025578,-0.392822,0.023091,-0.023024,0.465710,-0.396856,0.430668,-0.395331,-0.394788,0.880245
0,PCB,12,0.031369,0.024123,0.029113,0.448093,0.029086,0.525352,-0.029046,-0.411662,0.024074,-0.023987,0.494006,-0.416180,0.448227,-0.414488,-0.415177,0.917564
0,PCB,13,0.027477,0.046381,0.047623,0.341238,0.047290,0.333721,-0.045264,-0.275451,0.046248,-0.044948,0.337806,-0.272715,0.341343,-0.275676,-0.274605,0.706458
1,DMT,0,0.024689,0.029878,0.030718,0.413843,0.030591,0.437568,-0.030450,-0.374109,0.029895,-0.029722,0.441280,-0.373356,0.413418,-0.374550,-0.373679,0.848164
1,DMT,1,0.018363,0.025170,0.025934,0.376805,0.025891,0.413579,-0.025864,-0.338522,0.025154,-0.024931,0.401671,-0.338605,0.377288,-0.338301,-0.339237,0.768552
1,DMT,2,0.022359,0.028072,0.028005,0.390139,0.028045,0.430381,-0.027950,-0.350764,0.028089,-0.027949,0.405226,-0.352940,0.389859,-0.350956,-0.351915,0.795803
1,DMT,3,0.019818,0.029862,0.028372,0.382723,0.028296,0.410536,-0.028139,-0.338521,0.029807,-0.029710,0.384681,-0.340753,0.382100,-0.339343,-0.339734,0.780326
1,DMT,4,0.019830,0.027529,0.031619,0.363070,0.031534,0.399690,-0.031398,-0.316790,0.027543,-0.027234,0.386811,-0.320372,0.363196,-0.319953,-0.317815,0.738852
1,DMT,5,0.017775,0.029627,0.033916,0.328736,0.033855,0.336337,-0.033371,-0.276330,0.029649,-0.029281,0.329372,-0.277258,0.328511,-0.277174,-0.277329,0.667074
1,DMT,6,0.019414,0.028064,0.025811,0.380649,0.025830,0.413382,-0.025652,-0.342565,0.028057,-0.027968,0.403762,-0.342750,0.379964,-0.341103,-0.342516,0.773398
1,DMT,7,0.016958,0.027826,0.027604,0.357290,0.027591,0.383133,-0.027285,-0.314443,0.027882,-0.027667,0.378649,-0.313087,0.356295,-0.313472,-0.312792,0.725091
1,DMT,8,0.022094,0.035436,0.034347,0.339175,0.034444,0.362293,-0.034108,-0.286777,0.035518,-0.035056,0.351118,-0.287714,0.339186,-0.286315,-0.287656,0.691696
1,DMT,9,0.030931,0.030330,0.034687,0.410741,0.034660,0.453271,-0.034446,-0.372284,0.030286,-0.030083,0.440272,-0.373893,0.408306,-0.371157,-0.371117,0.838006
1,DMT,10,0.018518,0.026013,0.026702,0.404463,0.026730,0.440721,-0.026652,-0.363697,0.025989,-0.025918,0.410913,-0.365982,0.403854,-0.362829,-0.366090,0.821785
1,DMT,11,0.019913,0.024349,0.026445,0.420451,0.026447,0.468150,-0.026331,-0.381410,0.024395,-0.024290,0.441431,-0.384583,0.420478,-0.381881,-0.383778,0.850595
1,DMT,12,0.026416,0.027708,0.032468,0.416338,0.032483,0.463331,-0.032329,-0.373610,0.027486,-0.027358,0.437492,-0.376021,0.416532,-0.375273,-0.377396,0.851614
1,DMT,13,0.028726,0.027132,0.029677,0.434093,0.029632,0.487850,-0.029615,-0.399927,0.027213,-0.027014,0.453864,-0.400739,0.434615,-0.398408,-0.402067,0.888394
1,PCB,0,0.028523,0.038589,0.036414,0.393807,0.036393,0.405997,-0.036153,-0.345453,0.038562,-0.038171,0.406342,-0.344649,0.391959,-0.343128,-0.343251,0.814792
1,PCB,1,0.024620,0.034796,0.040489,0.355623,0.040404,0.372816,-0.039433,-0.303610,0.034665,-0.034042,0.373884,-0.304805,0.355297,-0.305712,-0.304418,0.747197
1,PCB,2,0.029230,0.042537,0.036190,0.343330,0.036344,0.378303,-0.034974,-0.284798,0.042493,-0.040787,0.374944,-0.284400,0.342333,-0.283382,-0.285716,0.734075
1,PCB,3,0.023623,0.027733,0.032854,0.393461,0.032814,0.426757,-0.032594,-0.349913,0.027729,-0.027573,0.429901,-0.351546,0.393372,-0.351353,-0.350018,0.803871
1,PCB,4,0.021388,0.031829,0.033977,0.349212,0.033951,0.363843,-0.033733,-0.300234,0.031681,-0.031450,0.353532,-0.303281,0.349653,-0.302000,-0.303319,0.714458
1,PCB,5,0.039543,0.028159,0.031188,0.446975,0.031171,0.503210,-0.031001,-0.412224,0.028107,-0.027955,0.484663,-0.412483,0.445410,-0.410456,-0.411197,0.919481
1,PCB,6,0.025174,0.032129,0.032220,0.415210,0.032280,0.441895,-0.032069,-0.370564,0.032122,-0.031964,0.420797,-0.372812,0.414283,-0.369914,-0.372445,0.836374
1,PCB,7,0.022106,0.024959,0.029162,0.412073,0.029164,0.446092,-0.028998,-0.376265,0.025022,-0.024800,0.443151,-0.378008,0.412541,-0.377707,-0.376837,0.846696
1,PCB,8,0.025682,0.026293,0.030465,0.418921,0.030422,0.495246,-0.030375,-0.376775,0.026307,-0.026088,0.451841,-0.379818,0.418588,-0.375661,-0.378296,0.857533
1,PCB,9,0.020587,0.029285,0.028885,0.397988,0.028926,0.428961,-0.028684,-0.357089,0.029252,-0.029106,0.421796,-0.357985,0.397795,-0.356859,-0.357476,0.822343
1,PCB,10,0.018790,0.027791,0.026741,0.416512,0.026780,0.456436,-0.026687,-0.372285,0.027779,-0.027648,0.433203,-0.374949,0.416597,-0.372067,-0.375136,0.847137
1,PCB,11,0.024937,0.026240,0.026679,0.419573,0.026683,0.472205,-0.026606,-0.384205,0.026210,-0.026135,0.448295,-0.388056,0.418988,-0.385559,-0.386407,0.861349
1,PCB,12,0.018278,0.025949,0.027496,0.399862,0.027527,0.437396,-0.027331,-0.356604,0.025877,-0.025795,0.431213,-0.358147,0.401905,-0.359540,-0.359213,0.811649
1,PCB,13,0.022519,0.032357,0.031901,0.396838,0.031903,0.413265,-0.031528,-0.345948,0.032322,-0.032079,0.417761,-0.346495,0.396255,-0.345573,-0.345682,0.797270
2,DMT,0,0.028100,0.029758,0.028103,0.429961,0.028124,0.472997,-0.028063,-0.393678,0.029758,-0.029741,0.459817,-0.395164,0.430950,-0.395372,-0.395976,0.880924
2,DMT,1,0.018665,0.024721,0.022435,0.409846,0.022425,0.454402,-0.022425,-0.373707,0.024780,-0.024665,0.450002,-0.374698,0.408630,-0.372011,-0.372918,0.838909
2,DMT,2,0.024804,0.026417,0.024653,0.435953,0.024658,0.506174,-0.024595,-0.398775,0.026403,-0.026326,0.458487,-0.402697,0.435593,-0.399850,-0.401345,0.887233
2,DMT,3,0.023238,0.027843,0.028359,0.407336,0.028313,0.450252,-0.028247,-0.365498,0.027800,-0.027578,0.459261,-0.368269,0.406318,-0.367386,-0.365528,0.836354
2,DMT,4,0.016274,0.026737,0.026411,0.341859,0.026374,0.367109,-0.026135,-0.298187,0.026748,-0.026503,0.366806,-0.298229,0.341083,-0.297920,-0.297899,0.689621
2,DMT,5,0.017658,0.031386,0.031607,0.304557,0.031664,0.292216,-0.030999,-0.259072,0.031368,-0.030766,0.307946,-0.257309,0.304591,-0.257340,-0.258146,0.630859
2,DMT,6,0.018458,0.030290,0.025720,0.363710,0.025714,0.401825,-0.025647,-0.317503,0.030240,-0.030025,0.373506,-0.322087,0.363216,-0.318000,-0.320269,0.738242
2,DMT,7,0.021076,0.028884,0.031640,0.381531,0.031627,0.405882,-0.031464,-0.333907,0.028784,-0.028605,0.402643,-0.337748,0.380482,-0.335815,-0.334524,0.772441
2,DMT,8,0.026732,0.026230,0.030252,0.402529,0.030250,0.463643,-0.030135,-0.366954,0.026260,-0.026202,0.424302,-0.369248,0.403547,-0.367138,-0.370511,0.832175
2,DMT,9,0.027137,0.036477,0.027289,0.368034,0.027222,0.393407,-0.027148,-0.327164,0.036362,-0.036138,0.394808,-0.325420,0.368375,-0.326256,-0.325620,0.769585
2,DMT,10,0.017706,0.028758,0.029026,0.353068,0.029025,0.367289,-0.028839,-0.307676,0.028722,-0.028476,0.359372,-0.307701,0.352619,-0.306322,-0.308697,0.717292
2,DMT,11,0.016053,0.023187,0.022715,0.395433,0.022712,0.418061,-0.022671,-0.359339,0.023175,-0.023122,0.419793,-0.359393,0.395386,-0.358840,-0.359552,0.800829
2,DMT,12,0.019730,0.028840,0.028649,0.393515,0.028647,0.419772,-0.028270,-0.350194,0.028811,-0.028681,0.408593,-0.350553,0.392924,-0.349866,-0.349578,0.799814
2,DMT,13,0.017234,0.025219,0.027825,0.364149,0.027824,0.389202,-0.027656,-0.322265,0.025248,-0.025124,0.379807,-0.323385,0.365082,-0.324583,-0.323568,0.741097
2,PCB,0,0.029618,0.036431,0.041034,0.363743,0.040913,0.385647,-0.040592,-0.316863,0.036455,-0.036233,0.369193,-0.317662,0.362958,-0.315234,-0.318237,0.775220
2,PCB,1,0.022375,0.032595,0.031424,0.369606,0.031407,0.402156,-0.031322,-0.322036,0.032560,-0.032407,0.390179,-0.326099,0.369493,-0.325167,-0.323326,0.757463
2,PCB,2,0.037209,0.029865,0.029913,0.418246,0.029883,0.486800,-0.029758,-0.384698,0.029856,-0.029799,0.465123,-0.385322,0.415068,-0.383108,-0.385246,0.871683
2,PCB,3,0.028235,0.034341,0.023249,0.402117,0.023209,0.460960,-0.023099,-0.366413,0.034261,-0.033873,0.436091,-0.367158,0.400447,-0.365596,-0.367154,0.837458
2,PCB,4,0.027884,0.032280,0.038906,0.355309,0.038903,0.384985,-0.038517,-0.309789,0.032228,-0.032034,0.371869,-0.311720,0.356041,-0.311967,-0.311251,0.740885
2,PCB,5,0.035254,0.034588,0.027411,0.401000,0.027373,0.468282,-0.027364,-0.361718,0.034667,-0.034386,0.436382,-0.362444,0.399559,-0.359770,-0.361166,0.825742
2,PCB,6,0.020640,0.024914,0.025674,0.420500,0.025689,0.464726,-0.025660,-0.382833,0.024911,-0.024859,0.449545,-0.383977,0.420645,-0.383378,-0.383833,0.857070
2,PCB,7,0.025081,0.025927,0.028033,0.430128,0.028022,0.478438,-0.027954,-0.394684,0.025953,-0.025847,0.465668,-0.396311,0.430115,-0.396238,-0.396183,0.882995
2,PCB,8,0.028668,0.025380,0.026788,0.455672,0.026799,0.495945,-0.026723,-0.426210,0.025451,-0.025368,0.499437,-0.424406,0.456408,-0.426156,-0.425198,0.934374
2,PCB,9,0.024568,0.030309,0.027276,0.406821,0.027283,0.444538,-0.027243,-0.368336,0.030277,-0.030165,0.435752,-0.368699,0.407027,-0.366956,-0.368699,0.833575
2,PCB,10,0.026194,0.028627,0.031365,0.415167,0.031397,0.451523,-0.031280,-0.379473,0.028644,-0.028460,0.446549,-0.381054,0.416086,-0.380155,-0.381871,0.866831
2,PCB,11,0.023856,0.028541,0.027157,0.408516,0.027178,0.459618,-0.026977,-0.368696,0.028545,-0.028341,0.428632,-0.371488,0.407799,-0.367614,-0.370835,0.845075
2,PCB,12,0.030566,0.028513,0.025351,0.405393,0.025366,0.451448,-0.025331,-0.375492,0.028508,-0.028430,0.455297,-0.374138,0.405320,-0.373609,-0.375963,0.849616
2,PCB,13,0.026491,0.030994,0.031206,0.374816,0.031203,0.401053,-0.031126,-0.337350,0.030994,-0.030881,0.382978,-0.339410,0.373574,-0.336534,-0.337483,0.780216
3,DMT,0,0.019281,0.026867,0.023780,0.424987,0.023792,0.458735,-0.023699,-0.388677,0.026866,-0.026845,0.453757,-0.389231,0.425089,-0.388750,-0.390315,0.864730
3,DMT,1,0.027108,0.024795,0.022137,0.429146,0.022125,0.484638,-0.022121,-0.397973,0.024777,-0.024749,0.494672,-0.397667,0.430095,-0.397863,-0.398668,0.873731
3,DMT,2,0.025314,0.027341,0.028489,0.401886,0.028525,0.457169,-0.028445,-0.362893,0.027308,-0.027278,0.444522,-0.364954,0.402986,-0.363887,-0.366127,0.830415
3,DMT,3,0.020964,0.022620,0.020852,0.496459,0.020860,0.541895,-0.020836,-0.465357,0.022624,-0.022607,0.540175,-0.464410,0.494791,-0.463143,-0.464154,1.001573
3,DMT,4,0.019966,0.029383,0.028279,0.399065,0.028289,0.439269,-0.028124,-0.356693,0.029506,-0.029303,0.435821,-0.356111,0.399816,-0.357533,-0.356977,0.820844
3,DMT,5,0.016320,0.024155,0.025478,0.397172,0.025480,0.431518,-0.025448,-0.356610,0.024147,-0.024041,0.419872,-0.357471,0.396414,-0.355342,-0.356877,0.804203
3,DMT,6,0.020842,0.027418,0.025855,0.395422,0.025853,0.435809,-0.025826,-0.356724,0.027391,-0.027326,0.427651,-0.357918,0.395739,-0.357418,-0.357919,0.805221
3,DMT,7,0.018283,0.021612,0.022635,0.426834,0.022648,0.493889,-0.022591,-0.392554,0.021589,-0.021582,0.447543,-0.395227,0.427227,-0.392551,-0.395749,0.867028
3,DMT,8,0.016993,0.022675,0.022130,0.421355,0.022098,0.483523,-0.022033,-0.387195,0.022679,-0.022674,0.462594,-0.386515,0.420364,-0.385390,-0.387185,0.849303
3,DMT,9,0.019663,0.022296,0.026197,0.414928,0.026201,0.481746,-0.026124,-0.376057,0.022290,-0.022246,0.454673,-0.377314,0.415087,-0.375536,-0.378030,0.839723
3,DMT,10,0.019056,0.025216,0.029320,0.398691,0.029321,0.443740,-0.029224,-0.353110,0.025158,-0.025123,0.426684,-0.356490,0.398659,-0.354386,-0.355022,0.804124
3,DMT,11,0.018752,0.026630,0.026977,0.389145,0.027009,0.426936,-0.026965,-0.346657,0.026620,-0.026499,0.412747,-0.345949,0.387897,-0.344246,-0.346245,0.788751
3,DMT,12,0.021118,0.026435,0.025362,0.407871,0.025367,0.455423,-0.025329,-0.370542,0.026463,-0.026395,0.451188,-0.371087,0.407540,-0.369997,-0.370447,0.834085
3,DMT,13,0.020826,0.023849,0.024456,0.395182,0.024463,0.436429,-0.024425,-0.363335,0.023838,-0.023809,0.439778,-0.362593,0.394996,-0.362398,-0.362738,0.803068
3,PCB,0,0.019318,0.022157,0.025730,0.440330,0.025698,0.473075,-0.025652,-0.406557,0.022148,-0.022090,0.480372,-0.406233,0.438488,-0.405926,-0.404752,0.889798
3,PCB,1,0.015875,0.021979,0.022868,0.422015,0.022881,0.457898,-0.022815,-0.386862,0.021976,-0.021960,0.462485,-0.386456,0.421805,-0.386711,-0.386210,0.849370
3,PCB,2,0.029187,0.027626,0.029345,0.408056,0.029321,0.455897,-0.029192,-0.369876,0.027633,-0.027519,0.447038,-0.370917,0.407080,-0.370801,-0.369960,0.836496
3,PCB,3,0.018119,0.024723,0.023921,0.404213,0.023909,0.430466,-0.023844,-0.367114,0.024777,-0.024717,0.434618,-0.364746,0.404400,-0.366178,-0.366322,0.822096
3,PCB,4,0.019806,0.026695,0.024859,0.401455,0.024878,0.466773,-0.024820,-0.359961,0.026708,-0.026647,0.444299,-0.360167,0.400106,-0.357894,-0.359188,0.813050
3,PCB,5,0.023128,0.026130,0.025630,0.416291,0.025589,0.469392,-0.025561,-0.378185,0.026137,-0.025999,0.469120,-0.379574,0.415920,-0.379087,-0.379446,0.849043
3,PCB,6,0.024342,0.021352,0.023234,0.466042,0.023240,0.535724,-0.023234,-0.433599,0.021352,-0.021321,0.529993,-0.435981,0.465933,-0.434332,-0.433778,0.949110
3,PCB,7,0.031564,0.025651,0.023675,0.469370,0.023659,0.549667,-0.023659,-0.436707,0.025647,-0.025643,0.530489,-0.437859,0.469658,-0.436732,-0.439544,0.960828
3,PCB,8,0.018612,0.026873,0.026400,0.390552,0.026365,0.434957,-0.026336,-0.346950,0.026891,-0.026800,0.417014,-0.347860,0.391206,-0.349171,-0.349002,0.796847
3,PCB,9,0.025288,0.029442,0.026648,0.401715,0.026648,0.453578,-0.026573,-0.362134,0.029426,-0.029315,0.456056,-0.362422,0.403191,-0.362839,-0.363409,0.820061
3,PCB,10,0.025564,0.027469,0.027241,0.439179,0.027272,0.500911,-0.027126,-0.402290,0.027475,-0.027337,0.480561,-0.403002,0.439811,-0.402167,-0.403940,0.896127
3,PCB,11,0.017385,0.023928,0.024682,0.422179,0.024694,0.457494,-0.024682,-0.383109,0.023923,-0.023913,0.443482,-0.385404,0.422320,-0.384577,-0.384389,0.852133
3,PCB,12,0.023247,0.023537,0.022117,0.468629,0.022097,0.516849,-0.022089,-0.437033,0.023539,-0.023507,0.519676,-0.437276,0.468734,-0.437734,-0.436695,0.953874
3,PCB,13,0.020448,0.028317,0.023183,0.412839,0.023176,0.452571,-0.023156,-0.376109,0.028287,-0.028209,0.443422,-0.376512,0.411688,-0.375274,-0.376207,0.840954
4,DMT,0,0.023009,0.026170,0.023429,0.464734,0.023445,0.509880,-0.023417,-0.431190,0.026172,-0.026141,0.495413,-0.431754,0.463428,-0.429724,-0.432244,0.946416
4,DMT,1,0.024736,0.030576,0.030629,0.394012,0.030553,0.438290,-0.030407,-0.352295,0.030609,-0.030437,0.426528,-0.352490,0.395283,-0.353910,-0.353518,0.806276
4,DMT,2,0.019667,0.024191,0.022425,0.422844,0.022432,0.458360,-0.022421,-0.390336,0.024207,-0.024178,0.467370,-0.389211,0.423678,-0.389069,-0.390362,0.862213
4,DMT,3,0.020661,0.029178,0.024780,0.410442,0.024791,0.443754,-0.024753,-0.368544,0.029178,-0.029117,0.439953,-0.368864,0.409711,-0.366758,-0.368147,0.826271
4,DMT,4,0.016917,0.024596,0.027672,0.394564,0.027628,0.427633,-0.027383,-0.352667,0.024623,-0.024506,0.417665,-0.353280,0.394464,-0.353837,-0.353473,0.798750
4,DMT,5,0.024395,0.037468,0.032654,0.354062,0.032492,0.371581,-0.032223,-0.309337,0.037441,-0.037324,0.368673,-0.307918,0.354906,-0.308146,-0.309404,0.727106
4,DMT,6,0.028280,0.044662,0.038116,0.336227,0.038110,0.358318,-0.037317,-0.278400,0.044834,-0.043926,0.344220,-0.281323,0.337311,-0.280748,-0.279695,0.702918
4,DMT,7,0.021070,0.028404,0.028458,0.397723,0.028448,0.428650,-0.028280,-0.354037,0.028421,-0.028379,0.416406,-0.353574,0.398209,-0.353659,-0.355907,0.810235
4,DMT,8,0.019506,0.026624,0.030494,0.366441,0.030434,0.401977,-0.030289,-0.324723,0.026616,-0.026595,0.383351,-0.322440,0.366954,-0.322202,-0.325482,0.758751
4,DMT,9,0.029278,0.028199,0.026106,0.427193,0.026085,0.468510,-0.025957,-0.392718,0.028205,-0.028131,0.474430,-0.391794,0.426656,-0.390261,-0.392152,0.874434
4,DMT,10,0.025778,0.025769,0.024457,0.437965,0.024486,0.487857,-0.024440,-0.405020,0.025787,-0.025707,0.488843,-0.404829,0.438866,-0.405438,-0.405598,0.894675
4,DMT,11,0.021941,0.025905,0.029904,0.404247,0.029982,0.436932,-0.029655,-0.366184,0.025893,-0.025824,0.442417,-0.364797,0.404536,-0.364592,-0.365914,0.833132
4,DMT,12,0.024805,0.030104,0.028547,0.405624,0.028539,0.435132,-0.028459,-0.364746,0.030119,-0.029996,0.456861,-0.361131,0.405787,-0.364208,-0.362269,0.825751
4,DMT,13,0.019537,0.026710,0.026397,0.396573,0.026465,0.449260,-0.026350,-0.356112,0.026658,-0.026604,0.428338,-0.357625,0.395951,-0.354965,-0.357568,0.805513
4,PCB,0,0.025143,0.031550,0.030394,0.387381,0.030371,0.414598,-0.030141,-0.345114,0.031464,-0.031221,0.413092,-0.345777,0.388265,-0.347059,-0.346741,0.810523
4,PCB,1,0.033771,0.026932,0.026495,0.431047,0.026471,0.481482,-0.026403,-0.400685,0.026978,-0.026894,0.487082,-0.399808,0.431265,-0.400314,-0.400624,0.889466
4,PCB,2,0.038325,0.028941,0.025597,0.429197,0.025576,0.502999,-0.025501,-0.398485,0.028950,-0.028936,0.500974,-0.395782,0.428318,-0.395928,-0.397348,0.886937
4,PCB,3,0.032057,0.029535,0.031664,0.403452,0.031690,0.451531,-0.031564,-0.365270,0.029563,-0.029474,0.431954,-0.368547,0.403744,-0.367964,-0.367479,0.839047
4,PCB,4,0.023446,0.038818,0.036778,0.320984,0.036853,0.337660,-0.036296,-0.265418,0.038838,-0.038096,0.319791,-0.267684,0.319481,-0.264146,-0.265652,0.655112
4,PCB,5,0.022127,0.031695,0.031670,0.364293,0.031666,0.380753,-0.031290,-0.319267,0.031803,-0.031496,0.382641,-0.318587,0.364694,-0.319075,-0.320005,0.753069
4,PCB,6,0.026231,0.028163,0.032987,0.393784,0.033041,0.424019,-0.032940,-0.355907,0.028191,-0.027966,0.416617,-0.356398,0.393541,-0.355497,-0.356300,0.813861
4,PCB,7,0.029472,0.033478,0.029105,0.411389,0.029115,0.465368,-0.029052,-0.369794,0.033430,-0.033348,0.447582,-0.371011,0.410475,-0.368946,-0.370725,0.846488
4,PCB,8,0.025716,0.027862,0.026237,0.398260,0.026265,0.467501,-0.026114,-0.359745,0.027934,-0.027647,0.438582,-0.361569,0.398430,-0.358890,-0.363386,0.817397
4,PCB,9,0.031915,0.030823,0.030803,0.395721,0.030838,0.474382,-0.030730,-0.357256,0.030820,-0.030746,0.430827,-0.358587,0.396378,-0.356706,-0.360769,0.821595
4,PCB,10,0.021508,0.024930,0.024528,0.424136,0.024510,0.478414,-0.024498,-0.386946,0.024912,-0.024868,0.465693,-0.389337,0.422841,-0.387689,-0.386553,0.865222
4,PCB,11,0.018908,0.023782,0.023655,0.408421,0.023656,0.462357,-0.023594,-0.376952,0.023784,-0.023715,0.443222,-0.377199,0.407999,-0.375411,-0.377044,0.836651
4,PCB,12,0.017000,0.022311,0.023424,0.392779,0.023390,0.456031,-0.023310,-0.358573,0.022339,-0.022181,0.418975,-0.359935,0.393182,-0.358947,-0.360493,0.803539
4,PCB,13,0.018741,0.023578,0.028485,0.378014,0.028430,0.412670,-0.028349,-0.340669,0.023583,-0.023505,0.403399,-0.342748,0.378298,-0.341734,-0.341384,0.775452
5,DMT,0,0.017461,0.025072,0.023210,0.427819,0.023218,0.467943,-0.023208,-0.390080,0.025105,-0.025046,0.462681,-0.390375,0.428332,-0.390103,-0.391081,0.866900
5,DMT,1,0.037123,0.033039,0.031933,0.410012,0.032005,0.470522,-0.031776,-0.371811,0.033037,-0.032994,0.433482,-0.374267,0.410713,-0.372102,-0.375086,0.848865
5,DMT,2,0.022290,0.026921,0.027735,0.388810,0.027701,0.430291,-0.027649,-0.349405,0.026901,-0.026865,0.420740,-0.352149,0.388078,-0.349869,-0.349646,0.795233
5,DMT,3,0.028168,0.028398,0.033145,0.422264,0.033162,0.476569,-0.033003,-0.381695,0.028404,-0.028368,0.450580,-0.385226,0.423578,-0.383802,-0.383919,0.867709
5,DMT,4,0.025130,0.025980,0.026162,0.460030,0.026140,0.534082,-0.026114,-0.420647,0.025958,-0.025957,0.506209,-0.424177,0.458526,-0.420760,-0.422633,0.930932
5,DMT,5,0.017896,0.028259,0.030172,0.385768,0.030202,0.411079,-0.030066,-0.338105,0.028228,-0.028085,0.393632,-0.337846,0.383803,-0.333715,-0.337931,0.782039
5,DMT,6,0.016257,0.027078,0.025011,0.370818,0.025070,0.405099,-0.024982,-0.325739,0.027081,-0.026953,0.378253,-0.328776,0.372031,-0.327134,-0.329984,0.753355
5,DMT,7,0.018632,0.025763,0.022962,0.415429,0.022990,0.458693,-0.022916,-0.378448,0.025783,-0.025761,0.445075,-0.378788,0.415234,-0.377465,-0.379550,0.837858
5,DMT,8,0.017647,0.024559,0.026580,0.405197,0.026611,0.429630,-0.026569,-0.364404,0.024568,-0.024514,0.431023,-0.364910,0.405806,-0.365886,-0.365360,0.817052
5,DMT,9,0.014966,0.022306,0.023311,0.404299,0.023317,0.441362,-0.023306,-0.365738,0.022300,-0.022291,0.449054,-0.367059,0.403785,-0.366311,-0.365776,0.812764
5,DMT,10,0.019205,0.026731,0.028865,0.421317,0.028864,0.434606,-0.028840,-0.378521,0.026706,-0.026629,0.454274,-0.377268,0.421304,-0.378739,-0.376885,0.850371
5,DMT,11,0.017586,0.029312,0.030261,0.350730,0.030152,0.351715,-0.029822,-0.302029,0.029338,-0.029028,0.365527,-0.300305,0.350287,-0.301390,-0.300934,0.707827
5,DMT,12,0.017482,0.026721,0.024576,0.417225,0.024589,0.441951,-0.024508,-0.377984,0.026766,-0.026695,0.447824,-0.377469,0.417581,-0.378036,-0.378084,0.844164
5,DMT,13,0.020884,0.027869,0.026874,0.396137,0.026885,0.422585,-0.026828,-0.354350,0.027875,-0.027834,0.415920,-0.355039,0.394933,-0.352333,-0.354371,0.798710
5,PCB,0,0.018310,0.026540,0.024937,0.394404,0.024993,0.425533,-0.024838,-0.354037,0.026572,-0.026450,0.426475,-0.355010,0.395590,-0.355564,-0.354736,0.807076
5,PCB,1,0.021427,0.024434,0.028861,0.399124,0.028863,0.448608,-0.028823,-0.357926,0.024454,-0.024428,0.435479,-0.360506,0.399194,-0.359647,-0.359928,0.809534
5,PCB,2,0.014975,0.022943,0.024043,0.402710,0.024041,0.429849,-0.023985,-0.365258,0.022951,-0.022937,0.432642,-0.364937,0.402614,-0.364252,-0.364877,0.814521
5,PCB,3,0.024848,0.026713,0.026462,0.405274,0.026472,0.454011,-0.026439,-0.367472,0.026688,-0.026632,0.449126,-0.369734,0.405488,-0.367944,-0.368748,0.828451
5,PCB,4,0.021621,0.024003,0.023939,0.452907,0.023953,0.498643,-0.023931,-0.418338,0.024027,-0.023947,0.493915,-0.419460,0.452788,-0.419105,-0.419018,0.916191
5,PCB,5,0.038799,0.033687,0.026215,0.412381,0.026222,0.468040,-0.026162,-0.380514,0.033699,-0.033646,0.488878,-0.377146,0.415359,-0.380636,-0.381335,0.843718
5,PCB,6,0.038667,0.046999,0.038106,0.326928,0.038164,0.328463,-0.037561,-0.283870,0.047007,-0.046376,0.331199,-0.282905,0.326762,-0.283271,-0.283765,0.721369
5,PCB,7,0.017836,0.029101,0.023942,0.400756,0.024000,0.445558,-0.023918,-0.359404,0.029149,-0.029012,0.418717,-0.360550,0.400693,-0.357897,-0.360481,0.814370
5,PCB,8,0.024848,0.027214,0.028400,0.417296,0.028452,0.464010,-0.028364,-0.377556,0.027229,-0.027177,0.459803,-0.378972,0.418733,-0.379732,-0.379411,0.844633
5,PCB,9,0.023212,0.022939,0.028654,0.410933,0.028676,0.452723,-0.028499,-0.374782,0.022911,-0.022858,0.468680,-0.375862,0.408840,-0.373763,-0.373345,0.836504
5,PCB,10,0.018456,0.024171,0.021713,0.411350,0.021684,0.474226,-0.021660,-0.373031,0.024081,-0.024020,0.440824,-0.377741,0.411532,-0.374849,-0.377005,0.833356
5,PCB,11,0.017778,0.023759,0.022864,0.413704,0.022889,0.481211,-0.022857,-0.375565,0.023757,-0.023707,0.450881,-0.377039,0.413808,-0.374968,-0.377100,0.835774
5,PCB,12,0.017127,0.023443,0.024622,0.409718,0.024575,0.441396,-0.024524,-0.369732,0.023458,-0.023436,0.428941,-0.371050,0.409600,-0.370275,-0.370719,0.827572
5,PCB,13,0.022475,0.025917,0.025779,0.389456,0.025767,0.436828,-0.025719,-0.353885,0.025858,-0.025722,0.425223,-0.354633,0.389743,-0.353639,-0.355053,0.790447
6,DMT,0,0.023297,0.028101,0.029692,0.415106,0.029725,0.444794,-0.029615,-0.371940,0.028093,-0.028008,0.457745,-0.371739,0.417022,-0.375117,-0.373033,0.853913
6,DMT,1,0.033105,0.027233,0.024683,0.429350,0.024681,0.484350,-0.024617,-0.398061,0.027195,-0.027153,0.477666,-0.397989,0.428474,-0.396077,-0.398151,0.891802
6,DMT,2,0.058781,0.030875,0.038355,0.411655,0.038302,0.483083,-0.038065,-0.376962,0.030952,-0.030736,0.501398,-0.376324,0.412128,-0.377732,-0.376410,0.860993
6,DMT,3,0.027076,0.035003,0.026822,0.382890,0.026774,0.427412,-0.026635,-0.342403,0.035016,-0.034844,0.404225,-0.345346,0.382943,-0.344394,-0.345210,0.797739
6,DMT,4,0.019171,0.028662,0.026621,0.381430,0.026678,0.422101,-0.026532,-0.339404,0.028667,-0.028397,0.419153,-0.339232,0.380662,-0.336995,-0.340095,0.778400
6,DMT,5,0.016910,0.027479,0.029683,0.348803,0.029579,0.371184,-0.029297,-0.307454,0.027532,-0.027260,0.377132,-0.305385,0.349330,-0.307232,-0.307172,0.718778
6,DMT,6,0.016995,0.025015,0.025853,0.380395,0.025829,0.418871,-0.025740,-0.340713,0.025051,-0.024945,0.407044,-0.340393,0.380769,-0.340726,-0.341260,0.772456
6,DMT,7,0.021861,0.027783,0.031700,0.375181,0.031629,0.400114,-0.031501,-0.329380,0.027834,-0.027691,0.409822,-0.331730,0.374429,-0.331668,-0.327174,0.760767
6,DMT,8,0.020552,0.026032,0.026648,0.397533,0.026661,0.438900,-0.026609,-0.361816,0.026067,-0.025853,0.426177,-0.362094,0.397847,-0.361687,-0.362897,0.808302
6,DMT,9,0.021644,0.027022,0.026912,0.388862,0.026903,0.427345,-0.026810,-0.349892,0.027029,-0.026928,0.432338,-0.348884,0.388789,-0.349099,-0.349856,0.791620
6,DMT,10,0.021710,0.025137,0.028226,0.398144,0.028223,0.449592,-0.028136,-0.359186,0.025137,-0.025118,0.409154,-0.363097,0.398236,-0.360260,-0.362311,0.810438
6,DMT,11,0.019613,0.029299,0.030989,0.358494,0.030925,0.369050,-0.030667,-0.313867,0.029244,-0.029126,0.362755,-0.314487,0.357764,-0.313094,-0.313848,0.737635
6,DMT,12,0.020262,0.033393,0.033959,0.344218,0.033981,0.367451,-0.033231,-0.293886,0.033391,-0.032822,0.347735,-0.294512,0.342830,-0.291478,-0.292886,0.703586
6,DMT,13,0.025523,0.034805,0.032775,0.351338,0.032658,0.374733,-0.032152,-0.311548,0.034619,-0.034300,0.377651,-0.309935,0.350113,-0.308859,-0.310325,0.726776
6,PCB,0,0.023584,0.028943,0.032821,0.385051,0.032908,0.417313,-0.032709,-0.342094,0.028963,-0.028770,0.397609,-0.343150,0.385316,-0.340133,-0.344182,0.793508
6,PCB,1,0.034482,0.028699,0.030036,0.412904,0.030115,0.459608,-0.029980,-0.379800,0.028737,-0.028652,0.455489,-0.380321,0.412983,-0.379670,-0.379586,0.861286
6,PCB,2,0.032572,0.034149,0.035207,0.414564,0.035098,0.430286,-0.034892,-0.373707,0.034175,-0.033974,0.448434,-0.373379,0.415221,-0.375837,-0.374642,0.860819
6,PCB,3,0.032469,0.031513,0.039274,0.393155,0.039464,0.408961,-0.039093,-0.351341,0.031597,-0.031339,0.408783,-0.350340,0.392426,-0.351514,-0.349334,0.816865
6,PCB,4,0.023770,0.036970,0.033569,0.340069,0.033513,0.343179,-0.033206,-0.294032,0.036924,-0.036335,0.355887,-0.293020,0.340809,-0.293994,-0.294043,0.708933
6,PCB,5,0.030368,0.038583,0.038308,0.334317,0.038084,0.329209,-0.037275,-0.286226,0.038473,-0.037907,0.349656,-0.285794,0.333167,-0.286186,-0.283742,0.718182
6,PCB,6,0.028025,0.030226,0.032718,0.382997,0.032757,0.403233,-0.032488,-0.346029,0.030273,-0.030002,0.417996,-0.345366,0.382859,-0.345942,-0.345052,0.805183
6,PCB,7,0.029984,0.029013,0.030673,0.385721,0.030617,0.419702,-0.030490,-0.354318,0.029055,-0.028915,0.437173,-0.353113,0.385941,-0.354537,-0.353389,0.819775
6,PCB,8,0.025452,0.037572,0.031149,0.339306,0.031226,0.364571,-0.030848,-0.294090,0.037623,-0.036964,0.351588,-0.294824,0.339374,-0.293451,-0.294584,0.715237
6,PCB,9,0.037291,0.025558,0.029948,0.436433,0.029972,0.504027,-0.029915,-0.408143,0.025587,-0.025408,0.475797,-0.409067,0.436656,-0.407717,-0.409028,0.912178
6,PCB,10,0.020553,0.029001,0.028164,0.369622,0.028167,0.393289,-0.027943,-0.326809,0.029014,-0.028814,0.384203,-0.329500,0.369731,-0.328774,-0.327521,0.763618
6,PCB,11,0.022552,0.028222,0.029782,0.376507,0.029738,0.407642,-0.029609,-0.335418,0.028156,-0.028056,0.401513,-0.337675,0.376955,-0.337880,-0.336115,0.773215
6,PCB,12,0.021931,0.032823,0.031612,0.351766,0.031544,0.363528,-0.031355,-0.305211,0.032801,-0.032414,0.390140,-0.304249,0.352349,-0.305875,-0.304671,0.727071
6,PCB,13,0.025495,0.036943,0.036335,0.342524,0.036272,0.364099,-0.035659,-0.295328,0.036837,-0.036217,0.354030,-0.292646,0.341997,-0.292951,-0.296056,0.706979
7,DMT,0,0.018675,0.027014,0.025251,0.425579,0.025202,0.452305,-0.025144,-0.386796,0.027017,-0.026927,0.451192,-0.386353,0.424711,-0.385968,-0.386637,0.864989
7,DMT,1,0.026513,0.026955,0.027887,0.441475,0.027840,0.492666,-0.027690,-0.401220,0.026931,-0.026818,0.490042,-0.402250,0.441555,-0.401817,-0.400979,0.895961
7,DMT,2,0.022796,0.031691,0.030046,0.396975,0.029952,0.439273,-0.029711,-0.349918,0.031629,-0.031243,0.442301,-0.351629,0.395886,-0.350621,-0.348782,0.811685
7,DMT,3,0.043329,0.028094,0.026594,0.495527,0.026617,0.576635,-0.026562,-0.465260,0.028088,-0.028048,0.559539,-0.464351,0.495527,-0.463904,-0.465206,1.005818
7,DMT,4,0.019765,0.028996,0.031692,0.359235,0.031631,0.367402,-0.031338,-0.310581,0.029005,-0.028864,0.388704,-0.309358,0.359420,-0.311319,-0.309181,0.727909
7,DMT,5,0.015763,0.025564,0.026544,0.382522,0.026558,0.403513,-0.026488,-0.341544,0.025560,-0.025521,0.395702,-0.342892,0.382757,-0.342528,-0.342602,0.773346
7,DMT,6,0.017901,0.029269,0.028487,0.389784,0.028448,0.414753,-0.028361,-0.343452,0.029242,-0.029215,0.386457,-0.344288,0.388849,-0.341194,-0.344859,0.785757
7,DMT,7,0.019274,0.033725,0.033719,0.327762,0.033714,0.341324,-0.033254,-0.270272,0.033810,-0.032795,0.341984,-0.273335,0.328562,-0.274530,-0.271076,0.668614
7,DMT,8,0.019048,0.031866,0.033369,0.341750,0.033438,0.345921,-0.032831,-0.285994,0.031940,-0.031428,0.348629,-0.286318,0.341639,-0.285598,-0.285580,0.688358
7,DMT,9,0.019343,0.035054,0.030429,0.330016,0.030446,0.333170,-0.030113,-0.276999,0.035138,-0.034477,0.338391,-0.275198,0.329847,-0.275495,-0.276573,0.672560
7,DMT,10,0.022981,0.029345,0.028671,0.377576,0.028645,0.427703,-0.028560,-0.337939,0.029124,-0.029021,0.396345,-0.339519,0.376577,-0.337230,-0.341246,0.786967
7,DMT,11,0.023108,0.025078,0.028049,0.390317,0.027981,0.432221,-0.027830,-0.354484,0.025128,-0.024961,0.415844,-0.356597,0.391616,-0.356053,-0.356454,0.804660
7,DMT,12,0.022076,0.026664,0.029043,0.388269,0.029063,0.440983,-0.028933,-0.349134,0.026582,-0.026489,0.417667,-0.350605,0.388065,-0.348150,-0.351082,0.807920
7,DMT,13,0.021574,0.026856,0.029558,0.356364,0.029518,0.402838,-0.029373,-0.317749,0.026827,-0.026734,0.375114,-0.320226,0.355706,-0.317192,-0.319970,0.737365
7,PCB,0,0.023961,0.029301,0.032878,0.396039,0.032854,0.437731,-0.032607,-0.350016,0.029261,-0.029144,0.449775,-0.347813,0.395544,-0.348123,-0.348265,0.813425
7,PCB,1,0.034067,0.042785,0.044947,0.347767,0.045008,0.357389,-0.043917,-0.291945,0.042600,-0.041710,0.373335,-0.292347,0.347687,-0.292724,-0.293522,0.740285
7,PCB,2,0.021285,0.032370,0.033816,0.379700,0.033869,0.408190,-0.033556,-0.327928,0.032316,-0.031879,0.401375,-0.329787,0.380460,-0.330065,-0.328534,0.781208
7,PCB,3,0.036026,0.029472,0.031906,0.442614,0.031860,0.499108,-0.031832,-0.405660,0.029481,-0.029444,0.478805,-0.408507,0.442298,-0.405982,-0.407267,0.911050
7,PCB,4,0.018364,0.027348,0.026752,0.391449,0.026694,0.415215,-0.026545,-0.350430,0.027428,-0.027194,0.415214,-0.349182,0.392509,-0.351080,-0.350720,0.797583
7,PCB,5,0.033561,0.025498,0.029007,0.433957,0.029022,0.500981,-0.028921,-0.403177,0.025505,-0.025451,0.481184,-0.404299,0.432855,-0.402380,-0.402691,0.890975
7,PCB,6,0.030269,0.036545,0.038056,0.363348,0.038072,0.441524,-0.037335,-0.304605,0.036338,-0.035679,0.386498,-0.312829,0.364260,-0.306756,-0.313208,0.753740
7,PCB,7,0.030116,0.026400,0.029504,0.441559,0.029465,0.476533,-0.029420,-0.405736,0.026402,-0.026191,0.506075,-0.405782,0.440815,-0.408131,-0.403126,0.903468
7,PCB,8,0.029249,0.023119,0.022649,0.498593,0.022650,0.552930,-0.022599,-0.469845,0.023115,-0.023078,0.548838,-0.470913,0.498399,-0.470069,-0.469641,1.021899
7,PCB,9,0.043304,0.026293,0.032109,0.471765,0.032174,0.536537,-0.032049,-0.436468,0.026300,-0.026269,0.534815,-0.435836,0.470643,-0.436647,-0.435966,0.969366
7,PCB,10,0.042024,0.023185,0.028851,0.463279,0.028845,0.566490,-0.028845,-0.432436,0.023171,-0.023171,0.517732,-0.436025,0.464286,-0.435102,-0.436223,0.951347
7,PCB,11,0.030139,0.027105,0.026236,0.480042,0.026244,0.570932,-0.026172,-0.442053,0.027122,-0.027031,0.503521,-0.447306,0.480663,-0.443563,-0.447620,0.977414
7,PCB,12,0.028373,0.025015,0.026781,0.498049,0.026819,0.558319,-0.026678,-0.462517,0.025025,-0.025006,0.535723,-0.462523,0.498446,-0.462759,-0.463408,1.013826
7,PCB,13,0.024746,0.025138,0.026885,0.437761,0.026929,0.497855,-0.026841,-0.403458,0.025070,-0.024959,0.475813,-0.402592,0.435636,-0.398827,-0.402066,0.892197
8,DMT,0,0.021068,0.023332,0.027749,0.401653,0.027762,0.432402,-0.027684,-0.367037,0.023364,-0.023273,0.441962,-0.366052,0.402617,-0.368587,-0.367565,0.836448
8,DMT,1,0.027268,0.028539,0.028035,0.441511,0.027971,0.489744,-0.027889,-0.405004,0.028571,-0.028460,0.479990,-0.405091,0.441816,-0.403972,-0.406415,0.901235
8,DMT,2,0.036588,0.032865,0.030963,0.422641,0.031041,0.474968,-0.030892,-0.386496,0.032738,-0.032612,0.457847,-0.385527,0.423819,-0.385689,-0.389683,0.879317
8,DMT,3,0.042193,0.028592,0.037592,0.440867,0.037602,0.512602,-0.037300,-0.404709,0.028509,-0.028342,0.468467,-0.409183,0.443949,-0.409513,-0.408440,0.920108
8,DMT,4,0.017771,0.028942,0.025967,0.367138,0.025863,0.391281,-0.025706,-0.322366,0.029169,-0.028712,0.402063,-0.322363,0.366877,-0.323796,-0.321000,0.750046
8,DMT,5,0.022526,0.028214,0.030426,0.379598,0.030420,0.401828,-0.030289,-0.339980,0.028221,-0.028167,0.406224,-0.338375,0.378323,-0.337296,-0.337837,0.772833
8,DMT,6,0.016280,0.028152,0.027466,0.368489,0.027439,0.394137,-0.027275,-0.323577,0.028164,-0.028039,0.393434,-0.321453,0.367974,-0.321309,-0.323247,0.743614
8,DMT,7,0.017160,0.024047,0.026416,0.396561,0.026429,0.441130,-0.026277,-0.357637,0.024060,-0.023969,0.416338,-0.358370,0.396985,-0.357937,-0.359040,0.805837
8,DMT,8,0.018065,0.025097,0.028751,0.380073,0.028769,0.409234,-0.028546,-0.337284,0.025080,-0.025069,0.393234,-0.338862,0.380464,-0.338353,-0.339720,0.774409
8,DMT,9,0.020107,0.027455,0.030881,0.380315,0.030808,0.403085,-0.030672,-0.340555,0.027447,-0.027418,0.406551,-0.340191,0.379719,-0.340571,-0.338608,0.780636
8,DMT,10,0.020229,0.026843,0.027222,0.429139,0.027288,0.459516,-0.027124,-0.389705,0.026839,-0.026750,0.451239,-0.389675,0.427875,-0.387495,-0.389094,0.865094
8,DMT,11,0.017869,0.029438,0.025707,0.388177,0.025742,0.409623,-0.025662,-0.347270,0.029470,-0.029327,0.397160,-0.348175,0.387768,-0.346861,-0.347678,0.785713
8,DMT,12,0.019637,0.029872,0.030232,0.370444,0.030274,0.399568,-0.029927,-0.324600,0.029903,-0.029554,0.399105,-0.324813,0.369035,-0.321788,-0.324295,0.749139
8,DMT,13,0.022626,0.030350,0.032134,0.367414,0.032103,0.393195,-0.032015,-0.325631,0.030360,-0.030126,0.376227,-0.327639,0.368308,-0.327231,-0.328445,0.752978
8,PCB,0,0.021527,0.027358,0.029288,0.400520,0.029320,0.438770,-0.029124,-0.356698,0.027325,-0.027157,0.424325,-0.360616,0.400143,-0.358051,-0.358441,0.827669
8,PCB,1,0.017593,0.023525,0.022039,0.418928,0.022069,0.454009,-0.022037,-0.384931,0.023579,-0.023487,0.446286,-0.385869,0.419315,-0.385196,-0.385332,0.852439
8,PCB,2,0.022036,0.030455,0.030400,0.377819,0.030416,0.397481,-0.030084,-0.332949,0.030446,-0.030249,0.418873,-0.331864,0.378854,-0.334618,-0.332630,0.783350
8,PCB,3,0.034119,0.034647,0.034495,0.422275,0.034539,0.453428,-0.034305,-0.377098,0.034696,-0.034561,0.473445,-0.374682,0.423812,-0.378413,-0.375489,0.864729
8,PCB,4,0.019257,0.030247,0.025514,0.390566,0.025650,0.421905,-0.025365,-0.348255,0.030238,-0.030078,0.417999,-0.347090,0.390362,-0.345560,-0.349402,0.788724
8,PCB,5,0.022209,0.026076,0.024665,0.401350,0.024715,0.447306,-0.024640,-0.369164,0.026057,-0.026008,0.432964,-0.369424,0.401376,-0.368643,-0.369561,0.824481
8,PCB,6,0.018428,0.027808,0.026273,0.404996,0.026255,0.444736,-0.026211,-0.361388,0.027746,-0.027695,0.418162,-0.363954,0.403612,-0.361343,-0.362430,0.814021
8,PCB,7,0.021392,0.024307,0.023915,0.419756,0.023883,0.474828,-0.023852,-0.386156,0.024325,-0.024290,0.451048,-0.388344,0.420679,-0.387596,-0.389238,0.863141
8,PCB,8,0.026645,0.023776,0.023344,0.457168,0.023331,0.527194,-0.023329,-0.423677,0.023772,-0.023772,0.504364,-0.426277,0.455306,-0.422968,-0.424714,0.922701
8,PCB,9,0.027503,0.024424,0.023162,0.472715,0.023146,0.546429,-0.023102,-0.441525,0.024424,-0.024417,0.496913,-0.444376,0.472072,-0.441416,-0.442631,0.958335
8,PCB,10,0.023964,0.036027,0.036673,0.351673,0.036575,0.367143,-0.036007,-0.298775,0.036120,-0.035308,0.375651,-0.298466,0.349668,-0.298126,-0.294303,0.724650
8,PCB,11,0.018586,0.024202,0.027798,0.407462,0.027805,0.447583,-0.027656,-0.366929,0.024216,-0.024013,0.406315,-0.371084,0.408665,-0.367664,-0.371563,0.831008
8,PCB,12,0.033314,0.027703,0.030071,0.464229,0.030047,0.532993,-0.030014,-0.427680,0.027680,-0.027643,0.501745,-0.428965,0.463499,-0.426950,-0.427720,0.940731
8,PCB,13,0.028915,0.025251,0.025023,0.438564,0.025088,0.516424,-0.025015,-0.408498,0.025208,-0.025187,0.472240,-0.411059,0.437898,-0.408880,-0.409962,0.904873
9,DMT,0,0.031125,0.027608,0.027225,0.388889,0.027240,0.451563,-0.027179,-0.358107,0.027503,-0.026927,0.422747,-0.360544,0.388355,-0.357601,-0.359196,0.819058
9,DMT,1,0.034111,0.032804,0.025033,0.409730,0.025106,0.488206,-0.025012,-0.373899,0.032840,-0.032686,0.429919,-0.375569,0.411124,-0.374307,-0.377302,0.851459
9,DMT,2,0.021239,0.028844,0.028766,0.372360,0.028850,0.413688,-0.028548,-0.329633,0.028857,-0.028740,0.390143,-0.334536,0.373399,-0.333709,-0.332760,0.777044
9,DMT,3,0.021806,0.025213,0.028850,0.421481,0.028796,0.486487,-0.028658,-0.381846,0.025146,-0.025137,0.441448,-0.383794,0.421855,-0.382634,-0.384813,0.859271
9,DMT,4,0.034216,0.042748,0.042369,0.336420,0.042857,0.360783,-0.041225,-0.280876,0.042722,-0.041506,0.336749,-0.286021,0.337298,-0.283791,-0.286380,0.733272
9,DMT,5,0.020277,0.029266,0.028756,0.336755,0.028816,0.347155,-0.028555,-0.297055,0.029265,-0.029062,0.354416,-0.296197,0.336039,-0.295688,-0.296234,0.694791
9,DMT,6,0.018017,0.028184,0.029828,0.367543,0.029871,0.383285,-0.029679,-0.323778,0.028214,-0.028004,0.378129,-0.324755,0.367991,-0.324423,-0.324560,0.746412
9,DMT,7,0.025247,0.041727,0.039716,0.312512,0.039693,0.324139,-0.038747,-0.246774,0.041427,-0.040372,0.305789,-0.249894,0.311243,-0.247456,-0.249164,0.644519
9,DMT,8,0.028592,0.035433,0.038141,0.337294,0.038298,0.363659,-0.037416,-0.289962,0.035206,-0.034788,0.343710,-0.291334,0.336704,-0.288876,-0.291291,0.709140
9,DMT,9,0.024524,0.033428,0.038699,0.353055,0.038634,0.380907,-0.038347,-0.301420,0.033412,-0.032835,0.371337,-0.300595,0.351479,-0.300060,-0.300386,0.724349
9,DMT,10,0.028633,0.034090,0.031803,0.387468,0.031719,0.418963,-0.031600,-0.344333,0.034022,-0.033948,0.415051,-0.344912,0.385856,-0.343301,-0.343053,0.796157
9,DMT,11,0.033974,0.037443,0.027078,0.414453,0.027051,0.463845,-0.026923,-0.375840,0.037314,-0.037151,0.445730,-0.373140,0.411914,-0.369911,-0.375840,0.844741
9,DMT,12,0.027220,0.029886,0.030711,0.438337,0.030810,0.490348,-0.030539,-0.397161,0.029887,-0.029813,0.457729,-0.399854,0.437463,-0.396723,-0.398456,0.898599
9,DMT,13,0.033076,0.029142,0.033136,0.462314,0.033083,0.484671,-0.033036,-0.425611,0.029134,-0.029070,0.509527,-0.425439,0.462955,-0.427673,-0.424908,0.946655
9,PCB,0,0.024996,0.045382,0.037029,0.351410,0.036933,0.344027,-0.036078,-0.287433,0.045312,-0.044580,0.357473,-0.282411,0.352503,-0.284719,-0.287036,0.706989
9,PCB,1,0.028834,0.046171,0.040468,0.327456,0.040628,0.349669,-0.038517,-0.265363,0.045761,-0.044223,0.338790,-0.268053,0.327176,-0.267366,-0.267639,0.694888
9,PCB,2,0.039735,0.035396,0.038802,0.439254,0.038791,0.472006,-0.038646,-0.395340,0.035317,-0.035045,0.476592,-0.396908,0.439036,-0.395798,-0.395624,0.894595
9,PCB,3,0.022757,0.028425,0.032074,0.382412,0.032128,0.423138,-0.031861,-0.339888,0.028417,-0.028314,0.398792,-0.341221,0.382571,-0.338713,-0.342136,0.793654
9,PCB,4,0.025203,0.038316,0.030006,0.360587,0.030060,0.395579,-0.029829,-0.313038,0.038209,-0.037740,0.373050,-0.315140,0.359394,-0.312491,-0.314707,0.744750
9,PCB,5,0.026373,0.026664,0.026867,0.442490,0.026878,0.496266,-0.026845,-0.409072,0.026654,-0.026627,0.472767,-0.409884,0.442213,-0.408391,-0.410797,0.905962
9,PCB,6,0.023157,0.026898,0.027973,0.390072,0.028064,0.440372,-0.027768,-0.348184,0.026837,-0.026453,0.411424,-0.353067,0.390859,-0.350175,-0.352370,0.800394
9,PCB,7,0.021015,0.026327,0.029027,0.368074,0.029066,0.401996,-0.028790,-0.329554,0.026339,-0.026251,0.384456,-0.330907,0.367672,-0.328674,-0.331016,0.756452
9,PCB,8,0.023768,0.027113,0.026209,0.410587,0.026229,0.469242,-0.026119,-0.374423,0.027160,-0.027062,0.439130,-0.374830,0.410867,-0.373238,-0.375214,0.842079
9,PCB,9,0.026423,0.046828,0.039609,0.336519,0.039750,0.331278,-0.039070,-0.269005,0.046886,-0.045776,0.341390,-0.267690,0.338893,-0.268873,-0.271779,0.697175
9,PCB,10,0.025591,0.031080,0.030326,0.407844,0.030372,0.458297,-0.030008,-0.361541,0.031180,-0.030941,0.436263,-0.360863,0.408007,-0.359126,-0.362327,0.831199
9,PCB,11,0.019206,0.022963,0.022127,0.428679,0.022088,0.507465,-0.022018,-0.391603,0.022951,-0.022937,0.460586,-0.394028,0.428529,-0.392915,-0.394685,0.876001
9,PCB,12,0.022764,0.033357,0.034092,0.387758,0.034245,0.421737,-0.033693,-0.332504,0.033187,-0.032825,0.415788,-0.335217,0.387543,-0.333925,-0.334453,0.797665
9,PCB,13,0.031426,0.026021,0.026483,0.436807,0.026467,0.522759,-0.026444,-0.402463,0.026007,-0.025900,0.488577,-0.405289,0.437971,-0.405109,-0.405279,0.895598
10,DMT,0,0.020104,0.029854,0.025802,0.396059,0.025842,0.451139,-0.025611,-0.354014,0.029844,-0.029658,0.406450,-0.356641,0.396485,-0.354171,-0.357401,0.810588
10,DMT,1,0.018160,0.025495,0.025197,0.403004,0.025218,0.441397,-0.025050,-0.365633,0.025487,-0.025347,0.426792,-0.366255,0.403523,-0.366583,-0.367222,0.820268
10,DMT,2,0.020785,0.032078,0.031714,0.353680,0.031734,0.364253,-0.031486,-0.307722,0.032266,-0.031676,0.359924,-0.307799,0.352789,-0.306070,-0.306152,0.723546
10,DMT,3,0.025155,0.029424,0.030319,0.372520,0.030274,0.394233,-0.030128,-0.329333,0.029549,-0.029310,0.422005,-0.328671,0.372744,-0.331122,-0.326783,0.768214
10,DMT,4,0.020389,0.029695,0.029702,0.343068,0.029653,0.363840,-0.029348,-0.297405,0.029771,-0.029418,0.372334,-0.295690,0.341479,-0.293365,-0.295478,0.701190
10,DMT,5,0.017627,0.025364,0.030556,0.366228,0.030494,0.390717,-0.030228,-0.322875,0.025353,-0.025108,0.389146,-0.322628,0.367310,-0.323803,-0.323418,0.747948
10,DMT,6,0.015014,0.025778,0.024238,0.377428,0.024233,0.406601,-0.024108,-0.333634,0.025779,-0.025721,0.388212,-0.336123,0.376981,-0.333691,-0.334924,0.756515
10,DMT,7,0.018626,0.025791,0.026802,0.394863,0.026854,0.439893,-0.026721,-0.352427,0.025770,-0.025687,0.405161,-0.353970,0.395046,-0.351440,-0.355315,0.796790
10,DMT,8,0.024024,0.029305,0.027241,0.380563,0.027256,0.427520,-0.027139,-0.340435,0.029265,-0.029136,0.406839,-0.343325,0.380159,-0.340592,-0.342198,0.774905
10,DMT,9,0.019330,0.031704,0.026657,0.359575,0.026617,0.396554,-0.026497,-0.313392,0.031770,-0.031401,0.376349,-0.314498,0.359657,-0.312073,-0.315096,0.727214
10,DMT,10,0.020401,0.029056,0.028522,0.367611,0.028539,0.422334,-0.028403,-0.324427,0.029132,-0.028760,0.387798,-0.328135,0.366625,-0.323952,-0.325694,0.767101
10,DMT,11,0.025950,0.029713,0.028437,0.403961,0.028379,0.443860,-0.028279,-0.367197,0.029759,-0.029508,0.428750,-0.367727,0.403064,-0.364253,-0.366599,0.831468
10,DMT,12,0.038589,0.030062,0.038567,0.393462,0.038630,0.442546,-0.038178,-0.353699,0.030093,-0.029834,0.430237,-0.355702,0.395250,-0.355414,-0.355265,0.826643
10,DMT,13,0.019404,0.026823,0.025241,0.391762,0.025208,0.429370,-0.025169,-0.357133,0.026792,-0.026692,0.403983,-0.357646,0.390550,-0.356285,-0.357252,0.796511
10,PCB,0,0.018333,0.028322,0.031305,0.332399,0.031364,0.346197,-0.030882,-0.287135,0.028268,-0.028113,0.328854,-0.288475,0.332284,-0.286833,-0.289075,0.686875
10,PCB,1,0.022033,0.032553,0.032702,0.365654,0.032663,0.388772,-0.032385,-0.318932,0.032563,-0.032293,0.384707,-0.318678,0.366146,-0.319071,-0.320351,0.753417
10,PCB,2,0.019514,0.029111,0.031148,0.356884,0.031217,0.392540,-0.030482,-0.313888,0.029065,-0.028486,0.390181,-0.313896,0.357190,-0.314925,-0.315895,0.742441
10,PCB,3,0.028101,0.032934,0.032805,0.412457,0.032764,0.448863,-0.032662,-0.369859,0.032845,-0.032711,0.427958,-0.371136,0.410878,-0.368139,-0.370659,0.845517
10,PCB,4,0.031076,0.036115,0.037940,0.328581,0.038076,0.339058,-0.037466,-0.287857,0.036323,-0.035720,0.334422,-0.287899,0.328724,-0.286688,-0.287782,0.696400
10,PCB,5,0.035893,0.039304,0.035087,0.378069,0.035146,0.417192,-0.034844,-0.335636,0.039343,-0.039071,0.404519,-0.335189,0.379758,-0.335941,-0.337893,0.779735
10,PCB,6,0.021508,0.028407,0.025051,0.383713,0.025089,0.429878,-0.024923,-0.341686,0.028418,-0.028243,0.409967,-0.346534,0.383256,-0.345088,-0.343697,0.788149
10,PCB,7,0.019662,0.033972,0.030452,0.347029,0.030377,0.370858,-0.030090,-0.298251,0.033873,-0.033623,0.357277,-0.300908,0.348122,-0.300603,-0.302805,0.716750
10,PCB,8,0.031779,0.032202,0.028500,0.385068,0.028546,0.441532,-0.028402,-0.344049,0.032218,-0.031980,0.417107,-0.348748,0.384734,-0.345633,-0.346489,0.798852
10,PCB,9,0.018671,0.026316,0.025455,0.402270,0.025433,0.459215,-0.025347,-0.362289,0.026273,-0.026214,0.421365,-0.365095,0.400353,-0.360544,-0.363295,0.811953
10,PCB,10,0.029394,0.030252,0.033474,0.414417,0.033347,0.466010,-0.032925,-0.372699,0.030174,-0.029889,0.447914,-0.373934,0.411754,-0.370645,-0.372126,0.843169
10,PCB,11,0.022896,0.031387,0.031019,0.395393,0.031004,0.427562,-0.030781,-0.348193,0.031335,-0.031179,0.413494,-0.353389,0.395875,-0.351380,-0.351508,0.808761
10,PCB,12,0.023356,0.030803,0.026818,0.401613,0.026780,0.450066,-0.026623,-0.360790,0.030810,-0.030652,0.425370,-0.364227,0.400822,-0.361322,-0.363474,0.821211
10,PCB,13,0.021950,0.029864,0.027020,0.394641,0.027100,0.440176,-0.026941,-0.354360,0.029869,-0.029796,0.410553,-0.356279,0.395621,-0.356110,-0.357962,0.808713
11,DMT,0,0.020538,0.030755,0.027976,0.379324,0.028002,0.419144,-0.027767,-0.333385,0.030815,-0.030358,0.403607,-0.333799,0.379146,-0.333699,-0.335338,0.782764
11,DMT,1,0.032556,0.029563,0.028001,0.432418,0.027989,0.500137,-0.027914,-0.395623,0.029572,-0.029491,0.468870,-0.396861,0.432925,-0.397496,-0.398198,0.890071
11,DMT,2,0.029472,0.028508,0.029421,0.435191,0.029428,0.486867,-0.029198,-0.400017,0.028566,-0.028261,0.478542,-0.401516,0.437539,-0.403871,-0.402650,0.903005
11,DMT,3,0.031799,0.028167,0.030062,0.419657,0.030016,0.479746,-0.029973,-0.383513,0.028202,-0.028036,0.462866,-0.382925,0.417995,-0.381850,-0.382059,0.856533
11,DMT,4,0.018061,0.026322,0.027552,0.374130,0.027569,0.415881,-0.027510,-0.331696,0.026386,-0.026187,0.397410,-0.333607,0.375227,-0.332902,-0.334232,0.763334
11,DMT,5,0.018301,0.026774,0.024063,0.386288,0.024045,0.419181,-0.023963,-0.347646,0.026763,-0.026645,0.404893,-0.347384,0.385633,-0.346401,-0.348509,0.782173
11,DMT,6,0.019228,0.033254,0.031729,0.354597,0.031697,0.366382,-0.031407,-0.303166,0.033198,-0.032704,0.364064,-0.305305,0.354746,-0.304367,-0.304071,0.717476
11,DMT,7,0.018327,0.024114,0.028429,0.370986,0.028474,0.401664,-0.028347,-0.329346,0.024112,-0.024055,0.400046,-0.329806,0.371189,-0.329836,-0.329210,0.756635
11,DMT,8,0.020958,0.026955,0.023700,0.413407,0.023699,0.469637,-0.023686,-0.379708,0.026912,-0.026822,0.436829,-0.379489,0.413458,-0.377121,-0.381614,0.841855
11,DMT,9,0.030290,0.042366,0.030500,0.392795,0.030505,0.426801,-0.030184,-0.349696,0.042271,-0.041908,0.416301,-0.347259,0.391740,-0.346833,-0.348980,0.807750
11,DMT,10,0.021935,0.029816,0.028120,0.373868,0.028210,0.417610,-0.027877,-0.331990,0.029820,-0.029638,0.398974,-0.333243,0.374136,-0.331034,-0.333618,0.767803
11,DMT,11,0.024208,0.026394,0.021430,0.435988,0.021408,0.496977,-0.021388,-0.404593,0.026384,-0.026325,0.467540,-0.406146,0.436130,-0.405270,-0.405913,0.892395
11,DMT,12,0.018484,0.028605,0.025508,0.375832,0.025544,0.389384,-0.025346,-0.334794,0.028590,-0.028299,0.416603,-0.334250,0.376058,-0.335784,-0.333532,0.766366
11,DMT,13,0.023241,0.027535,0.028334,0.417139,0.028287,0.448243,-0.028250,-0.379532,0.027523,-0.027438,0.452375,-0.379186,0.415790,-0.378583,-0.378172,0.845749
11,PCB,0,0.022020,0.027471,0.029564,0.414760,0.029582,0.438775,-0.029484,-0.371881,0.027531,-0.027316,0.434870,-0.372478,0.415089,-0.373147,-0.372269,0.844833
11,PCB,1,0.019912,0.028330,0.029548,0.401553,0.029587,0.431258,-0.029457,-0.356027,0.028381,-0.028142,0.419254,-0.359116,0.401896,-0.357474,-0.357972,0.814910
11,PCB,2,0.032065,0.026588,0.024303,0.416978,0.024300,0.495820,-0.024281,-0.384453,0.026583,-0.026583,0.476669,-0.383925,0.417865,-0.383272,-0.386040,0.857146
11,PCB,3,0.024647,0.030919,0.031682,0.396942,0.031630,0.457740,-0.031448,-0.350259,0.030936,-0.030650,0.434348,-0.350496,0.398058,-0.350058,-0.352552,0.814351
11,PCB,4,0.028685,0.030782,0.029206,0.387275,0.029194,0.432125,-0.029018,-0.349317,0.030758,-0.030486,0.438754,-0.349354,0.387349,-0.348535,-0.351612,0.795789
11,PCB,5,0.022680,0.029888,0.028854,0.398330,0.028868,0.432386,-0.028768,-0.356090,0.029856,-0.029795,0.434216,-0.357654,0.397990,-0.356744,-0.355880,0.817356
11,PCB,6,0.020402,0.026228,0.024663,0.398945,0.024665,0.424736,-0.024589,-0.360037,0.026255,-0.026126,0.429065,-0.359501,0.397989,-0.358656,-0.357993,0.812684
11,PCB,7,0.026225,0.027369,0.031662,0.432163,0.031740,0.499490,-0.031574,-0.386683,0.027378,-0.027265,0.471738,-0.390710,0.433242,-0.388001,-0.391231,0.874506
11,PCB,8,0.026999,0.029806,0.030408,0.422075,0.030306,0.472044,-0.030218,-0.381869,0.029874,-0.029592,0.438505,-0.381065,0.419772,-0.378830,-0.380707,0.855550
11,PCB,9,0.020527,0.032432,0.030637,0.379834,0.030663,0.398851,-0.030407,-0.329132,0.032367,-0.032000,0.390712,-0.330625,0.378610,-0.328196,-0.328994,0.774765
11,PCB,10,0.022705,0.028033,0.027157,0.429054,0.027177,0.475667,-0.027102,-0.389838,0.028065,-0.027980,0.453072,-0.388782,0.428826,-0.386381,-0.390817,0.871687
11,PCB,11,0.032428,0.030789,0.031182,0.405329,0.031184,0.472715,-0.030924,-0.368856,0.030905,-0.030712,0.448562,-0.369102,0.405001,-0.366666,-0.368926,0.847519
11,PCB,12,0.026170,0.024473,0.029944,0.443690,0.029895,0.496901,-0.029686,-0.403993,0.024467,-0.024447,0.475553,-0.407206,0.442448,-0.404725,-0.404849,0.896476
11,PCB,13,0.021385,0.031064,0.028467,0.379648,0.028578,0.411207,-0.028380,-0.337362,0.031022,-0.030810,0.405088,-0.338429,0.380544,-0.337318,-0.339426,0.774957
12,DMT,0,0.024453,0.028333,0.033332,0.379906,0.033338,0.414756,-0.033021,-0.339025,0.028255,-0.028179,0.403312,-0.338683,0.377933,-0.336042,-0.337772,0.779279
12,DMT,1,0.023610,0.035940,0.029354,0.379776,0.029352,0.405383,-0.029212,-0.330340,0.035911,-0.035711,0.385038,-0.327150,0.379125,-0.324652,-0.330490,0.763571
12,DMT,2,0.021462,0.031081,0.030706,0.382078,0.030582,0.395663,-0.030401,-0.337370,0.030997,-0.030755,0.402839,-0.335629,0.381741,-0.336673,-0.337199,0.775166
12,DMT,3,0.026198,0.025054,0.026299,0.415963,0.026307,0.471459,-0.026159,-0.381454,0.025000,-0.024964,0.458078,-0.383076,0.416864,-0.382619,-0.383698,0.854249
12,DMT,4,0.036602,0.048586,0.035080,0.322741,0.035098,0.341908,-0.034652,-0.277008,0.048522,-0.047582,0.337561,-0.277323,0.323361,-0.279938,-0.278723,0.711198
12,DMT,5,0.022532,0.031832,0.031200,0.350752,0.031226,0.366972,-0.030880,-0.310875,0.031872,-0.031625,0.371770,-0.311440,0.350387,-0.312399,-0.311131,0.728442
12,DMT,6,0.019626,0.030051,0.028856,0.356604,0.028870,0.369792,-0.028676,-0.312218,0.030035,-0.029879,0.394230,-0.310539,0.356571,-0.312534,-0.311112,0.723645
12,DMT,7,0.013317,0.023928,0.022709,0.384434,0.022712,0.412022,-0.022608,-0.344882,0.023937,-0.023756,0.399646,-0.345689,0.384376,-0.344644,-0.345592,0.769037
12,DMT,8,0.014926,0.025414,0.025675,0.369943,0.025713,0.388729,-0.025554,-0.326402,0.025362,-0.025171,0.393574,-0.326544,0.369493,-0.325740,-0.326201,0.739181
12,DMT,9,0.016039,0.028123,0.027183,0.363016,0.027133,0.371542,-0.027021,-0.318045,0.028188,-0.028016,0.386683,-0.316672,0.363353,-0.318710,-0.316807,0.731035
12,DMT,10,0.021502,0.028223,0.024411,0.402528,0.024418,0.457214,-0.024379,-0.362573,0.028218,-0.028134,0.428421,-0.364927,0.402360,-0.361735,-0.365276,0.816697
12,DMT,11,0.019851,0.024865,0.028029,0.403720,0.028066,0.436882,-0.027941,-0.364011,0.024830,-0.024785,0.436433,-0.364906,0.403567,-0.364753,-0.364253,0.815326
12,DMT,12,0.018143,0.028045,0.028461,0.374702,0.028498,0.394158,-0.028385,-0.329301,0.027990,-0.027832,0.391854,-0.329270,0.374504,-0.329081,-0.329545,0.758375
12,DMT,13,0.028761,0.032003,0.030554,0.381593,0.030466,0.420055,-0.030280,-0.343342,0.032037,-0.031775,0.409021,-0.343966,0.380004,-0.343223,-0.343713,0.791775
12,PCB,0,0.020425,0.025626,0.030845,0.401128,0.030924,0.447559,-0.030831,-0.357864,0.025598,-0.025487,0.422797,-0.360723,0.401273,-0.358797,-0.360180,0.818755
12,PCB,1,0.024782,0.024901,0.028485,0.406022,0.028541,0.450865,-0.028329,-0.371738,0.024910,-0.024862,0.436007,-0.373388,0.405820,-0.372011,-0.372417,0.844959
12,PCB,2,0.028333,0.029836,0.031662,0.404311,0.031680,0.474316,-0.031564,-0.360874,0.029818,-0.029789,0.435257,-0.363816,0.405317,-0.362212,-0.364013,0.823723
12,PCB,3,0.024875,0.030436,0.031099,0.388813,0.031141,0.431717,-0.030952,-0.346365,0.030451,-0.030312,0.409593,-0.349011,0.389512,-0.347883,-0.349177,0.803768
12,PCB,4,0.016803,0.027740,0.026804,0.359646,0.026884,0.379616,-0.026626,-0.318624,0.027773,-0.027550,0.381294,-0.319571,0.360642,-0.319360,-0.319355,0.733693
12,PCB,5,0.021328,0.029506,0.029322,0.396769,0.029291,0.411441,-0.029125,-0.354267,0.029498,-0.029376,0.433134,-0.351365,0.395301,-0.350979,-0.350862,0.802435
12,PCB,6,0.022788,0.034216,0.025519,0.392577,0.025556,0.426400,-0.025464,-0.350312,0.034169,-0.034027,0.415068,-0.351041,0.391443,-0.348713,-0.348880,0.803860
12,PCB,7,0.024816,0.032175,0.031594,0.385533,0.031619,0.413777,-0.031399,-0.340587,0.032183,-0.031739,0.402834,-0.342019,0.385254,-0.341718,-0.341975,0.792100
12,PCB,8,0.028149,0.028853,0.033776,0.390156,0.033705,0.424585,-0.033354,-0.350074,0.028826,-0.028727,0.441808,-0.348651,0.388639,-0.349168,-0.348445,0.801398
12,PCB,9,0.023524,0.034212,0.034874,0.397310,0.034856,0.416510,-0.034682,-0.344922,0.034269,-0.034053,0.406546,-0.342726,0.398216,-0.342721,-0.346684,0.796450
12,PCB,10,0.032187,0.032897,0.036773,0.404809,0.036815,0.468160,-0.036686,-0.357271,0.032957,-0.032745,0.445481,-0.359749,0.405468,-0.359248,-0.359781,0.839770
12,PCB,11,0.026186,0.033069,0.028278,0.402285,0.028269,0.424022,-0.028160,-0.363504,0.033144,-0.032776,0.445846,-0.360868,0.402293,-0.363082,-0.362307,0.826663
12,PCB,12,0.029937,0.028684,0.026997,0.436531,0.026942,0.490302,-0.026911,-0.402000,0.028649,-0.028615,0.505525,-0.399043,0.437846,-0.401183,-0.400563,0.893176
12,PCB,13,0.044482,0.045071,0.049999,0.372297,0.050041,0.391235,-0.049500,-0.317605,0.044846,-0.044164,0.386348,-0.314212,0.372187,-0.314282,-0.320218,0.811822
13,DMT,0,0.018911,0.030394,0.027813,0.362022,0.027843,0.394639,-0.027728,-0.317339,0.030420,-0.029975,0.381016,-0.319186,0.361190,-0.318514,-0.318139,0.739828
13,DMT,1,0.024558,0.036655,0.028729,0.367027,0.028621,0.385996,-0.028434,-0.323117,0.036534,-0.036247,0.383050,-0.321404,0.367653,-0.322246,-0.323822,0.750973
13,DMT,2,0.018597,0.029156,0.029012,0.317474,0.028863,0.321609,-0.028512,-0.272404,0.029117,-0.028756,0.323532,-0.271362,0.316543,-0.271505,-0.271213,0.647839
13,DMT,3,0.024422,0.037934,0.043750,0.283980,0.043802,0.299614,-0.042420,-0.227323,0.037785,-0.036623,0.280911,-0.225844,0.284533,-0.226101,-0.229350,0.599571
13,DMT,4,0.017754,0.026400,0.029116,0.341372,0.029016,0.385773,-0.028828,-0.301388,0.026300,-0.026012,0.369387,-0.300964,0.341099,-0.298105,-0.302606,0.701738
13,DMT,5,0.016361,0.027212,0.028463,0.369047,0.028425,0.383136,-0.028223,-0.323821,0.027216,-0.027026,0.394026,-0.323170,0.368771,-0.324308,-0.322281,0.743092
13,DMT,6,0.018367,0.033310,0.031921,0.362919,0.031849,0.350928,-0.031655,-0.311576,0.033299,-0.032870,0.375923,-0.309348,0.362847,-0.311401,-0.309683,0.728869
13,DMT,7,0.019428,0.033157,0.027335,0.377883,0.027386,0.405574,-0.027226,-0.330865,0.033158,-0.032955,0.389403,-0.333775,0.376933,-0.331435,-0.330866,0.762203
13,DMT,8,0.016888,0.030556,0.031771,0.331950,0.031805,0.340378,-0.031317,-0.280708,0.030481,-0.029996,0.331541,-0.281663,0.331075,-0.279620,-0.281177,0.666302
13,DMT,9,0.018116,0.031860,0.030951,0.351865,0.030904,0.367767,-0.030502,-0.298895,0.031491,-0.031257,0.361991,-0.300563,0.350339,-0.299352,-0.299706,0.708313
13,DMT,10,0.022060,0.041106,0.029694,0.358954,0.029699,0.378952,-0.029307,-0.310001,0.041082,-0.040126,0.384822,-0.308361,0.359946,-0.308816,-0.309994,0.733045
13,DMT,11,0.034852,0.035582,0.035874,0.411648,0.035873,0.450460,-0.035738,-0.362794,0.035574,-0.035431,0.452028,-0.365195,0.411923,-0.365763,-0.364639,0.846256
13,DMT,12,0.041785,0.037132,0.033288,0.419355,0.033282,0.457046,-0.033203,-0.377228,0.037237,-0.037041,0.466809,-0.377535,0.419110,-0.378573,-0.376996,0.860621
13,DMT,13,0.024283,0.030858,0.028117,0.393220,0.028028,0.420690,-0.027900,-0.358325,0.030908,-0.030720,0.435703,-0.355251,0.393497,-0.357767,-0.358218,0.807345
13,PCB,0,0.016574,0.029048,0.025300,0.367708,0.025376,0.401608,-0.025108,-0.324703,0.029037,-0.028820,0.382383,-0.325551,0.368228,-0.324997,-0.327184,0.746789
13,PCB,1,0.018101,0.025871,0.029578,0.383137,0.029632,0.418424,-0.029337,-0.338178,0.025903,-0.025799,0.412685,-0.340874,0.383841,-0.338904,-0.341138,0.776605
13,PCB,2,0.020040,0.027075,0.027687,0.392472,0.027640,0.423122,-0.027522,-0.351534,0.027135,-0.026959,0.414464,-0.350839,0.390901,-0.348508,-0.350241,0.791684
13,PCB,3,0.018205,0.031451,0.027978,0.361498,0.028014,0.379238,-0.027707,-0.315100,0.031421,-0.031332,0.376167,-0.316746,0.362467,-0.317371,-0.316487,0.740224
13,PCB,4,0.016729,0.033064,0.027142,0.352423,0.027203,0.360083,-0.026952,-0.303932,0.033053,-0.032846,0.357814,-0.301701,0.351333,-0.300315,-0.301944,0.707659
13,PCB,5,0.017520,0.024942,0.029271,0.360823,0.029204,0.390647,-0.029099,-0.320729,0.024971,-0.024777,0.380431,-0.322433,0.361198,-0.322877,-0.321953,0.735859
13,PCB,6,0.020124,0.031286,0.030095,0.364559,0.030115,0.386231,-0.029990,-0.318123,0.031286,-0.031239,0.381459,-0.318472,0.365405,-0.318967,-0.319877,0.750350
13,PCB,7,0.019450,0.030739,0.025878,0.398793,0.025913,0.421802,-0.025773,-0.358580,0.030746,-0.030481,0.419420,-0.358266,0.398167,-0.358022,-0.358471,0.805337
13,PCB,8,0.018814,0.025528,0.027396,0.395912,0.027438,0.445474,-0.027255,-0.355404,0.025511,-0.025426,0.424193,-0.357110,0.396144,-0.354780,-0.356567,0.802255
13,PCB,9,0.018867,0.026148,0.024855,0.406058,0.024837,0.445691,-0.024798,-0.368172,0.026138,-0.026072,0.436894,-0.368414,0.405827,-0.368092,-0.367478,0.826532
13,PCB,10,0.018093,0.026462,0.028633,0.373406,0.028677,0.401890,-0.028480,-0.332194,0.026416,-0.026236,0.381784,-0.333626,0.374068,-0.332959,-0.333299,0.759216
13,PCB,11,0.021185,0.030417,0.028539,0.398249,0.028560,0.412999,-0.028422,-0.354561,0.030447,-0.030208,0.417121,-0.355853,0.398664,-0.356961,-0.355493,0.808975
13,PCB,12,0.021998,0.029210,0.030052,0.399863,0.030007,0.423582,-0.029798,-0.358229,0.029216,-0.029082,0.425135,-0.356971,0.401290,-0.358258,-0.358896,0.810626
13,PCB,13,0.019110,0.031040,0.024789,0.372260,0.024769,0.392382,-0.024695,-0.334550,0.030986,-0.030955,0.399040,-0.333240,0.372137,-0.334512,-0.333401,0.760617
