# partB24_bandpassed_expectations.py; one row per estimator × replicate; git=a9d9ca4
estimator,replicate,sts_level_pre,sts_did,pred_did,res_did,res_p,res_ci_lo,res_ci_hi,sym_did,anti_did,A_other_level,A_other_did,A_same_level,A_same_did,winsign_level,winsign_did,B_level,B_did,D_level,D_did,Sym_level,Sym_did,D_plus_Sym_level,D_plus_Sym_did,r1_level,r1_did
W60,1,1.187951,-0.095558,-0.099627,0.004069,0.0033,0.002071,0.006069,-0.000369,0.007879,-0.000219,-0.000361,0.000063,-0.000550,0.003340,-0.000939,0.011007,-0.003140,-0.034876,-0.001268,-0.000312,0.005113,-0.035188,0.003845,0.863426,-0.015884
global (run-level prediction),1,1.325019,-0.106271,0.000000,-0.106271,0.0001,-0.111514,-0.101066,nan,nan,,,,,,,,,,,,,,,,
global (period-level prediction),1,1.325019,-0.106271,-0.110951,0.004680,0.0206,0.001033,0.008044,nan,nan,,,,,,,,,,,,,,,,
W60,2,1.192029,-0.095318,-0.098581,0.003263,0.0016,0.001704,0.004924,-0.000187,0.007934,-0.000024,-0.000052,0.000189,0.000442,0.003464,-0.001041,0.010716,-0.002778,-0.034443,-0.001317,0.000218,0.004268,-0.034225,0.002951,0.863767,-0.015405
global (run-level prediction),2,1.329191,-0.104614,0.000000,-0.104614,0.0001,-0.111822,-0.097612,nan,nan,,,,,,,,,,,,,,,,
global (period-level prediction),2,1.329191,-0.104614,-0.111606,0.006992,0.0026,0.003524,0.010452,nan,nan,,,,,,,,,,,,,,,,
W60,3,1.186929,-0.093711,-0.096196,0.002485,0.0391,0.000589,0.004693,-0.000079,0.007672,-0.000502,-0.000217,-0.000218,-0.000337,0.003140,-0.000578,0.010245,-0.001933,-0.035239,-0.001127,0.000003,0.003652,-0.035236,0.002525,0.863161,-0.015580
global (run-level prediction),3,1.323933,-0.104724,0.000000,-0.104724,0.0001,-0.109359,-0.100536,nan,nan,,,,,,,,,,,,,,,,
global (period-level prediction),3,1.323933,-0.104724,-0.107828,0.003103,0.0919,-0.000301,0.006297,nan,nan,,,,,,,,,,,,,,,,
W60,4,1.186776,-0.095109,-0.095383,0.000274,0.7996,-0.001711,0.002351,-0.000671,0.006724,-0.000441,-0.000087,-0.000017,0.000111,0.003149,-0.000212,0.010301,-0.001460,-0.035428,-0.001678,0.000029,0.002169,-0.035399,0.000491,0.863273,-0.014952
global (run-level prediction),4,1.322235,-0.099016,0.000000,-0.099016,0.0001,-0.106585,-0.091809,nan,nan,,,,,,,,,,,,,,,,
global (period-level prediction),4,1.322235,-0.099016,-0.104198,0.005182,0.0468,0.001014,0.009364,nan,nan,,,,,,,,,,,,,,,,
W60,5,1.189856,-0.090467,-0.095850,0.005383,0.0007,0.003275,0.007552,-0.000320,0.006417,-0.000029,-0.000492,0.000179,-0.000611,0.003550,-0.001327,0.011627,-0.003862,-0.035039,-0.000450,-0.000904,0.005440,-0.035943,0.004991,0.863843,-0.015200
global (run-level prediction),5,1.331077,-0.106583,0.000000,-0.106583,0.0001,-0.114464,-0.099300,nan,nan,,,,,,,,,,,,,,,,
global (period-level prediction),5,1.331077,-0.106583,-0.110433,0.003850,0.1089,-0.000715,0.007689,nan,nan,,,,,,,,,,,,,,,,
W60,6,1.187234,-0.096686,-0.097847,0.001161,0.3428,-0.001122,0.003292,-0.000409,0.006218,-0.000412,0.000553,-0.000167,0.000751,0.003234,-0.000268,0.010279,-0.001098,-0.035366,-0.000527,0.000781,0.001944,-0.034586,0.001417,0.863133,-0.015317
global (run-level prediction),6,1.324429,-0.104377,0.000000,-0.104377,0.0001,-0.109710,-0.098700,nan,nan,,,,,,,,,,,,,,,,
global (period-level prediction),6,1.324429,-0.104377,-0.108930,0.004553,0.0260,0.001308,0.007845,nan,nan,,,,,,,,,,,,,,,,
W60,7,1.184557,-0.093901,-0.096488,0.002587,0.0359,0.000467,0.004960,-0.000443,0.006094,0.000037,-0.000373,0.000262,-0.000276,0.003513,-0.000827,0.011267,-0.003415,-0.035170,-0.001211,-0.000747,0.003765,-0.035916,0.002555,0.863063,-0.015314
global (run-level prediction),7,1.321860,-0.105995,0.000000,-0.105995,0.0001,-0.114616,-0.097498,nan,nan,,,,,,,,,,,,,,,,
global (period-level prediction),7,1.321860,-0.105995,-0.111267,0.005272,0.0446,0.000971,0.009659,nan,nan,,,,,,,,,,,,,,,,
W60,8,1.186491,-0.092570,-0.095898,0.003329,0.0042,0.001464,0.005544,-0.000261,0.006307,-0.000355,0.000278,-0.000118,0.000255,0.003493,-0.001057,0.011295,-0.002845,-0.035144,-0.000927,-0.000735,0.004048,-0.035879,0.003121,0.863220,-0.015354
global (run-level prediction),8,1.327334,-0.106582,0.000000,-0.106582,0.0001,-0.112036,-0.100818,nan,nan,,,,,,,,,,,,,,,,
global (period-level prediction),8,1.327334,-0.106582,-0.109050,0.002468,0.1450,-0.000431,0.005229,nan,nan,,,,,,,,,,,,,,,,
W60,9,1.191235,-0.095427,-0.096469,0.001042,0.5353,-0.001966,0.004124,-0.000171,0.007686,-0.000428,0.000048,-0.000157,0.000355,0.003192,-0.000352,0.010128,-0.001314,-0.034733,-0.001656,0.000312,0.002631,-0.034421,0.000975,0.863865,-0.015355
global (run-level prediction),9,1.328681,-0.104885,-0.000000,-0.104885,0.0001,-0.107741,-0.102551,nan,nan,,,,,,,,,,,,,,,,
global (period-level prediction),9,1.328681,-0.104885,-0.108390,0.003504,0.0460,0.000451,0.007244,nan,nan,,,,,,,,,,,,,,,,
W60,10,1.187388,-0.093058,-0.097460,0.004402,0.0018,0.002207,0.006652,0.000327,0.005615,-0.000327,0.000031,0.000040,0.000157,0.003655,-0.001266,0.011544,-0.003637,-0.034824,-0.000541,-0.001202,0.005084,-0.036026,0.004543,0.863451,-0.015627
global (run-level prediction),10,1.325627,-0.108649,-0.000000,-0.108649,0.0001,-0.113672,-0.103282,nan,nan,,,,,,,,,,,,,,,,
global (period-level prediction),10,1.325627,-0.108649,-0.112752,0.004103,0.0261,0.001093,0.006933,nan,nan,,,,,,,,,,,,,,,,
W60,11,1.184828,-0.088889,-0.092436,0.003548,0.0049,0.001822,0.005556,0.000116,0.005391,-0.000213,0.000081,-0.000075,0.000224,0.003544,-0.000799,0.011344,-0.002795,-0.035174,-0.000454,-0.000288,0.004142,-0.035462,0.003688,0.862834,-0.014719
global (run-level prediction),11,1.323196,-0.099569,-0.000000,-0.099569,0.0001,-0.103798,-0.095128,nan,nan,,,,,,,,,,,,,,,,
global (period-level prediction),11,1.323196,-0.099569,-0.103468,0.003899,0.0502,0.000357,0.007325,nan,nan,,,,,,,,,,,,,,,,
W60,12,1.189113,-0.096140,-0.099432,0.003292,0.0382,0.000233,0.005698,0.000072,0.004890,-0.000120,-0.000256,0.000219,-0.000155,0.003519,-0.001111,0.011234,-0.003432,-0.035156,-0.000464,-0.000645,0.003745,-0.035801,0.003281,0.863636,-0.015803
global (run-level prediction),12,1.327873,-0.107182,0.000000,-0.107182,0.0001,-0.112012,-0.101838,nan,nan,,,,,,,,,,,,,,,,
global (period-level prediction),12,1.327873,-0.107182,-0.111706,0.004524,0.0453,0.000832,0.008147,nan,nan,,,,,,,,,,,,,,,,
W60,13,1.187189,-0.095819,-0.097780,0.001961,0.0405,0.000415,0.003528,-0.000509,0.007884,-0.000416,0.000520,-0.000163,0.000594,0.003333,-0.000733,0.011071,-0.002531,-0.035328,-0.001415,-0.000441,0.003346,-0.035770,0.001931,0.863385,-0.015516
global (run-level prediction),13,1.325879,-0.103022,0.000000,-0.103022,0.0001,-0.108585,-0.097129,nan,nan,,,,,,,,,,,,,,,,
global (period-level prediction),13,1.325879,-0.103022,-0.104840,0.001818,0.2448,-0.000971,0.004726,nan,nan,,,,,,,,,,,,,,,,
W60,14,1.187613,-0.091572,-0.094760,0.003188,0.0164,0.000972,0.005287,0.000108,0.005041,-0.000522,0.000193,-0.000106,-0.000024,0.003293,-0.001316,0.010407,-0.002622,-0.035808,-0.000647,0.000118,0.003916,-0.035691,0.003269,0.863228,-0.015007
global (run-level prediction),14,1.326560,-0.103385,0.000000,-0.103385,0.0001,-0.108899,-0.098069,nan,nan,,,,,,,,,,,,,,,,
global (period-level prediction),14,1.326560,-0.103385,-0.108049,0.004664,0.0730,0.000065,0.009075,nan,nan,,,,,,,,,,,,,,,,
W60,15,1.189791,-0.096992,-0.100078,0.003086,0.0009,0.001598,0.004548,0.000136,0.006954,-0.000459,-0.000185,-0.000271,-0.000097,0.003304,-0.000799,0.011136,-0.002617,-0.034576,-0.000952,-0.000053,0.003822,-0.034630,0.002869,0.863303,-0.015889
global (run-level prediction),15,1.327163,-0.109725,0.000000,-0.109725,0.0001,-0.117025,-0.102076,nan,nan,,,,,,,,,,,,,,,,
global (period-level prediction),15,1.327163,-0.109725,-0.112279,0.002554,0.1339,-0.000452,0.005637,nan,nan,,,,,,,,,,,,,,,,
W60,16,1.187632,-0.095472,-0.096494,0.001022,0.3232,-0.000699,0.002872,-0.000198,0.007880,-0.000522,0.000686,-0.000233,0.000455,0.003514,-0.000881,0.010662,-0.001543,-0.034995,-0.001246,-0.000004,0.002215,-0.034999,0.000969,0.863103,-0.015097
global (run-level prediction),16,1.323768,-0.102407,0.000000,-0.102407,0.0001,-0.107670,-0.097141,nan,nan,,,,,,,,,,,,,,,,
global (period-level prediction),16,1.323768,-0.102407,-0.107249,0.004842,0.0519,0.000651,0.008857,nan,nan,,,,,,,,,,,,,,,,
W60,17,1.188252,-0.095144,-0.098809,0.003665,0.0001,0.002278,0.005260,0.000506,0.006944,-0.000139,-0.000031,0.000078,-0.000188,0.003574,-0.000803,0.011415,-0.002935,-0.035186,-0.000530,-0.000762,0.004054,-0.035948,0.003524,0.863373,-0.015839
global (run-level prediction),17,1.325904,-0.104528,-0.000000,-0.104528,0.0001,-0.111052,-0.099270,nan,nan,,,,,,,,,,,,,,,,
global (period-level prediction),17,1.325904,-0.104528,-0.110392,0.005864,0.0145,0.002069,0.009756,nan,nan,,,,,,,,,,,,,,,,
W60,18,1.189959,-0.098048,-0.101339,0.003291,0.0144,0.001117,0.005366,0.000021,0.006635,-0.000476,0.000117,-0.000194,0.000217,0.003368,-0.000902,0.010765,-0.002575,-0.035035,-0.000971,-0.000865,0.003991,-0.035900,0.003020,0.863799,-0.015905
global (run-level prediction),18,1.328721,-0.110557,-0.000000,-0.110557,0.0001,-0.115136,-0.104677,nan,nan,,,,,,,,,,,,,,,,
global (period-level prediction),18,1.328721,-0.110557,-0.113756,0.003199,0.1099,-0.000364,0.007034,nan,nan,,,,,,,,,,,,,,,,
W60,19,1.189928,-0.095386,-0.097745,0.002359,0.1033,-0.000014,0.004889,0.000204,0.007905,-0.000043,-0.000021,0.000164,-0.000032,0.003517,-0.001354,0.011020,-0.003337,-0.034961,-0.001595,0.000027,0.003849,-0.034935,0.002254,0.863641,-0.015244
global (run-level prediction),19,1.328754,-0.108158,-0.000000,-0.108158,0.0001,-0.115310,-0.101508,nan,nan,,,,,,,,,,,,,,,,
global (period-level prediction),19,1.328754,-0.108158,-0.108024,-0.000133,0.9520,-0.003901,0.004120,nan,nan,,,,,,,,,,,,,,,,
W60,20,1.187714,-0.092886,-0.095226,0.002340,0.1077,-0.000075,0.004732,0.000450,0.005631,-0.000077,-0.000256,0.000365,-0.000389,0.003215,-0.000849,0.010857,-0.002648,-0.035134,-0.001062,-0.000477,0.003362,-0.035611,0.002301,0.863329,-0.014941
global (run-level prediction),20,1.325349,-0.099962,0.000000,-0.099962,0.0001,-0.105251,-0.094891,nan,nan,,,,,,,,,,,,,,,,
global (period-level prediction),20,1.325349,-0.099962,-0.106063,0.006100,0.0128,0.002298,0.009796,nan,nan,,,,,,,,,,,,,,,,
