variant,subject,condition,n_trs,n_trs_last_window,delta_run,delta_wd,delta_means,delta_within,delta_pool,delta_eps,delta_d60,delta_d60_winsign,a,absq,sumpi,frac_qneg,frac_absq05,frac_absq10
ts_gsr,1,DMT,840,60,0.0041201003071146105,0.004084714136053256,3.538617106135507e-05,0.003632784370099705,0.0005227721153280465,-7.084234937449526e-05,0.003332389792574436,0.00619910290985881,0.8571686860010909,0.19884496570285623,0.9563401835334412,0.5519450800915332,0.1536231884057971,0.312280701754386
ts_gsr,1,PCB,840,60,0.0026297580062331666,0.0026594573418523594,-2.9699335619192466e-05,0.00260775513044005,0.00011640304024288242,-6.470082883057336e-05,0.0022942051377492687,0.005260060111275852,0.8646241910640173,0.189732907496527,0.9637508698023173,0.5533180778032036,0.16628527841342486,0.3348588863463005
ts_gsr,2,DMT,840,60,0.0032483795561306906,0.0032423411629043217,6.038393226369085e-06,0.0027279786354154592,0.0006039894561819734,-8.962692869311145e-05,0.0021898322903326104,0.005394924102393002,0.8601609113814375,0.19032454510446634,0.9692080820029537,0.5351639969488939,0.17925247902364608,0.34401220442410374
ts_gsr,2,PCB,840,60,0.0007452708627979282,0.0007541867329243678,-8.91587012643956e-06,0.0006145560418436977,0.00014239808090116648,-2.7673898204964014e-06,0.00037871986117948424,0.005391462578992428,0.8673845438853283,0.19707336052605334,0.9669672490014334,0.5368421052631579,0.1688787185354691,0.32814645308924484
ts_gsr,3,DMT,840,60,0.003354181898379248,0.0033648167657068435,-1.063486732759551e-05,0.0028190811334704046,0.0005509268012669824,-5.19116903054417e-06,0.0019809544090784665,0.005103809224219554,0.8603008216306539,0.1745407040246306,0.9666715084697348,0.5575896262395118,0.19191456903127382,0.3728451563691838
ts_gsr,3,PCB,839,59,0.00297501749412285,0.002918844303468376,5.6173190654474066e-05,0.002821810100819236,8.200296829399753e-05,1.5031234355142806e-05,0.002685137978799048,0.005384841780259212,0.8707532403515885,0.22654912711006212,0.9706738054935957,0.5372997711670481,0.14172387490465294,0.2826849733028223
ts_gsr,4,DMT,840,60,0.0038864001071786283,0.0038317734976248854,5.462660955374322e-05,0.0034961358245399537,0.0003714039692721082,-3.5766296187176215e-05,0.0031336548643386614,0.008056965317639692,0.8741600410107591,0.1601492594707479,0.9617434799552868,0.5496567505720824,0.22013729977116706,0.41022120518688027
ts_gsr,4,PCB,840,60,0.00492072491884509,0.004890430687571893,3.029423127319741e-05,0.004416298966978878,0.0005034883472320022,-2.935662663898721e-05,0.004073697738780355,0.008332270415445998,0.8791030020340302,0.17115554639922356,0.965062298448515,0.5449275362318841,0.20061022120518687,0.38093058733790996
ts_gsr,5,DMT,840,60,0.0029375829758323518,0.0029307849973458436,6.7979784865081216e-06,0.002603332715723865,0.0002466034790492939,8.084880257268482e-05,0.0021506661934112487,0.006323148955361582,0.8682111021185035,0.18243430133569136,0.9679024923914846,0.5281464530892449,0.17772692601067888,0.3491990846681922
ts_gsr,5,PCB,840,60,0.002642720015949868,0.0026880429897394526,-4.532297378958461e-05,0.002383350803752542,0.0003470946060451016,-4.240242005819103e-05,0.0020017555984209122,0.005951881626311597,0.8719443688065921,0.20466366902331637,0.9556526706994571,0.5437070938215103,0.15087719298245614,0.2988558352402746
ts_gsr,6,DMT,840,60,0.004626218935578981,0.004625894252092637,3.246834863439149e-07,0.0038842733257371744,0.0007633719131669746,-2.1750986811511872e-05,0.0035886177571634596,0.007313558297569482,0.8670758545857133,0.17198495977953587,0.9615414591522203,0.5482837528604119,0.19862700228832952,0.37848970251716246
ts_gsr,6,PCB,840,60,0.004437225314435949,0.004432762295726537,4.4630187094120446e-06,0.004122966789807738,0.0003087803188912744,1.0151870275242809e-06,0.003773550625432309,0.007602860048423681,0.8695330884786282,0.1694494958170207,0.9624449594190485,0.5519450800915332,0.1925247902364607,0.3746758199847445
ts_gsr,7,DMT,840,60,0.0051988795830078,0.005162060364334694,3.68192186731065e-05,0.0038372493832629297,0.0011341178083969206,0.000190693172674843,0.0034493318368385476,0.006672802496029584,0.8680229599479135,0.20854116486337806,0.9574068424733486,0.5278413424866514,0.16384439359267736,0.313348588863463
ts_gsr,7,PCB,840,60,0.0017911283681735144,0.001727056093680227,6.407227449328693e-05,0.0013834516277475117,0.0003788269294308646,-3.522246349814881e-05,0.0008063073505581689,0.0038628898089141717,0.8599213573005478,0.22726637922587958,0.9642219019009114,0.5351639969488939,0.14263920671243327,0.26987032799389776
ts_gsr,8,DMT,840,60,0.003127620405942553,0.0031715661224766653,-4.394571653411175e-05,0.0020957295842312525,0.0010830882527604177,-7.251714515005164e-06,0.001315155102368213,0.005626765699100624,0.8653743164698693,0.1854495386581321,0.9589811940145142,0.5508771929824562,0.17848970251716248,0.3481311975591152
ts_gsr,8,PCB,840,60,0.004590916424931579,0.004586891143631658,4.025281299920808e-06,0.0039008516579863073,0.0007589545985809834,-7.29151129356324e-05,0.003002450209129159,0.008704320301738783,0.8871040595224129,0.20594671135148027,0.952842410333453,0.5568268497330282,0.14279176201372998,0.2889397406559878
ts_gsr,9,DMT,840,60,0.004896356515014336,0.00476417938701511,0.00013217712799922537,0.003909988498000648,0.001050024475907876,-0.00019583358689341364,0.003218739449588872,0.0064640545481257404,0.8691201586379552,0.20620895362128358,0.9618197297455813,0.5455377574370709,0.1597254004576659,0.30785659801678106
ts_gsr,9,PCB,840,60,0.0042798358992058305,0.004276693971007045,3.141928198785652e-06,0.0036601490002220764,0.0006630682355070316,-4.652326472206288e-05,0.0030540029989519317,0.007411199789924034,0.8745473872320791,0.19425569575253712,0.9618784665809468,0.547673531655225,0.1635392829900839,0.32540045766590386
ts_gsr,10,DMT,840,60,0.0032091316022023796,0.003131943116235897,7.718848596648272e-05,0.0026946249913154287,0.0004069884857285486,3.03296391919199e-05,0.0021628530963833533,0.005888030442882092,0.8677822444441905,0.22426550768249784,0.9643152087916459,0.5376048817696415,0.14416475972540047,0.2742944317315027
ts_gsr,10,PCB,840,60,0.0016974028957297753,0.0016876415115711222,9.761384158652985e-06,0.001787821597634702,-2.9775324099311515e-05,-7.040476196426826e-05,0.0013039734105198659,0.005257719709170833,0.8705548831560713,0.20765537358098018,0.9608583409893886,0.5520976353928299,0.15392829900839053,0.30526315789473685
ts_gsr,11,DMT,840,60,0.003451052430533171,0.0034245942036799848,2.6458226853186474e-05,0.002975770861963877,0.0004820701548814727,-3.3246813165365304e-05,0.002849933934417254,0.0056007403684048005,0.8578534799984425,0.18360223127032022,0.9606836221746283,0.5455377574370709,0.17925247902364608,0.3481311975591152
ts_gsr,11,PCB,840,60,0.0017085609293046357,0.0017770760840298745,-6.851515472523888e-05,0.0016753608612815564,8.741124093536315e-05,1.4303981812955421e-05,0.0010418721221229122,0.004684670566476006,0.8602351574800029,0.20789193430344022,0.9655411476238973,0.5458428680396644,0.14263920671243327,0.2933638443935927
ts_gsr,12,DMT,840,60,0.003956254686930722,0.003972486978163631,-1.6232291232908483e-05,0.0032945891350047323,0.0006620084310635422,1.588941209535475e-05,0.0028713694040246435,0.006572706170765999,0.8664125463172427,0.19557058672878916,0.9624392025545494,0.5429443173150267,0.15636918382913806,0.31075514874141874
ts_gsr,12,PCB,840,60,0.0034774977280562698,0.003464652349704105,1.284537835216438e-05,0.0031439098417132684,0.00042182229154124565,-0.00010107978355040896,0.002658625277439488,0.007106650100792192,0.8725251784305417,0.19019658546633844,0.9649697208178101,0.548741418764302,0.17894736842105263,0.33943554538520215
ts_gsr,13,DMT,840,60,0.0024540868796789255,0.002459428749870564,-5.341870191639151e-06,0.0019605325729566154,0.0004810699205412124,1.7826256372736346e-05,0.0016235216129757348,0.005270892052096076,0.8578497510487787,0.17204904000096705,0.9476263925146302,0.5441647597254005,0.1848970251716247,0.35881006864988557
ts_gsr,13,PCB,840,60,0.003626972507788825,0.003587405675834509,3.956683195431637e-05,0.0032906510016939817,0.00028261174807407447,1.4142926066452939e-05,0.0026106683132432955,0.005609818286308564,0.8691958396046665,0.22237124036804243,0.9662444527210442,0.5350114416475973,0.13363844393592678,0.2623951182303585
ts_gsr,14,DMT,840,60,0.004842711971547917,0.004854796224875143,-1.208425332722519e-05,0.003493472254613511,0.001278588176677324,8.273579358430779e-05,0.0031580460835755474,0.00556096520901512,0.8537353706466035,0.2115594553895358,0.9638348525597397,0.5382151029748283,0.1505720823798627,0.2938215102974828
ts_gsr,14,PCB,840,60,0.002376693186918245,0.0023992612565747304,-2.256806965648566e-05,0.002227281141634336,0.0001917006986413798,-1.9720583700985682e-05,0.0019076171828831302,0.004537357939818124,0.8540671763378047,0.1675336091534684,0.9658079130984524,0.556979405034325,0.19221967963386727,0.3833714721586575
ts_demean,1,DMT,840,60,-0.006700547725977021,-0.006760389153020759,5.98414270437375e-05,-0.006230059017588728,-0.0003613033939161721,-0.00016902674151585937,-0.00717172581102979,-0.00233125296849415,0.84666295576395,0.3243141776315705,0.948967214284037,0.04103737604881769,0.059496567505720827,0.12829900839054156
ts_demean,1,PCB,840,60,-0.004477863487007463,-0.004500814941061465,2.29514540540024e-05,-0.00433980303527016,-0.0002765698592873553,0.00011555795349604959,-0.004864782370905703,-0.0006834870085840379,0.8503976542759965,0.24110651177419581,0.9663968418549465,0.18276125095347062,0.15530129672006102,0.2990083905415713
ts_demean,2,DMT,840,60,4.5846566844049754e-05,4.919994616377346e-05,-3.3533793197237503e-06,1.4589051553698541e-05,9.28064742444765e-05,-5.819557963440153e-05,-8.93662846854416e-05,0.0038917076693816863,0.8547192170929843,0.19492202744234263,0.9678040913981836,0.27185354691075514,0.18382913806254766,0.3672006102212052
ts_demean,2,PCB,840,60,-0.0013525902653102574,-0.0013522894039708856,-3.0086133937186964e-07,-0.0013782710900977035,6.6578125692752325e-06,1.9323873557542876e-05,-0.0014897882230036426,0.003008296369931484,0.8613501395141996,0.20798801392319963,0.9688630453063921,0.2776506483600305,0.18199847444698702,0.34279176201372996
ts_demean,3,DMT,840,60,-0.003958233843687256,-0.003920436131455264,-3.779771223199235e-05,-0.002848001773423357,-0.000768405112436838,-0.0003040292455950683,-0.0032142264478972876,0.001140135626650799,0.8465398383683607,0.19862248217621212,0.9670419455027451,0.1931350114416476,0.16308161708619376,0.3215865751334859
ts_demean,3,PCB,839,59,0.0030318722750639457,0.002978182830759714,5.368944430423243e-05,0.00290799615377823,4.4403297963974425e-05,2.578337901750879e-05,0.0026370692956435384,0.005468383948787633,0.8672279072158438,0.23362660005588615,0.972594512836568,0.34950419527078563,0.14706331045003815,0.2926010678871091
ts_demean,4,DMT,840,60,-0.0008115627626075764,-0.0008421027136757232,3.053995106814673e-05,-0.0008228948157558533,-6.938411263397384e-05,5.017621471410395e-05,-0.0012510149837403762,0.004153680527972275,0.8652631699752515,0.1873186234814784,0.9673334113531401,0.1969488939740656,0.17971014492753623,0.34416475972540045
ts_demean,4,PCB,840,60,-0.0009979005630443747,-0.0010072308615809895,9.330298536614836e-06,-0.0010217390476869599,-0.00012334729003369609,0.00013785547613966634,-0.001555183683597621,0.005013126326219448,0.8712853856908154,0.2014731454138637,0.9671199680266569,0.18184591914569032,0.16765827612509535,0.32387490465293667
ts_demean,5,DMT,840,60,-0.0005126021089808626,-0.0005114425858290932,-1.1595231517692638e-06,-0.00044047997728262014,-0.00015942490629674682,8.846229775027383e-05,-0.0008541391009673035,0.0044765291631631305,0.8594304996648073,0.1995024161119009,0.9690610497696079,0.2540045766590389,0.15850495804729214,0.3128909229595728
ts_demean,5,PCB,840,60,0.0014270433549745654,0.001477715798145914,-5.0672443171348996e-05,0.0012697489717382884,0.0002658873550580462,-5.792052865042012e-05,0.0007023661280457327,0.004779665033863321,0.8624944263017102,0.19949315718302926,0.9563345361580524,0.3488939740655988,0.1679633867276888,0.32280701754385965
ts_demean,6,DMT,840,60,0.0017233231446533402,0.001742002163640743,-1.8679018987402683e-05,0.0012341764397033913,0.0004821165270969183,2.5709196840433266e-05,0.0007735214249587543,0.005045207216394912,0.8647690004683144,0.198631769093599,0.9585736750645407,0.27093821510297483,0.18032036613272312,0.3493516399694889
ts_demean,6,PCB,840,60,0.003184571141552297,0.003173264106051587,1.1307035500709596e-05,0.0029695085919242224,0.00021080333045638496,-7.0478163290202135e-06,0.0026458006910522643,0.006280340094558374,0.8624978221572464,0.1666871360252127,0.9643370672936467,0.40427154843630814,0.21311975591151794,0.4079328756674294
ts_demean,7,DMT,840,60,0.0011578465173885623,0.001223164420682399,-6.53179032938368e-05,0.001060279258708518,0.0002452149902654063,-8.232982829152546e-05,0.0008582040065053581,0.004610196481858707,0.8673325035908462,0.2732490983175331,0.9575933531047905,0.14080854309687263,0.10846681922196796,0.22379862700228834
ts_demean,7,PCB,840,60,-0.0004622004731615144,-0.0005003529249062721,3.815245174475768e-05,-0.0005796657987621711,3.1548404685879984e-05,4.776446917001912e-05,-0.0012112916666545057,0.001418866409652468,0.8528993550604452,0.23679366868935073,0.970069976096504,0.32250190694126624,0.14919908466819223,0.29168573607932874
ts_demean,8,DMT,840,60,-0.0024652881150869547,-0.002401746375126965,-6.354173995998968e-05,-0.002001773713504078,-0.0003691836538374018,-3.078900778548532e-05,-0.0033201655882545865,0.001704430520636704,0.8581306019350364,0.230641260742332,0.9540361649892177,0.1397406559877956,0.14996186117467583,0.28771929824561404
ts_demean,8,PCB,840,60,-0.000977392954048149,-0.0009941587981098978,1.6765844061749022e-05,-0.0007635167095355453,-0.00019925029384912122,-3.139179472523147e-05,-0.0015427939269517159,0.0037019124566536506,0.8783601605434741,0.2365973829171831,0.9568339533204948,0.2112890922959573,0.1452326468344775,0.2758199847444699
ts_demean,9,DMT,840,60,-0.007714073307654533,-0.007725000146551282,1.0926838896747822e-05,-0.004914786102490637,-0.002852766598949959,4.255255488931432e-05,-0.0043259638817286115,-0.0007990664521360278,0.8531188467001527,0.44540798430697326,0.9685461073503678,0.004424103737604882,0.007017543859649123,0.017848970251716247
ts_demean,9,PCB,840,60,-0.006793697398785402,-0.00672715243382351,-6.654496496189177e-05,-0.006533487205788399,0.00026928537195020254,-0.00046295059998531415,-0.007114559492022416,-0.00045502257284721874,0.8606096041092768,0.29965413703720484,0.9685360438699077,0.05736079328756674,0.06346300533943555,0.14538520213577422
ts_demean,10,DMT,840,60,-0.007657366486736163,-0.007834110939875164,0.00017674445313899852,-0.007170324941666743,-0.0004951911764074292,-0.0001685948218009889,-0.0077777100713046715,-0.002085993719578866,0.8506236487354548,0.2922522882694534,0.9692275250097729,0.11853546910755149,0.09046529366895499,0.18016781083142638
ts_demean,10,PCB,840,60,-0.010373588314790768,-0.01032780136273112,-4.578695205964715e-05,-0.008864453643748247,-0.0010445063082908902,-0.0004188414106919834,-0.009269224242051073,-0.004474331780125225,0.8490174880229022,0.2819207323538451,0.9686594683287262,0.09397406559877956,0.09610983981693363,0.18291380625476736
ts_demean,11,DMT,840,60,0.001031412808009024,0.0010235104764507116,7.902331558312428e-06,0.0009003105465466132,0.00022526955015551183,-0.00010206962025141357,0.0006890131416632239,0.003362850109538488,0.8507033556221996,0.19092486261428782,0.9604222277822838,0.2796338672768879,0.16125095347063312,0.33729977116704807
ts_demean,11,PCB,840,60,0.002719179290908669,0.0026930069499609276,2.6172340947740987e-05,0.002522152187645786,0.00021821665119256154,-4.7361888877420205e-05,0.00200915381860815,0.005330789700623188,0.8631721102410626,0.20670732684711016,0.9629479513215692,0.410373760488177,0.16079328756674294,0.32036613272311215
ts_demean,12,DMT,840,60,-0.003987531041951614,-0.003921061665172585,-6.646937677902862e-05,-0.004456580479442487,0.0007420395418218096,-0.00020652072755190847,-0.00528644625690673,-0.0022201016352380383,0.8581621927670713,0.4651916771169609,0.9712082773371172,0.0036613272311212816,0.004729214340198322,0.014187643020594966
ts_demean,12,PCB,840,60,-0.012569864128975048,-0.012561370755640172,-8.493373334873708e-06,-0.01116333538841597,-0.0012711269527629022,-0.00012690841446129776,-0.012008158854055635,-0.005822157680504624,0.8465406628619939,0.3659568489551237,0.9677042036385204,0.021967963386727688,0.034324942791762014,0.07093821510297482
ts_demean,13,DMT,840,60,-0.01762586563639269,-0.017599087329814002,-2.6778306578688224e-05,-0.013539103336501455,-0.0039010445628004896,-0.00015893943051205578,-0.014123950172912151,-0.008080054888799393,0.8240651193876347,0.34509612017920865,0.9657386252956205,0.016018306636155607,0.03371472158657513,0.07536231884057971
ts_demean,13,PCB,840,60,-0.0032046268351729377,-0.003242332482467535,3.770564729459727e-05,-0.0029362524152355992,-0.0003862608314186357,8.018076418669963e-05,-0.0030568344116503237,0.0008557071891202122,0.8562714056592635,0.25954375928582507,0.9671491498979468,0.19221967963386727,0.1270785659801678,0.24576659038901602
ts_demean,14,DMT,840,60,0.002089583164860909,0.002108919838833798,-1.933667397288886e-05,0.001416627025360969,0.0006052743284839036,8.701848498892502e-05,0.0012462502339434369,0.0023001388981215678,0.8447431214938664,0.21201276180334183,0.9593140726789735,0.3392829900839054,0.15835240274599544,0.3109077040427155
ts_demean,14,PCB,840,60,0.002964833992036494,0.0029690724198098107,-4.238427773317375e-06,0.002423244109212152,0.00033256072622451214,0.00021326758437314707,0.001286438212577481,0.005232299038710793,0.8604685000907832,0.2262299580087744,0.9665344176467514,0.16445461479786422,0.14584286803966437,0.28756674294431733
