# partB23_diagnostic_alternatives.py; one row per part, condition, a and quantity; git=a9d9ca4
part,condition,a,quantity,value,se
a_a1,"δ = +0.005",0.85,"residual change",0.001048540007,nan
a_a1,"δ = -0.005",0.85,"residual change",0.000732553631,nan
a_a1,"δ = +0.010",0.85,"residual change",0.00392814195,nan
a_a1,"δ = -0.010",0.85,"residual change",0.003294465698,nan
a_a1,"δ = +0.020",0.85,"residual change",0.01608700593,nan
a_a1,"δ = -0.020",0.85,"residual change",0.01481855557,nan
a_a2,"δ = +0.005 × sign(q)",0.85,"residual change",-0.01200831668,nan
a_a2,"δ = -0.005 × sign(q)",0.85,"residual change",0.01378941032,nan
a_a2,"δ = +0.010 × sign(q)",0.85,"residual change",-0.02245372676,nan
a_a2,"δ = -0.010 × sign(q)",0.85,"residual change",0.02967633441,nan
a_a2,"δ = +0.020 × sign(q)",0.85,"residual change",-0.03924639855,nan
a_a2,"δ = -0.020 × sign(q)",0.85,"residual change",0.07015196005,nan
a_a3,"c = +0.01",0.85,"residual change",0.0023747691,nan
a_a3,"c = +0.01 × sign(q)",0.85,"residual change",-0.01671324042,nan
a_a3,"c = -0.01",0.85,"residual change",0.001884692238,nan
a_a3,"c = -0.01 × sign(q)",0.85,"residual change",0.02097270176,nan
a_a3,"c = +0.02",0.85,"residual change",0.009119778853,nan
a_a3,"c = +0.02 × sign(q)",0.85,"residual change",-0.02959749575,nan
a_a3,"c = -0.02",0.85,"residual change",0.008125653128,nan
a_a3,"c = -0.02 × sign(q)",0.85,"residual change",0.04684292773,nan
a_a4,"c = +0.01",0.85,"Δr₁",0.0005084132454,nan
a_a4,"c = +0.01",0.85,"Δ mean q",0.05437147243,nan
a_a4,"c = +0.01",0.85,"Δ mean |q|",0.003197603452,nan
a_a4,"c = +0.01",0.85,"mean δ_sym",0.008846428458,nan
a_a4,"c = +0.01",0.85,"residual change",-0.00190038014,nan
a_a4,"c = +0.02",0.85,"Δr₁",0.00210923072,nan
a_a4,"c = +0.02",0.85,"Δ mean q",0.1089916839,nan
a_a4,"c = +0.02",0.85,"Δ mean |q|",0.01320246598,nan
a_a4,"c = +0.02",0.85,"mean δ_sym",0.01755218972,nan
a_a4,"c = +0.02",0.85,"residual change",-0.008149247662,nan
a_a4,"c = +0.03",0.85,"Δr₁",0.004816938308,nan
a_a4,"c = +0.03",0.85,"Δ mean q",0.1640947582,nan
a_a4,"c = +0.03",0.85,"Δ mean |q|",0.03016341386,nan
a_a4,"c = +0.03",0.85,"mean δ_sym",0.02596526103,nan
a_a4,"c = +0.03",0.85,"residual change",-0.01893206315,nan
a_a4,"c = -0.02",0.85,"Δr₁",0.002248799771,nan
a_a4,"c = -0.02",0.85,"Δ mean q",-0.1089098406,nan
a_a4,"c = -0.02",0.85,"Δ mean |q|",0.01487774088,nan
a_a4,"c = -0.02",0.85,"mean δ_sym",-0.01752582301,nan
a_a4,"c = -0.02",0.85,"residual change",-0.009125351788,nan
a_a5,"Δa_s = −0.01",0.85,"Δr₁",-0.002716435695,nan
a_a5,"Δa_s = −0.01",0.85,"Δ mean(sign(q)·δ_sym)",-0.001583937604,nan
a_a5,"Δa_s = −0.01",0.85,"residual change",0.004662286321,nan
a_a5,"Δa_s = −0.01",0.85,"residual change / Δr₁",-1.716324936,nan
a_a5,"Δa_s = −0.02",0.85,"Δr₁",-0.005432871391,nan
a_a5,"Δa_s = −0.02",0.85,"Δ mean(sign(q)·δ_sym)",-0.003167875207,nan
a_a5,"Δa_s = −0.02",0.85,"residual change",0.009280918954,nan
a_a5,"Δa_s = −0.02",0.85,"residual change / Δr₁",-1.708289832,nan
a_a5,"Δa_s = −0.03",0.85,"Δr₁",-0.008149307086,nan
a_a5,"Δa_s = −0.03",0.85,"Δ mean(sign(q)·δ_sym)",-0.004751812811,nan
a_a5,"Δa_s = −0.03",0.85,"residual change",0.01385129449,nan
a_a5,"Δa_s = −0.03",0.85,"residual change / Δr₁",-1.699689843,nan
a_a5,"λ → 0.9λ",0.85,"Δr₁",-0.001629861417,nan
a_a5,"λ → 0.9λ",0.85,"Δ mean(sign(q)·δ_sym)",-0.0003388135926,nan
a_a5,"λ → 0.9λ",0.85,"residual change",0.004713525839,nan
a_a5,"λ → 0.9λ",0.85,"residual change / Δr₁",-2.89197952,nan
a_a1,"δ = +0.005",0.8632,"residual change",0.001258756993,nan
a_a1,"δ = -0.005",0.8632,"residual change",0.0009123566902,nan
a_a1,"δ = +0.010",0.8632,"residual change",0.00476173583,nan
a_a1,"δ = -0.010",0.8632,"residual change",0.004066781171,nan
a_a1,"δ = +0.020",0.8632,"residual change",0.01993834324,nan
a_a1,"δ = -0.020",0.8632,"residual change",0.01855503202,nan
a_a2,"δ = +0.005 × sign(q)",0.8632,"residual change",-0.01307021759,nan
a_a2,"δ = -0.005 × sign(q)",0.8632,"residual change",0.01524133128,nan
a_a2,"δ = +0.010 × sign(q)",0.8632,"residual change",-0.02425332796,nan
a_a2,"δ = -0.010 × sign(q)",0.8632,"residual change",0.03308184496,nan
a_a2,"δ = +0.020 × sign(q)",0.8632,"residual change",-0.04170084905,nan
a_a2,"δ = -0.020 × sign(q)",0.8632,"residual change",0.08019422431,nan
a_a3,"c = +0.01",0.8632,"residual change",0.002873842748,nan
a_a3,"c = +0.01 × sign(q)",0.8632,"residual change",-0.01806977396,nan
a_a3,"c = -0.01",0.8632,"residual change",0.0023361251,nan
a_a3,"c = -0.01 × sign(q)",0.8632,"residual change",0.02327974181,nan
a_a3,"c = +0.02",0.8632,"residual change",0.01111801523,nan
a_a3,"c = +0.02 × sign(q)",0.8632,"residual change",-0.03148700427,nan
a_a3,"c = -0.02",0.8632,"residual change",0.01002404892,nan
a_a3,"c = -0.02 × sign(q)",0.8632,"residual change",0.05262906842,nan
a_a4,"c = +0.01",0.8632,"Δr₁",0.0005659221258,nan
a_a4,"c = +0.01",0.8632,"Δ mean q",0.06012236048,nan
a_a4,"c = +0.01",0.8632,"Δ mean |q|",0.003927060888,nan
a_a4,"c = +0.01",0.8632,"mean δ_sym",0.008841345462,nan
a_a4,"c = +0.01",0.8632,"residual change",-0.002304187158,nan
a_a4,"c = +0.02",0.8632,"Δr₁",0.002340620016,nan
a_a4,"c = +0.02",0.8632,"Δ mean q",0.1205611487,nan
a_a4,"c = +0.02",0.8632,"Δ mean |q|",0.01622937063,nan
a_a4,"c = +0.02",0.8632,"mean δ_sym",0.01750972646,nan
a_a4,"c = +0.02",0.8632,"residual change",-0.009838029277,nan
a_a4,"c = +0.03",0.8632,"Δr₁",0.005342593795,nan
a_a4,"c = +0.03",0.8632,"Δ mean q",0.1816166077,nan
a_a4,"c = +0.03",0.8632,"Δ mean |q|",0.03698093778,nan
a_a4,"c = +0.03",0.8632,"mean δ_sym",0.02581812681,nan
a_a4,"c = +0.03",0.8632,"residual change",-0.02287112394,nan
a_a4,"c = -0.02",0.8632,"Δr₁",0.002479822999,nan
a_a4,"c = -0.02",0.8632,"Δ mean q",-0.1204610021,nan
a_a4,"c = -0.02",0.8632,"Δ mean |q|",0.0180874515,nan
a_a4,"c = -0.02",0.8632,"mean δ_sym",-0.01748062697,nan
a_a4,"c = -0.02",0.8632,"residual change",-0.01090816877,nan
a_a5,"Δa_s = −0.01",0.8632,"Δr₁",-0.002716435695,nan
a_a5,"Δa_s = −0.01",0.8632,"Δ mean(sign(q)·δ_sym)",-0.001583937604,nan
a_a5,"Δa_s = −0.01",0.8632,"residual change",0.005024727308,nan
a_a5,"Δa_s = −0.01",0.8632,"residual change / Δr₁",-1.84975014,nan
a_a5,"Δa_s = −0.02",0.8632,"Δr₁",-0.005432871391,nan
a_a5,"Δa_s = −0.02",0.8632,"Δ mean(sign(q)·δ_sym)",-0.003167875207,nan
a_a5,"Δa_s = −0.02",0.8632,"residual change",0.01000872581,nan
a_a5,"Δa_s = −0.02",0.8632,"residual change / Δr₁",-1.842253404,nan
a_a5,"Δa_s = −0.03",0.8632,"Δr₁",-0.008149307086,nan
a_a5,"Δa_s = −0.03",0.8632,"Δ mean(sign(q)·δ_sym)",-0.004751812811,nan
a_a5,"Δa_s = −0.03",0.8632,"residual change",0.01494504336,nan
a_a5,"Δa_s = −0.03",0.8632,"residual change / Δr₁",-1.83390357,nan
a_a5,"λ → 0.9λ",0.8632,"Δr₁",-0.001629861417,nan
a_a5,"λ → 0.9λ",0.8632,"Δ mean(sign(q)·δ_sym)",-0.0003388135926,nan
a_a5,"λ → 0.9λ",0.8632,"residual change",0.005137537133,nan
a_a5,"λ → 0.9λ",0.8632,"residual change / Δr₁",-3.152131266,nan
b,"(i) Δa = −0.015",0.85,"Δ observed sts",-0.04239943045,0.000105106
b,"(i) Δa = −0.015",0.85,"Δ AR(1)-substituted sts",-0.04776852175,0.000120425
b,"(i) Δa = −0.015",0.85,"Δ residual",0.005369091302,8.87961e-05
b,"(i) Δa = −0.015",0.85,"Δ r₁",-0.01376793668,1.74828e-05
b,"(i) Δa = −0.015",0.85,"Δ A_other",6.859743524e-06,4.07127e-05
b,"(i) Δa = −0.015",0.85,"Δ A_same",1.239896165e-05,4.96812e-05
b,"(i) Δa = −0.015",0.85,"Δ D",0.0001462894083,6.9645e-05
b,"(i) Δa = −0.015",0.85,"Δ B",0.0003413111438,4.08143e-05
b,"(i) Δa = −0.015",0.85,"residual change / Δr₁",-0.3899706562,nan
b,"(a1) δ = +0.02",0.85,"Δ observed sts",0.005208897217,0.000781966
b,"(a1) δ = +0.02",0.85,"Δ AR(1)-substituted sts",-0.004568372983,0.000348631
b,"(a1) δ = +0.02",0.85,"Δ residual",0.0097772702,0.000930884
b,"(a1) δ = +0.02",0.85,"Δ r₁",-0.0009199423425,4.25549e-05
b,"(a1) δ = +0.02",0.85,"Δ A_other",0.0004093233498,0.000339386
b,"(a1) δ = +0.02",0.85,"Δ A_same",0.0001658651893,0.000338334
b,"(a1) δ = +0.02",0.85,"Δ D",0.0003169820674,0.000137503
b,"(a1) δ = +0.02",0.85,"Δ B",0.0004545084676,9.86587e-05
b,"(a1) δ = +0.02",0.85,"residual change / Δr₁",-10.62813369,nan
b,"(a1) δ = −0.02",0.85,"Δ observed sts",0.006076882403,0.000791674
b,"(a1) δ = −0.02",0.85,"Δ AR(1)-substituted sts",-0.004086516552,0.000370591
b,"(a1) δ = −0.02",0.85,"Δ residual",0.01016339895,0.000954184
b,"(a1) δ = −0.02",0.85,"Δ r₁",-0.0008947856519,4.27888e-05
b,"(a1) δ = −0.02",0.85,"Δ A_other",0.0005862165248,0.000337204
b,"(a1) δ = −0.02",0.85,"Δ A_same",0.0006987896709,0.000339264
b,"(a1) δ = −0.02",0.85,"Δ D",0.0004058370575,0.000131716
b,"(a1) δ = −0.02",0.85,"Δ B",0.0003231804759,0.000113655
b,"(a1) δ = −0.02",0.85,"residual change / Δr₁",-11.35847332,nan
b,"(a2) δ = +0.01 × sign(q)",0.85,"Δ observed sts",-0.01064494693,0.000275433
b,"(a2) δ = +0.01 × sign(q)",0.85,"Δ AR(1)-substituted sts",0.002897706818,0.000153467
b,"(a2) δ = +0.01 × sign(q)",0.85,"Δ residual",-0.01354265375,0.000301333
b,"(a2) δ = +0.01 × sign(q)",0.85,"Δ r₁",-0.000229872789,2.06477e-05
b,"(a2) δ = +0.01 × sign(q)",0.85,"Δ A_other",0.007815432472,0.000105664
b,"(a2) δ = +0.01 × sign(q)",0.85,"Δ A_same",0.007812928604,0.000101813
b,"(a2) δ = +0.01 × sign(q)",0.85,"Δ D",-7.070927337e-05,6.41226e-05
b,"(a2) δ = +0.01 × sign(q)",0.85,"Δ B",0.0166102083,9.79048e-05
b,"(a2) δ = +0.01 × sign(q)",0.85,"residual change / Δr₁",58.91368789,nan
b,"(a2) δ = −0.01 × sign(q)",0.85,"Δ observed sts",0.0133859915,0.000329268
b,"(a2) δ = −0.01 × sign(q)",0.85,"Δ AR(1)-substituted sts",-0.005111187172,0.000195458
b,"(a2) δ = −0.01 × sign(q)",0.85,"Δ residual",0.01849717867,0.000384623
b,"(a2) δ = −0.01 × sign(q)",0.85,"Δ r₁",-0.0002117387705,2.1398e-05
b,"(a2) δ = −0.01 × sign(q)",0.85,"Δ A_other",-0.007484902113,0.000104839
b,"(a2) δ = −0.01 × sign(q)",0.85,"Δ A_same",-0.007623758862,9.95707e-05
b,"(a2) δ = −0.01 × sign(q)",0.85,"Δ D",0.0003946445063,0.000135884
b,"(a2) δ = −0.01 × sign(q)",0.85,"Δ B",-0.01679570493,8.77393e-05
b,"(a2) δ = −0.01 × sign(q)",0.85,"residual change / Δr₁",-87.35848719,nan
b,"(a3) c = +0.02, r₁ and q held",0.85,"Δ observed sts",0.003351204999,0.000469284
b,"(a3) c = +0.02, r₁ and q held",0.85,"Δ AR(1)-substituted sts",-0.003421095563,0.000284469
b,"(a3) c = +0.02, r₁ and q held",0.85,"Δ residual",0.006772300562,0.000553529
b,"(a3) c = +0.02, r₁ and q held",0.85,"Δ r₁",-0.0006855570591,3.64834e-05
b,"(a3) c = +0.02, r₁ and q held",0.85,"Δ A_other",0.000137648255,0.000307139
b,"(a3) c = +0.02, r₁ and q held",0.85,"Δ A_same",-7.697166586e-05,0.000305469
b,"(a3) c = +0.02, r₁ and q held",0.85,"Δ D",0.0001046455867,9.09805e-05
b,"(a3) c = +0.02, r₁ and q held",0.85,"Δ B",-4.203782628e-05,8.35951e-05
b,"(a3) c = +0.02, r₁ and q held",0.85,"residual change / Δr₁",-9.878536691,nan
b,"(a4) c = +0.02, B17's construction",0.85,"Δ observed sts",-0.0001125723086,0.000400532
b,"(a4) c = +0.02, B17's construction",0.85,"Δ AR(1)-substituted sts",0.004675360188,0.000362257
b,"(a4) c = +0.02, B17's construction",0.85,"Δ residual",-0.004787932497,0.000645626
b,"(a4) c = +0.02, B17's construction",0.85,"Δ r₁",0.001286552097,0.00012169
b,"(a4) c = +0.02, B17's construction",0.85,"Δ A_other",0.003866009884,0.000336649
b,"(a4) c = +0.02, B17's construction",0.85,"Δ A_same",0.004007016491,0.000348037
b,"(a4) c = +0.02, B17's construction",0.85,"Δ D",3.110608177e-05,6.61605e-05
b,"(a4) c = +0.02, B17's construction",0.85,"Δ B",-0.001649802581,0.000116444
b,"(a4) c = +0.02, B17's construction",0.85,"residual change / Δr₁",-3.721522437,nan
b,"(a4) c = -0.02, B17's construction",0.85,"Δ observed sts",5.749236185e-05,0.000401877
b,"(a4) c = -0.02, B17's construction",0.85,"Δ AR(1)-substituted sts",0.005516027417,0.000383754
b,"(a4) c = -0.02, B17's construction",0.85,"Δ residual",-0.005458535055,0.000659427
b,"(a4) c = -0.02, B17's construction",0.85,"Δ r₁",0.001339817977,0.000121723
b,"(a4) c = -0.02, B17's construction",0.85,"Δ A_other",0.004050496904,0.000334107
b,"(a4) c = -0.02, B17's construction",0.85,"Δ A_same",0.004400539836,0.000340161
b,"(a4) c = -0.02, B17's construction",0.85,"Δ D",-9.753287229e-05,0.000118801
b,"(a4) c = -0.02, B17's construction",0.85,"Δ B",-0.001913233479,0.000104467
b,"(a4) c = -0.02, B17's construction",0.85,"residual change / Δr₁",-4.074087039,nan
b,"(a5) Δa_s = −0.03 (against the (a5) base)",0.85,"Δ observed sts",-0.01469734033,0.000200324
b,"(a5) Δa_s = −0.03 (against the (a5) base)",0.85,"Δ AR(1)-substituted sts",-0.02489353788,0.000381941
b,"(a5) Δa_s = −0.03 (against the (a5) base)",0.85,"Δ residual",0.01019619755,0.000229522
b,"(a5) Δa_s = −0.03 (against the (a5) base)",0.85,"Δ r₁",-0.006423452272,9.77941e-05
b,"(a5) Δa_s = −0.03 (against the (a5) base)",0.85,"Δ A_other",-0.003709290237,6.12027e-05
b,"(a5) Δa_s = −0.03 (against the (a5) base)",0.85,"Δ A_same",-0.003769156417,5.59406e-05
b,"(a5) Δa_s = −0.03 (against the (a5) base)",0.85,"Δ D",7.596165066e-05,4.98808e-05
b,"(a5) Δa_s = −0.03 (against the (a5) base)",0.85,"Δ B",-0.01066057685,7.05456e-05
b,"(a5) Δa_s = −0.03 (against the (a5) base)",0.85,"residual change / Δr₁",-1.587339193,nan
b,"(a5) λ → 0.9λ (against the (a5) base)",0.85,"Δ observed sts",0.003542438084,0.000160238
b,"(a5) λ → 0.9λ (against the (a5) base)",0.85,"Δ AR(1)-substituted sts",-0.0003685915011,0.000131999
b,"(a5) λ → 0.9λ (against the (a5) base)",0.85,"Δ residual",0.003911029585,0.000121024
b,"(a5) λ → 0.9λ (against the (a5) base)",0.85,"Δ r₁",-0.001434399602,2.9673e-05
b,"(a5) λ → 0.9λ (against the (a5) base)",0.85,"Δ A_other",-9.78947063e-05,4.79335e-05
b,"(a5) λ → 0.9λ (against the (a5) base)",0.85,"Δ A_same",-2.943277248e-05,4.78665e-05
b,"(a5) λ → 0.9λ (against the (a5) base)",0.85,"Δ D",0.0001902440558,7.83266e-05
b,"(a5) λ → 0.9λ (against the (a5) base)",0.85,"Δ B",0.01094748347,7.1311e-05
b,"(a5) λ → 0.9λ (against the (a5) base)",0.85,"residual change / Δr₁",-2.726596953,nan
c,"r1 = 0.8, q = 0.1",0.8,"CCS-sts",-0.01534545922,nan
c,"r1 = 0.8, q = 0.1",0.8,"MMI-sts (fit)",1.017014831,nan
c,"r1 = 0.83, q = 0.1",0.83,"CCS-sts",-0.01577192822,nan
c,"r1 = 0.83, q = 0.1",0.83,"MMI-sts (fit)",1.16229611,nan
c,"r1 = 0.85, q = 0.1",0.85,"CCS-sts",-0.01596505237,nan
c,"r1 = 0.85, q = 0.1",0.85,"MMI-sts (fit)",1.276002219,nan
c,"r1 = 0.87, q = 0.1",0.87,"CCS-sts",-0.01606928392,nan
c,"r1 = 0.87, q = 0.1",0.87,"MMI-sts (fit)",1.407631595,nan
c,"r1 = 0.9, q = 0.1",0.9,"CCS-sts",-0.01585166399,nan
c,"r1 = 0.9, q = 0.1",0.9,"MMI-sts (fit)",1.652636829,nan
c,"r1 = 0.8, q = 0.25",0.8,"CCS-sts",-0.03040920362,nan
c,"r1 = 0.8, q = 0.25",0.8,"MMI-sts (fit)",1.000044085,nan
c,"r1 = 0.83, q = 0.25",0.83,"CCS-sts",-0.03135053475,nan
c,"r1 = 0.83, q = 0.25",0.83,"MMI-sts (fit)",1.144048438,nan
c,"r1 = 0.85, q = 0.25",0.85,"CCS-sts",-0.03175264203,nan
c,"r1 = 0.85, q = 0.25",0.85,"MMI-sts (fit)",1.256893277,nan
c,"r1 = 0.87, q = 0.25",0.87,"CCS-sts",-0.0318879215,nan
c,"r1 = 0.87, q = 0.25",0.87,"MMI-sts (fit)",1.387662147,nan
c,"r1 = 0.9, q = 0.25",0.9,"CCS-sts",-0.03130095157,nan
c,"r1 = 0.9, q = 0.25",0.9,"MMI-sts (fit)",1.631408067,nan
c,"r1 = 0.8, q = 0.4",0.8,"CCS-sts",-0.03411652027,nan
c,"r1 = 0.8, q = 0.4",0.8,"MMI-sts (fit)",0.9667164078,nan
c,"r1 = 0.83, q = 0.4",0.83,"CCS-sts",-0.03557821957,nan
c,"r1 = 0.83, q = 0.4",0.83,"MMI-sts (fit)",1.108035021,nan
c,"r1 = 0.85, q = 0.4",0.85,"CCS-sts",-0.03613220529,nan
c,"r1 = 0.85, q = 0.4",0.85,"MMI-sts (fit)",1.219043097,nan
c,"r1 = 0.87, q = 0.4",0.87,"CCS-sts",-0.03636735052,nan
c,"r1 = 0.87, q = 0.4",0.87,"MMI-sts (fit)",1.347949312,nan
c,"r1 = 0.9, q = 0.4",0.9,"CCS-sts",-0.03547440557,nan
c,"r1 = 0.9, q = 0.4",0.9,"MMI-sts (fit)",1.588890891,nan
c,"slope in r1 at q = 0.25",0.85,"d CCS-sts / d r1",-0.01343466881,nan
c,"Δa = −0.015 at (0.85, 0.25)",0.85,"Δ CCS-sts",0.0003364075527,nan
d,"0.008–0.09 Hz, TR 2.0, β 100",nan,"r1 flat",0.7806989941,nan
d,"0.008–0.09 Hz, TR 2.0, β 100",nan,"Δr1",0.03758613044,nan
d,"0.008–0.09 Hz, TR 2.0, β 100",nan,"Δsts",0.1651622529,nan
d,"0.008–0.09 Hz, TR 2.0, β 100",nan,"Δsts/Δr1",4.394234014,nan
d,"0.008–0.09 Hz, TR 2.0, β 200",nan,"r1 flat",0.7806989941,nan
d,"0.008–0.09 Hz, TR 2.0, β 200",nan,"Δr1",0.06886705142,nan
d,"0.008–0.09 Hz, TR 2.0, β 200",nan,"Δsts",0.3353152372,nan
d,"0.008–0.09 Hz, TR 2.0, β 200",nan,"Δsts/Δr1",4.869022708,nan
d,"0.008–0.09 Hz, TR 2.0, β 400",nan,"r1 flat",0.7806989941,nan
d,"0.008–0.09 Hz, TR 2.0, β 400",nan,"Δr1",0.1131909987,nan
d,"0.008–0.09 Hz, TR 2.0, β 400",nan,"Δsts",0.658145753,nan
d,"0.008–0.09 Hz, TR 2.0, β 400",nan,"Δsts/Δr1",5.814470767,nan
d,"0.008–0.09 Hz, TR 1.838, β 100",nan,"r1 flat",0.8129301288,nan
d,"0.008–0.09 Hz, TR 1.838, β 100",nan,"Δr1",0.03221214063,nan
d,"0.008–0.09 Hz, TR 1.838, β 100",nan,"Δsts",0.1696193578,nan
d,"0.008–0.09 Hz, TR 1.838, β 100",nan,"Δsts/Δr1",5.26569655,nan
d,"0.008–0.09 Hz, TR 1.838, β 200",nan,"r1 flat",0.8129301288,nan
d,"0.008–0.09 Hz, TR 1.838, β 200",nan,"Δr1",0.05899567009,nan
d,"0.008–0.09 Hz, TR 1.838, β 200",nan,"Δsts",0.3435984559,nan
d,"0.008–0.09 Hz, TR 1.838, β 200",nan,"Δsts/Δr1",5.824130065,nan
d,"0.008–0.09 Hz, TR 1.838, β 400",nan,"r1 flat",0.8129301288,nan
d,"0.008–0.09 Hz, TR 1.838, β 400",nan,"Δr1",0.09689541429,nan
d,"0.008–0.09 Hz, TR 1.838, β 400",nan,"Δsts",0.6721974416,nan
d,"0.008–0.09 Hz, TR 1.838, β 400",nan,"Δsts/Δr1",6.937350405,nan
d,"0.008–0.09 Hz, TR 0.72, β 100",nan,"r1 flat",0.9699476029,nan
d,"0.008–0.09 Hz, TR 0.72, β 100",nan,"Δr1",0.00528406048,nan
d,"0.008–0.09 Hz, TR 0.72, β 100",nan,"Δsts",0.1903562108,nan
d,"0.008–0.09 Hz, TR 0.72, β 100",nan,"Δsts/Δr1",36.02460865,nan
d,"0.008–0.09 Hz, TR 0.72, β 200",nan,"r1 flat",0.9699476029,nan
d,"0.008–0.09 Hz, TR 0.72, β 200",nan,"Δr1",0.009659396127,nan
d,"0.008–0.09 Hz, TR 0.72, β 200",nan,"Δsts",0.3822336398,nan
d,"0.008–0.09 Hz, TR 0.72, β 200",nan,"Δsts/Δr1",39.57117347,nan
d,"0.008–0.09 Hz, TR 0.72, β 400",nan,"r1 flat",0.9699476029,nan
d,"0.008–0.09 Hz, TR 0.72, β 400",nan,"Δr1",0.01581301281,nan
d,"0.008–0.09 Hz, TR 0.72, β 400",nan,"Δsts",0.7379078252,nan
d,"0.008–0.09 Hz, TR 0.72, β 400",nan,"Δsts/Δr1",46.66459415,nan
d,"0.0025–0.05 Hz, TR 2.0, β 100",nan,"r1 flat",0.9321026401,nan
d,"0.0025–0.05 Hz, TR 2.0, β 100",nan,"Δr1",0.004099224951,nan
d,"0.0025–0.05 Hz, TR 2.0, β 100",nan,"Δsts",0.05990066514,nan
d,"0.0025–0.05 Hz, TR 2.0, β 100",nan,"Δsts/Δr1",14.61268066,nan
d,"0.0025–0.05 Hz, TR 2.0, β 200",nan,"r1 flat",0.9321026401,nan
d,"0.0025–0.05 Hz, TR 2.0, β 200",nan,"Δr1",0.008001079105,nan
d,"0.0025–0.05 Hz, TR 2.0, β 200",nan,"Δsts",0.1207549256,nan
d,"0.0025–0.05 Hz, TR 2.0, β 200",nan,"Δsts/Δr1",15.09232993,nan
d,"0.0025–0.05 Hz, TR 2.0, β 400",nan,"r1 flat",0.9321026401,nan
d,"0.0025–0.05 Hz, TR 2.0, β 400",nan,"Δr1",0.01516602324,nan
d,"0.0025–0.05 Hz, TR 2.0, β 400",nan,"Δsts",0.2440256672,nan
d,"0.0025–0.05 Hz, TR 2.0, β 400",nan,"Δsts/Δr1",16.09028704,nan
d,"0.0025–0.05 Hz, TR 2.4, β 100",nan,"r1 flat",0.903074358,nan
d,"0.0025–0.05 Hz, TR 2.4, β 100",nan,"Δr1",0.005828671989,nan
d,"0.0025–0.05 Hz, TR 2.4, β 100",nan,"Δsts",0.05861358613,nan
d,"0.0025–0.05 Hz, TR 2.4, β 100",nan,"Δsts/Δr1",10.05607902,nan
d,"0.0025–0.05 Hz, TR 2.4, β 200",nan,"r1 flat",0.903074358,nan
d,"0.0025–0.05 Hz, TR 2.4, β 200",nan,"Δr1",0.01137804726,nan
d,"0.0025–0.05 Hz, TR 2.4, β 200",nan,"Δsts",0.1182288321,nan
d,"0.0025–0.05 Hz, TR 2.4, β 200",nan,"Δsts/Δr1",10.39095984,nan
d,"0.0025–0.05 Hz, TR 2.4, β 400",nan,"r1 flat",0.903074358,nan
d,"0.0025–0.05 Hz, TR 2.4, β 400",nan,"Δr1",0.02157201242,nan
d,"0.0025–0.05 Hz, TR 2.4, β 400",nan,"Δsts",0.2391804511,nan
d,"0.0025–0.05 Hz, TR 2.4, β 400",nan,"Δsts/Δr1",11.08753538,nan
d,"0.0025–0.05 Hz, TR 2.6, β 100",nan,"r1 flat",0.8868078318,nan
d,"0.0025–0.05 Hz, TR 2.6, β 100",nan,"Δr1",0.006791483435,nan
d,"0.0025–0.05 Hz, TR 2.6, β 100",nan,"Δsts",0.05788441749,nan
d,"0.0025–0.05 Hz, TR 2.6, β 100",nan,"Δsts/Δr1",8.52308896,nan
d,"0.0025–0.05 Hz, TR 2.6, β 200",nan,"r1 flat",0.8868078318,nan
d,"0.0025–0.05 Hz, TR 2.6, β 200",nan,"Δr1",0.01325843084,nan
d,"0.0025–0.05 Hz, TR 2.6, β 200",nan,"Δsts",0.1167980748,nan
d,"0.0025–0.05 Hz, TR 2.6, β 200",nan,"Δsts/Δr1",8.809343745,nan
d,"0.0025–0.05 Hz, TR 2.6, β 400",nan,"r1 flat",0.8868078318,nan
d,"0.0025–0.05 Hz, TR 2.6, β 400",nan,"Δr1",0.02514039841,nan
d,"0.0025–0.05 Hz, TR 2.6, β 400",nan,"Δsts",0.2364372947,nan
d,"0.0025–0.05 Hz, TR 2.6, β 400",nan,"Δsts/Δr1",9.404675728,nan
d,"0.0025–0.05 Hz, TR 3.0, β 100",nan,"r1 flat",0.850960205,nan
d,"0.0025–0.05 Hz, TR 3.0, β 100",nan,"Δr1",0.00889676027,nan
d,"0.0025–0.05 Hz, TR 3.0, β 100",nan,"Δsts",0.05625627927,nan
d,"0.0025–0.05 Hz, TR 3.0, β 100",nan,"Δsts/Δr1",6.323232004,nan
d,"0.0025–0.05 Hz, TR 3.0, β 200",nan,"r1 flat",0.850960205,nan
d,"0.0025–0.05 Hz, TR 3.0, β 200",nan,"Δr1",0.01737103591,nan
d,"0.0025–0.05 Hz, TR 3.0, β 200",nan,"Δsts",0.1136043615,nan
d,"0.0025–0.05 Hz, TR 3.0, β 200",nan,"Δsts/Δr1",6.539872582,nan
d,"0.0025–0.05 Hz, TR 3.0, β 400",nan,"r1 flat",0.850960205,nan
d,"0.0025–0.05 Hz, TR 3.0, β 400",nan,"Δr1",0.0329484312,nan
d,"0.0025–0.05 Hz, TR 3.0, β 400",nan,"Δsts",0.2303172309,nan
d,"0.0025–0.05 Hz, TR 3.0, β 400",nan,"Δsts/Δr1",6.990233602,nan
d,"0.0025–0.05 Hz, TR 1.25, β 100",nan,"r1 flat",0.9731563906,nan
d,"0.0025–0.05 Hz, TR 1.25, β 100",nan,"Δr1",0.001629464739,nan
d,"0.0025–0.05 Hz, TR 1.25, β 100",nan,"Δsts",0.06169173063,nan
d,"0.0025–0.05 Hz, TR 1.25, β 100",nan,"Δsts/Δr1",37.86012005,nan
d,"0.0025–0.05 Hz, TR 1.25, β 200",nan,"r1 flat",0.9731563906,nan
d,"0.0025–0.05 Hz, TR 1.25, β 200",nan,"Δr1",0.003179958905,nan
d,"0.0025–0.05 Hz, TR 1.25, β 200",nan,"Δsts",0.1242713735,nan
d,"0.0025–0.05 Hz, TR 1.25, β 200",nan,"Δsts/Δr1",39.07955329,nan
d,"0.0025–0.05 Hz, TR 1.25, β 400",nan,"r1 flat",0.9731563906,nan
d,"0.0025–0.05 Hz, TR 1.25, β 400",nan,"Δr1",0.006025706452,nan
d,"0.0025–0.05 Hz, TR 1.25, β 400",nan,"Δsts",0.2507743453,nan
d,"0.0025–0.05 Hz, TR 1.25, β 400",nan,"Δsts/Δr1",41.61741819,nan
d,"0.01–0.1 Hz, TR 2.0, β 100",nan,"r1 flat",0.7300996782,nan
d,"0.01–0.1 Hz, TR 2.0, β 100",nan,"Δr1",0.05468319922,nan
d,"0.01–0.1 Hz, TR 2.0, β 100",nan,"Δsts",0.1926024551,nan
d,"0.01–0.1 Hz, TR 2.0, β 100",nan,"Δsts/Δr1",3.522150457,nan
d,"0.01–0.1 Hz, TR 2.0, β 200",nan,"r1 flat",0.7300996782,nan
d,"0.01–0.1 Hz, TR 2.0, β 200",nan,"Δr1",0.09795505797,nan
d,"0.01–0.1 Hz, TR 2.0, β 200",nan,"Δsts",0.3908445833,nan
d,"0.01–0.1 Hz, TR 2.0, β 200",nan,"Δsts/Δr1",3.990039835,nan
d,"0.01–0.1 Hz, TR 2.0, β 400",nan,"r1 flat",0.7300996782,nan
d,"0.01–0.1 Hz, TR 2.0, β 400",nan,"Δr1",0.1539687304,nan
d,"0.01–0.1 Hz, TR 2.0, β 400",nan,"Δsts",0.7516984427,nan
d,"0.01–0.1 Hz, TR 2.0, β 400",nan,"Δsts/Δr1",4.882150035,nan
d,"0.01–0.1 Hz, TR 1.0, β 100",nan,"r1 flat",0.9283945202,nan
d,"0.01–0.1 Hz, TR 1.0, β 100",nan,"Δr1",0.01491210488,nan
d,"0.01–0.1 Hz, TR 1.0, β 100",nan,"Δsts",0.2248883477,nan
d,"0.01–0.1 Hz, TR 1.0, β 100",nan,"Δsts/Δr1",15.08092583,nan
d,"0.01–0.1 Hz, TR 1.0, β 200",nan,"r1 flat",0.9283945202,nan
d,"0.01–0.1 Hz, TR 1.0, β 200",nan,"Δr1",0.02663287263,nan
d,"0.01–0.1 Hz, TR 1.0, β 200",nan,"Δsts",0.4497420958,nan
d,"0.01–0.1 Hz, TR 1.0, β 200",nan,"Δsts/Δr1",16.88672875,nan
d,"0.01–0.1 Hz, TR 1.0, β 400",nan,"r1 flat",0.9283945202,nan
d,"0.01–0.1 Hz, TR 1.0, β 400",nan,"Δr1",0.0416572524,nan
d,"0.01–0.1 Hz, TR 1.0, β 400",nan,"Δsts",0.8477105095,nan
d,"0.01–0.1 Hz, TR 1.0, β 400",nan,"Δsts/Δr1",20.34965008,nan
d,"0.01–0.1 Hz, TR 1.2, β 100",nan,"r1 flat",0.8977816874,nan
d,"0.01–0.1 Hz, TR 1.2, β 100",nan,"Δr1",0.02120384783,nan
d,"0.01–0.1 Hz, TR 1.2, β 100",nan,"Δsts",0.2201028241,nan
d,"0.01–0.1 Hz, TR 1.2, β 100",nan,"Δsts/Δr1",10.38032464,nan
d,"0.01–0.1 Hz, TR 1.2, β 200",nan,"r1 flat",0.8977816874,nan
d,"0.01–0.1 Hz, TR 1.2, β 200",nan,"Δr1",0.03788596835,nan
d,"0.01–0.1 Hz, TR 1.2, β 200",nan,"Δsts",0.4409906029,nan
d,"0.01–0.1 Hz, TR 1.2, β 200",nan,"Δsts/Δr1",11.6399454,nan
d,"0.01–0.1 Hz, TR 1.2, β 400",nan,"r1 flat",0.8977816874,nan
d,"0.01–0.1 Hz, TR 1.2, β 400",nan,"Δr1",0.05930015472,nan
d,"0.01–0.1 Hz, TR 1.2, β 400",nan,"Δsts",0.8334142016,nan
d,"0.01–0.1 Hz, TR 1.2, β 400",nan,"Δsts/Δr1",14.05416572,nan
d,"0.01–0.08 Hz (this study), TR 2.0, β 100",nan,"r1 flat",0.8173682806,nan
d,"0.01–0.08 Hz (this study), TR 2.0, β 100",nan,"Δr1",0.02387018084,nan
d,"0.01–0.08 Hz (this study), TR 2.0, β 100",nan,"Δsts",0.125726568,nan
d,"0.01–0.08 Hz (this study), TR 2.0, β 100",nan,"Δsts/Δr1",5.267097426,nan
d,"0.01–0.08 Hz (this study), TR 2.0, β 200",nan,"r1 flat",0.8173682806,nan
d,"0.01–0.08 Hz (this study), TR 2.0, β 200",nan,"Δr1",0.04484028388,nan
d,"0.01–0.08 Hz (this study), TR 2.0, β 200",nan,"Δsts",0.2548945997,nan
d,"0.01–0.08 Hz (this study), TR 2.0, β 200",nan,"Δsts/Δr1",5.684500134,nan
d,"0.01–0.08 Hz (this study), TR 2.0, β 400",nan,"r1 flat",0.8173682806,nan
d,"0.01–0.08 Hz (this study), TR 2.0, β 400",nan,"Δr1",0.0776110868,nan
d,"0.01–0.08 Hz (this study), TR 2.0, β 400",nan,"Δsts",0.5071434367,nan
d,"0.01–0.08 Hz (this study), TR 2.0, β 400",nan,"Δsts/Δr1",6.534419986,nan
e,"band-passed generator (i)",nan,"population Δr1",-0.01628853152,nan
e,"band-passed generator (i)",nan,"population Δsts",-0.1126271929,nan
e,"AR(1) generator (i), simulated",0.85,"window-level Δr1 DiD",-0.01243080227,0.00100773
f,"a = 0.8, q = 0.05",0.8,"first negative asymmetry",0.0005,nan
f,"a = 0.8, q = 0.1",0.8,"first negative asymmetry",0.0015,nan
f,"a = 0.8, q = 0.25",0.8,"first negative asymmetry",0.0095,nan
f,"a = 0.8, q = 0.4",0.8,"first negative asymmetry",0.0255,nan
f,"a = 0.8, q = 0.5",0.8,"first negative asymmetry",0.042,nan
f,"a = 0.8, q = 0.7",0.8,"first negative asymmetry",nan,nan
f,"a = 0.85, q = 0.05",0.85,"first negative asymmetry",0.0005,nan
f,"a = 0.85, q = 0.1",0.85,"first negative asymmetry",0.0015,nan
f,"a = 0.85, q = 0.25",0.85,"first negative asymmetry",0.008,nan
f,"a = 0.85, q = 0.4",0.85,"first negative asymmetry",0.021,nan
f,"a = 0.85, q = 0.5",0.85,"first negative asymmetry",0.0345,nan
f,"a = 0.85, q = 0.7",0.85,"first negative asymmetry",0.0915,nan
f,"a = 0.9, q = 0.05",0.9,"first negative asymmetry",0.0005,nan
f,"a = 0.9, q = 0.1",0.9,"first negative asymmetry",0.001,nan
f,"a = 0.9, q = 0.25",0.9,"first negative asymmetry",0.006,nan
f,"a = 0.9, q = 0.4",0.9,"first negative asymmetry",0.015,nan
f,"a = 0.9, q = 0.5",0.9,"first negative asymmetry",0.025,nan
f,"a = 0.9, q = 0.7",0.9,"first negative asymmetry",0.068,nan
