# partB2_ccs_run.py; git=d507728
label,set,pre_dmt,pre_pcb,dmt_change,dmt_lo,dmt_hi,dmt_p,pcb_change,pcb_lo,pcb_hi,pcb_p,did,did_lo,did_hi,did_p,n_neg,share_of_pre,phase_p,phase_null_sd,fd_did,fd_lo,fd_hi,fd_p,resid_did,resid_lo,resid_hi,resid_p,resid_n_neg,survives,placebo_share
CCS sts ts_gsr W60,primary,-0.03865151861644879,-0.035741777119512756,0.0011868466505834123,-0.0012364591229033486,0.003715852395331036,0.38818359375,-0.0024352973766263264,-0.004771174220626438,-0.00021882561887719517,0.0633544921875,0.0036221440272097387,-6.10067079716513e-05,0.007172591568111523,0.0843505859375,4,-0.09371285157391657,0.015984015984015984,0.0014720750390199947,0.014346739579365077,-0.007038787851562497,0.03645704179645336,0.2452392578125,0.003185289939003133,5.894198034192498e-05,0.006417485015628241,0.0841064453125,3.0,True,0.6723358757498992
CCS sts ts_gsr W60,sensitivity,-0.03865151861644879,-0.035741777119512756,0.0014725799570564253,-0.0008195545957824823,0.003934408064895482,0.2684326171875,-0.00233462884474017,-0.004668375864335425,-0.00019421370951075534,0.0621337890625,0.003807208801796595,0.000452679523988025,0.007084025247149835,0.0516357421875,4,-0.09850088529707536,0.01098901098901099,0.0014498856521294482,0.019114751916666665,-0.0008026585178125139,0.04022990842482142,0.1082763671875,0.003373822461766349,0.0005197882038299128,0.0062664830875287505,0.048095703125,3.0,True,0.6132127146896894
CCS sts ts_gsr W60,early,-0.03865151861644879,-0.035741777119512756,0.0016446364575398342,-0.00037294502115233695,0.003657900537967869,0.147705078125,-0.002186833696592212,-0.005080493395522417,0.00047394994636628524,0.1693115234375,0.0038314701541320466,-0.0002360698440705062,0.007992487387038545,0.0966796875,5,-0.099128579969986,0.028971028971028972,0.001772650308771046,0.036577911,0.01568577859188987,0.059168159934002956,0.01025390625,0.0030589102264591598,-0.0003913065756975292,0.006869143993781214,0.126953125,6.0,False,0.5707557696185686
CCS sts ts_gsr W60,late,-0.03865151861644879,-0.035741777119512756,0.0008206148050182756,-0.0022097788342888207,0.003941153137112987,0.6243896484375,-0.0026340683206536176,-0.005005291900180653,-0.00010163097064090751,0.064697265625,0.003454683125671893,-0.0007730939014373232,0.0074920649132544405,0.13671875,3,-0.08938026885706105,0.03596403596403597,0.0016446869893084486,-0.0034381975571428575,-0.029848601319791657,0.02307142915680058,0.806884765625,0.003286393709038312,-0.0003415252699493248,0.006667929215623288,0.0994873046875,4.0,False,0.7624630754351237
CCS sts ts_gsr W60,trend_a_placebo_line,,,,,,,,,,,0.003305886434303496,0.0002611326258150698,0.006481516954410018,0.068359375,3,,,,,,,,,,,,,,
CCS sts ts_gsr W60,trend_b_shared_slope,,,,,,,,,,,0.003316545159947817,0.0007780084973077943,0.00602047371462502,0.030029296875,4,,,,,,,,,,,,,,
CCS xtx+yty ts_gsr W60,primary,1.2349594517833358,1.2161420481043377,-0.05319306694401831,-0.09153181977128902,-0.011387923645671505,0.0296630859375,0.03771984310759418,0.00741699450532831,0.06950788758744508,0.03662109375,-0.09091291005161249,-0.14405480124858025,-0.039985173376200236,0.0048828125,12,-0.07361610935511304,0.001998001998001998,0.02372838777218993,0.014346739579365077,-0.007038787851562497,0.03645704179645336,0.2452392578125,-0.07114213054302822,-0.10865243947091399,-0.029311215100988223,0.0068359375,13.0,True,0.41490084396352633
CCS xtx+yty ts_gsr W60,sensitivity,1.2349594517833358,1.2161420481043377,-0.05273460458767722,-0.09081178840990878,-0.01169098903992709,0.0281982421875,0.028411060624826918,-0.0006925986253563949,0.057485157035476755,0.0928955078125,-0.08114566521250413,-0.13373536493281032,-0.029300258442048647,0.009521484375,12,-0.06570714940909697,0.001998001998001998,0.022766680132961622,0.019114751916666665,-0.0008026585178125139,0.04022990842482142,0.1082763671875,-0.05962656668190073,-0.09616916440882604,-0.019284016278304436,0.0147705078125,13.0,True,0.35012419394707134
CCS xtx+yty ts_gsr W60,early,1.2349594517833358,1.2161420481043377,-0.09142728484230202,-0.12766591046939949,-0.05269922925190995,0.001220703125,0.021426132830717894,-0.011195143571978745,0.053170469027668976,0.22607421875,-0.11285341767301992,-0.16511992150687288,-0.06286186638164581,0.001220703125,12,-0.09138228587995713,0.000999000999000999,0.028432586363924036,0.036577911,0.01568577859188987,0.059168159934002956,0.01025390625,-0.08650720368847649,-0.127932942064586,-0.04544820068471342,0.0023193359375,11.0,True,0.1898580767203498
CCS xtx+yty ts_gsr W60,late,1.2349594517833358,1.2161420481043377,-0.022605692625391343,-0.06940744548450721,0.028640428156297217,0.3883056640625,0.05075481132909527,0.01949109769782012,0.085219977629851,0.009521484375,-0.07336050395448661,-0.1325973740448741,-0.013684069968695091,0.0333251953125,10,-0.05940316813523781,0.003996003996003996,0.025951962964439173,-0.0034381975571428575,-0.029848601319791657,0.02307142915680058,0.806884765625,-0.05885007202666953,-0.10328283635775758,-0.006823369236776633,0.038818359375,11.0,True,0.6918547255425607
CCS xtx+yty ts_gsr W60,trend_a_placebo_line,,,,,,,,,,,-0.10050562456342657,-0.1529777654465385,-0.05135487886837235,0.002197265625,13,,,,,,,,,,,,,,
CCS xtx+yty ts_gsr W60,trend_b_shared_slope,,,,,,,,,,,-0.1107638619187071,-0.16090260472080875,-0.06498465247410101,0.0008544921875,13,,,,,,,,,,,,,,
CCS rtr ts_gsr W60,primary,0.09155671651512831,0.09032079017146298,-0.011624436668737446,-0.018804167507648312,-0.004446434769950176,0.0113525390625,0.0007838353215096706,-0.004593469394734823,0.005687703620288548,0.781494140625,-0.01240827199024712,-0.021450405850468438,-0.0027530482992385464,0.0325927734375,10,-0.13552552409627805,0.004995004995004995,0.004384367605347793,0.014346739579365077,-0.007038787851562497,0.03645704179645336,0.2452392578125,-0.01136758547182394,-0.02067334939108602,-0.0014031192899169956,0.045166015625,10.0,True,0.0631703852176809
CCS rtr ts_gsr W60,sensitivity,0.09155671651512831,0.09032079017146298,-0.01118054322122533,-0.018316221046074332,-0.004023773708264501,0.0135498046875,0.0002888457577595663,-0.005146850499766098,0.005527264277351424,0.9207763671875,-0.011469388978984899,-0.020504382413280675,-0.0018939780267475284,0.041259765625,10,-0.12527086395774975,0.005994005994005994,0.004197529357233759,0.019114751916666665,-0.0008026585178125139,0.04022990842482142,0.1082763671875,-0.010222021001722427,-0.018989470691531025,-0.0010596862200267993,0.0576171875,10.0,True,0.025184058042569818
CCS rtr ts_gsr W60,early,0.09155671651512831,0.09032079017146298,-0.01836489977802566,-0.024468062049548163,-0.012553060281756158,0.0001220703125,0.002322385545126599,-0.0032559364654812357,0.008353207261707334,0.4656982421875,-0.020687285323152255,-0.028905396401193908,-0.012320249246274494,0.0009765625,12,-0.22595049397314293,0.000999000999000999,0.005279591312631817,0.036577911,0.01568577859188987,0.059168159934002956,0.01025390625,-0.0177456150445939,-0.02582430467224765,-0.00947027915312693,0.00244140625,11.0,True,0.1122614934172872
CCS rtr ts_gsr W60,late,0.09155671651512831,0.09032079017146298,-0.006232066181306886,-0.014617860263949718,0.0025778167289571296,0.1907958984375,-0.00044700485738387107,-0.007060945292132862,0.0055567411254281805,0.89599609375,-0.0057850613239230145,-0.016792677819636767,0.006346012361078258,0.35009765625,9,-0.06318554819478617,0.26173826173826176,0.004947168454691016,-0.0034381975571428575,-0.029848601319791657,0.02307142915680058,0.806884765625,-0.006265161813607966,-0.017189180841628356,0.005428320768962693,0.3065185546875,10.0,False,-0.07726881918007818
CCS rtr ts_gsr W60,trend_a_placebo_line,,,,,,,,,,,-0.011982881549980205,-0.021520487776413185,-0.0022079511655635244,0.03857421875,9,,,,,,,,,,,,,,
CCS rtr ts_gsr W60,trend_b_shared_slope,,,,,,,,,,,-0.016077422103520915,-0.024692676933376276,-0.007134322974892208,0.00537109375,12,,,,,,,,,,,,,,
CCS sts ts_gsr global-bins,primary,-0.03345427173858301,-0.01910541772488639,0.0134548436832944,0.009031702084040923,0.017886982482248067,0.0001220703125,-0.00755569492860425,-0.010153925672004318,-0.004885098759871829,0.0006103515625,0.02101053861189865,0.015373492610931504,0.026961645575813663,0.0001220703125,0,-0.6280375425918201,0.000999000999000999,0.003853432478374405,0.014346739579365081,-0.007493192459639539,0.03727317808107639,0.2452392578125,0.016413577113650574,0.011867630496734867,0.021282952225953642,0.0001220703125,0.0,True,0.3596145281266289
CCS sts ts_gsr global-bins,sensitivity,-0.03345427173858301,-0.01910541772488639,0.01365328229899827,0.009267598621786083,0.01820671854880828,0.0001220703125,-0.006812539446745587,-0.009371923094950786,-0.004351387189020155,0.000732421875,0.020465821745743854,0.014955648195783966,0.026356168616038567,0.0001220703125,0,-0.6117551117437867,0.000999000999000999,0.003770993173612367,0.01739740427443608,-0.003132595059022572,0.03972702400010179,0.155029296875,0.016101135516403544,0.011639173338370605,0.02091659062908438,0.0001220703125,0.0,True,0.3328739755178581
CCS sts ts_gsr global-bins,early,-0.03345427173858301,-0.01910541772488639,0.01763240002751331,0.013015448237851869,0.022282789727386256,0.0001220703125,-0.002273847478100486,-0.0046615909842242145,0.00036952678884042566,0.1177978515625,0.0199062475056138,0.01443048154431242,0.025778969910238026,0.0001220703125,0,-0.5950285709748632,0.000999000999000999,0.004544027787348195,0.036577911,0.015440173871726188,0.058660157653348186,0.01025390625,0.01685856634771251,0.011950751022449253,0.02196963172606373,0.0001220703125,0.0,True,0.11422783110976763
CCS sts ts_gsr global-bins,late,-0.03345427173858301,-0.01910541772488639,0.010112798607919266,0.005184890079128542,0.014940968754958737,0.0025634765625,-0.01178117288900726,-0.015445022592779576,-0.007929753500005904,0.0003662109375,0.02189397149692653,0.015205970965703993,0.028663509975020318,0.000244140625,1,-0.6544447198853857,0.000999000999000999,0.004191453394562617,-0.0034381975571428657,-0.029311958949955346,0.02361820806461307,0.806884765625,0.016057585726401025,0.011144806179676557,0.02094969377680793,0.0001220703125,0.0,True,0.5381012252921357
CCS sts ts_gsr global-bins,trend_a_placebo_line,,,,,,,,,,,0.024219612582023348,0.018034355867412692,0.03033114428038622,0.0001220703125,0,,,,,,,,,,,,,,
CCS sts ts_gsr global-bins,trend_b_shared_slope,,,,,,,,,,,0.024164653587483688,0.01815486742091859,0.030198416750457292,0.0001220703125,0,,,,,,,,,,,,,,
CCS xtx+yty ts_gsr global-bins,primary,1.3078433989970848,1.2905172691524878,-0.05205045857261154,-0.10271289192025804,-0.0006437787567093884,0.0794677734375,0.028661177609656696,0.0015544531097159205,0.05747327047763345,0.072265625,-0.08071163618226825,-0.14242580316503073,-0.021498425934466,0.0201416015625,13,-0.0617135325560856,0.000999000999000999,0.025361416803955407,0.014346739579365081,-0.007493192459639539,0.03727317808107639,0.2452392578125,-0.06450017838086232,-0.11197499562217342,-0.011491662222349146,0.031494140625,13.0,True,0.3551058925993294
CCS xtx+yty ts_gsr global-bins,sensitivity,1.3078433989970848,1.2905172691524878,-0.05348552222752366,-0.10337099517482563,-0.00023498174006300534,0.0697021484375,0.02474961267048719,-0.001959438503324353,0.05189791167978371,0.11181640625,-0.07823513489801084,-0.14010529163403923,-0.019323431056530446,0.023193359375,13,-0.059819956240942294,0.000999000999000999,0.02496373164105671,0.01739740427443608,-0.003132595059022572,0.03972702400010179,0.155029296875,-0.061046534557847455,-0.10682580588561832,-0.008707373521514709,0.0360107421875,11.0,True,0.3163490764443797
CCS xtx+yty ts_gsr global-bins,early,1.3078433989970848,1.2905172691524878,-0.08298622655277717,-0.12659024938079777,-0.03662386759251962,0.0048828125,0.020818134489063413,-0.008437280905516766,0.050137032025599625,0.20751953125,-0.10380436104184057,-0.16022281382505174,-0.05231516261537991,0.0018310546875,13,-0.07937063498691249,0.000999000999000999,0.0295343569789622,0.036577911,0.015440173871726188,0.058660157653348186,0.01025390625,-0.07888333551254466,-0.12212312595792417,-0.033847749187281784,0.0064697265625,11.0,True,0.20055163656055083
CCS xtx+yty ts_gsr global-bins,late,1.3078433989970848,1.2905172691524878,-0.02730184418847906,-0.0853285881099045,0.03534514749224248,0.40771484375,0.03493561210613124,0.005730576581828071,0.06858638051402685,0.05224609375,-0.062237456294610305,-0.13434367147359885,0.010236579933350132,0.120849609375,11,-0.04758785061142403,0.03296703296703297,0.02813964302791958,-0.0034381975571428657,-0.029311958949955346,0.02361820806461307,0.806884765625,-0.05299365267551643,-0.11071411990176531,0.011387225475152224,0.12841796875,11.0,False,0.561327762830767
CCS xtx+yty ts_gsr global-bins,trend_a_placebo_line,,,,,,,,,,,-0.08287114289002119,-0.1429625825002793,-0.023231192344133456,0.018798828125,12,,,,,,,,,,,,,,
CCS xtx+yty ts_gsr global-bins,trend_b_shared_slope,,,,,,,,,,,-0.09631900407464877,-0.15420146326778322,-0.041387455824546435,0.0050048828125,13,,,,,,,,,,,,,,
CCS rtr ts_gsr global-bins,primary,0.06649277258891835,0.056043730510034626,-0.017632942630535164,-0.026231674290276133,-0.009182454089973613,0.00244140625,0.004679039722193224,0.00046707153943072193,0.008585799450556757,0.050537109375,-0.02231198235272839,-0.031773977986574775,-0.012798377632924664,0.0006103515625,13,-0.3355550007016385,0.000999000999000999,0.005000573245744522,0.014346739579365081,-0.007493192459639539,0.03727317808107639,0.2452392578125,-0.018311434171894726,-0.027223999795533357,-0.009443390988825046,0.0023193359375,12.0,True,0.20970972673887286
CCS rtr ts_gsr global-bins,sensitivity,0.06649277258891835,0.056043730510034626,-0.018213742765983438,-0.02703214723085277,-0.009621475651969842,0.0013427734375,0.003941596364746524,-0.00019866767950638494,0.007888966372944515,0.091552734375,-0.022155339130729954,-0.031614045263841886,-0.012962814540438348,0.0006103515625,13,-0.33319920749435483,0.000999000999000999,0.004917384864711387,0.01739740427443608,-0.003132595059022572,0.03972702400010179,0.155029296875,-0.01817942363734353,-0.026786004880489364,-0.00964745835435327,0.0020751953125,12.0,True,0.17790729094638147
CCS rtr ts_gsr global-bins,early,0.06649277258891835,0.056043730510034626,-0.025031313379471492,-0.032644633532223445,-0.017800936613668293,0.0001220703125,0.001945161010402006,-0.001938535707351949,0.005454921580967413,0.3363037109375,-0.026976474389873505,-0.034265831048326874,-0.019564589811003508,0.000244140625,13,-0.40570536224518017,0.000999000999000999,0.00586956705536909,0.036577911,0.015440173871726188,0.058660157653348186,0.01025390625,-0.022714035551792355,-0.03032456536441418,-0.015409770351724028,0.000244140625,13.0,True,0.07210582755514507
CCS rtr ts_gsr global-bins,late,0.06649277258891835,0.056043730510034626,-0.011714246031386103,-0.021673961461210835,-0.0015073660149697583,0.0494384765625,0.006866142691626194,0.0015877129667091617,0.012022940774947616,0.0301513671875,-0.018580388723012296,-0.029998707219801742,-0.007053435873850783,0.011962890625,11,-0.27943471146680526,0.001998001998001998,0.005425553607549574,-0.0034381975571428657,-0.029311958949955346,0.02361820806461307,0.806884765625,-0.014789353067976617,-0.025166719685333835,-0.004190857202314854,0.0223388671875,11.0,True,0.3695370852560419
CCS rtr ts_gsr global-bins,trend_a_placebo_line,,,,,,,,,,,-0.02461336258792007,-0.03489462009528928,-0.014660366896244113,0.000732421875,12,,,,,,,,,,,,,,
CCS rtr ts_gsr global-bins,trend_b_shared_slope,,,,,,,,,,,-0.027758429517563275,-0.0373231644969878,-0.018517762756980517,0.0003662109375,13,,,,,,,,,,,,,,
CCS sts ts_demean W60,primary,-0.02554908479864259,-0.020636616880943235,0.0063287724178323216,0.00013197054765708637,0.013680376055537983,0.090087890625,-0.007042422190312052,-0.011166774414274007,-0.0033243314641582733,0.0029296875,0.013371194608144375,0.005618461641761496,0.02211445614505779,0.0052490234375,3,-0.5233531734512377,0.002997002997002997,0.00437639669119228,0.014346739579365077,-0.007038787851562497,0.03645704179645336,0.2452392578125,0.012798850397483671,0.005619850067796062,0.020741138524928607,0.00439453125,3.0,True,0.5266860887674556
CCS sts ts_demean W60,sensitivity,-0.02554908479864259,-0.020636616880943235,0.0054018512524574855,-0.000192553939712833,0.012218199456667548,0.107421875,-0.006577463268615152,-0.010567118885211937,-0.002912245759556113,0.0037841796875,0.011979314521072638,0.004592910829554386,0.020363003911255586,0.0064697265625,3,-0.4688745062879549,0.004995004995004995,0.004253087535341214,0.019114751916666665,-0.0008026585178125139,0.04022990842482142,0.1082763671875,0.011527208518896178,0.004634201162075118,0.019077353286378614,0.0068359375,3.0,True,0.549068417649844
CCS sts ts_demean W60,early,-0.02554908479864259,-0.020636616880943235,0.00360673973325748,-0.00208650358162283,0.00963308555949125,0.2847900390625,-0.00662603077020889,-0.010299838364620945,-0.003246806592495755,0.0018310546875,0.010232770503466371,0.003121392286638667,0.017439106561791373,0.015869140625,2,-0.4005141704336131,0.053946053946053944,0.005188329905897322,0.036577911,0.01568577859188987,0.059168159934002956,0.01025390625,0.010616416888941854,0.005411622613721066,0.01653618820938824,0.0013427734375,1.0,True,0.6475304774952501
CCS sts ts_demean W60,late,-0.02554908479864259,-0.020636616880943235,0.008506398565492191,0.0004927912755510445,0.01779803563274767,0.0753173828125,-0.007375535326394582,-0.012741362510813913,-0.0025969617863798875,0.009521484375,0.015881933891886777,0.0058394658547252145,0.027435195403599608,0.010009765625,3,-0.6216243758653374,0.000999000999000999,0.004812265799433805,-0.0034381975571428575,-0.029848601319791657,0.02307142915680058,0.806884765625,0.014544797204317127,0.0048718658081607375,0.025162055043302153,0.013671875,4.0,True,0.46439781053126944
CCS sts ts_demean W60,trend_a_placebo_line,,,,,,,,,,,0.011538715172435664,0.0042684071322571186,0.01942457418287872,0.00927734375,3,,,,,,,,,,,,,,
CCS sts ts_demean W60,trend_b_shared_slope,,,,,,,,,,,0.00899861163419305,0.0026019929024411067,0.016001770355497692,0.0218505859375,2,,,,,,,,,,,,,,
CCS xtx+yty ts_demean W60,primary,1.167316192752877,1.141137597329218,-0.08063718771669216,-0.13385253303428232,-0.021271162681172132,0.0224609375,0.0498668815378156,0.01821554029382865,0.07888068296716187,0.0113525390625,-0.13050406925450778,-0.18757525417643456,-0.07278356356287818,0.0018310546875,13,-0.11179838852979548,0.000999000999000999,0.03031219281828534,0.014346739579365077,-0.007038787851562497,0.03645704179645336,0.2452392578125,-0.10769156698217512,-0.1549276488016626,-0.05660805517578215,0.002197265625,13.0,True,0.38210978265026885
CCS xtx+yty ts_demean W60,sensitivity,1.167316192752877,1.141137597329218,-0.07644711704628969,-0.12722324555086012,-0.01983581146125027,0.0230712890625,0.03922782032825835,0.008131735889979346,0.06605632302366478,0.029052734375,-0.11567493737454804,-0.16984485534590812,-0.058123142437177824,0.00244140625,12,-0.09909477662753252,0.000999000999000999,0.02922648629014012,0.019114751916666665,-0.0008026585178125139,0.04022990842482142,0.1082763671875,-0.09177316027697795,-0.13691333314541412,-0.04370636250057465,0.0040283203125,13.0,True,0.33912117195483044
CCS xtx+yty ts_demean W60,early,1.167316192752877,1.141137597329218,-0.11125850841549352,-0.16090563237254116,-0.054919697560295036,0.0030517578125,0.02794595318885018,-0.0017984840345292128,0.05635948546372405,0.0941162109375,-0.1392044616043437,-0.1898709435510599,-0.08674990938797343,0.0006103515625,13,-0.1192517181450712,0.000999000999000999,0.03610644473907858,0.036577911,0.01568577859188987,0.059168159934002956,0.01025390625,-0.11471269722168663,-0.16456410650287617,-0.06660232992056281,0.0009765625,13.0,True,0.20075472342459866
CCS xtx+yty ts_demean W60,late,1.167316192752877,1.141137597329218,-0.05614013115765112,-0.11774315856696699,0.013556228636104327,0.1236572265625,0.06740362421698788,0.03148570950668405,0.10104263971261139,0.0037841796875,-0.123543755374639,-0.19333097058980808,-0.052301157477896244,0.006591796875,11,-0.10583572483757488,0.000999000999000999,0.033452901502044205,-0.0034381975571428575,-0.029848601319791657,0.02307142915680058,0.806884765625,-0.10207466279056594,-0.163206919648714,-0.0373697777941227,0.0103759765625,11.0,True,0.5455850359460941
CCS xtx+yty ts_demean W60,trend_a_placebo_line,,,,,,,,,,,-0.14003933819973588,-0.202709067714135,-0.0782845650787224,0.0013427734375,13,,,,,,,,,,,,,,
CCS xtx+yty ts_demean W60,trend_b_shared_slope,,,,,,,,,,,-0.14204623539256056,-0.2023345197772719,-0.08285510086428122,0.001220703125,13,,,,,,,,,,,,,,
CCS rtr ts_demean W60,primary,0.10468297394953578,0.10138767913382647,0.008517959308952031,-0.005295574425062579,0.024663596462044024,0.3157958984375,0.003520723358446629,-0.004045092625209199,0.01039722243891029,0.370361328125,0.004997235950505402,-0.007942250927300961,0.019447347598130632,0.4976806640625,8,0.0477368550201335,0.4275724275724276,0.0065077965890821465,0.014346739579365077,-0.007038787851562497,0.03645704179645336,0.2452392578125,0.007073807599866741,-0.007307494502468043,0.024232743767265835,0.44140625,8.0,False,-0.7045341451388855
CCS rtr ts_demean W60,sensitivity,0.10468297394953578,0.10138767913382647,0.01192763083643343,-0.0032074488430679582,0.029822434968185263,0.2325439453125,0.004966168427866647,-0.0031419604512849942,0.012865180600213565,0.2659912109375,0.006961462408566781,-0.00532106884420285,0.02253287524302888,0.3916015625,8,0.06650042643919032,0.2917082917082917,0.0065149282559679505,0.019114751916666665,-0.0008026585178125139,0.04022990842482142,0.1082763671875,0.0074499528306931784,-0.005964001908616763,0.024638487950020525,0.440673828125,8.0,False,-0.7133800538454788
CCS rtr ts_demean W60,early,0.10468297394953578,0.10138767913382647,0.003803611593665622,-0.009138454247591075,0.019292953697378285,0.6363525390625,0.00439752095749769,-0.004869679744463679,0.013324319424036167,0.3614501953125,-0.0005939093638320682,-0.015342037772377236,0.017036256274220812,0.9522705078125,8,-0.00567340935612292,0.9470529470529471,0.00790511548810125,0.036577911,0.01568577859188987,0.059168159934002956,0.01025390625,-0.0038202164244311144,-0.014868362522816593,0.009441717348456462,0.596923828125,9.0,False,7.404363738472926
CCS rtr ts_demean W60,late,0.10468297394953578,0.10138767913382647,0.012289437481181154,-0.0036966566341873034,0.02980469470413738,0.2010498046875,0.0028192852792057804,-0.005466412734876434,0.010722436217112153,0.5184326171875,0.009470152201975375,-0.004812119194015561,0.024456529082694228,0.2525634765625,5,0.09046506652113862,0.18981018981018982,0.007219161863915419,-0.0034381975571428575,-0.029848601319791657,0.02307142915680058,0.806884765625,0.01578902681930502,-0.00280500187497715,0.036353117587935004,0.1629638671875,6.0,False,-0.2977022141859248
CCS rtr ts_demean W60,trend_a_placebo_line,,,,,,,,,,,0.006519551450339413,-0.005304828587048007,0.020643725507536237,0.396484375,6,,,,,,,,,,,,,,
CCS rtr ts_demean W60,trend_b_shared_slope,,,,,,,,,,,0.0029936490408656274,-0.008177973525112566,0.015956754416639393,0.658447265625,10,,,,,,,,,,,,,,
CCS sts ts_demean global-bins,primary,-0.029724996888744745,-0.00957029679682719,0.022502521292103842,0.013389901310750409,0.032126956164361245,0.0006103515625,-0.009646534268622314,-0.013270303720271319,-0.006249866024149691,0.000244140625,0.032149055560726156,0.02161231248900286,0.043107488951011755,0.0001220703125,0,-1.0815495012852052,0.000999000999000999,0.0061480182967089516,0.014346739579365081,-0.007493192459639539,0.03727317808107639,0.2452392578125,0.02619892495919157,0.016352216807144694,0.037444592395995485,0.0001220703125,0.0,True,0.3000565366656272
CCS sts ts_demean global-bins,sensitivity,-0.029724996888744745,-0.00957029679682719,0.02281620687667114,0.013604145559203888,0.03242880621329474,0.00048828125,-0.00888276454759624,-0.012434801613586092,-0.005604356435453679,0.00048828125,0.03169897142426738,0.021452536744197465,0.042786219234583894,0.0001220703125,0,-1.0664078971281599,0.000999000999000999,0.006009184313451335,0.01739740427443608,-0.003132595059022572,0.03972702400010179,0.155029296875,0.026200040718845196,0.01630188939645464,0.03726718524461398,0.0001220703125,0.0,True,0.2802224850991845
CCS sts ts_demean global-bins,early,-0.029724996888744745,-0.00957029679682719,0.025617485948996377,0.016938138298875093,0.035054507733253866,0.0001220703125,-0.003800998538965859,-0.007129750293257403,-0.0002864513401288321,0.0599365234375,0.029418484487962245,0.02083161496463799,0.03859062774795044,0.0001220703125,0,-0.9896883958666264,0.000999000999000999,0.007197047124507102,0.036577911,0.015440173871726188,0.058660157653348186,0.01025390625,0.026354640774121228,0.017151975499744627,0.03690811178852259,0.0001220703125,0.0,True,0.1292044306538357
CCS sts ts_demean global-bins,late,-0.029724996888744745,-0.00957029679682719,0.020010549566589816,0.009363438809884841,0.030733545460949866,0.00390625,-0.014322962852347475,-0.01907389213719277,-0.009699253418507334,0.0003662109375,0.03433351241893729,0.02129079297451459,0.04772986226120444,0.0003662109375,1,-1.1550383856200686,0.000999000999000999,0.006762286551199593,-0.0034381975571428657,-0.029311958949955346,0.02361820806461307,0.806884765625,0.02607435230724784,0.015238023885215956,0.03807951475664871,0.0001220703125,0.0,True,0.4171714993088612
CCS sts ts_demean global-bins,trend_a_placebo_line,,,,,,,,,,,0.0362224204169539,0.024753290999525085,0.048488446376609526,0.0001220703125,0,,,,,,,,,,,,,,
CCS sts ts_demean global-bins,trend_b_shared_slope,,,,,,,,,,,0.0350363895668937,0.024485454637523208,0.046374565052090866,0.0001220703125,0,,,,,,,,,,,,,,
CCS xtx+yty ts_demean global-bins,primary,1.2166838736382872,1.2027491852539949,-0.07209386979035881,-0.13608883265225388,-0.0013010055940647976,0.06982421875,0.041162584282362795,0.008791950224236745,0.0712476551350238,0.0330810546875,-0.1132564540727216,-0.1809835140419646,-0.042248572145909956,0.0106201171875,12,-0.0930861800066827,0.000999000999000999,0.03325751619956639,0.014346739579365081,-0.007493192459639539,0.03727317808107639,0.2452392578125,-0.09806011991574624,-0.15973120171122768,-0.029158332164960696,0.017822265625,11.0,True,0.36344581524627667
CCS xtx+yty ts_demean global-bins,sensitivity,1.2166838736382872,1.2027491852539949,-0.07132323900045953,-0.13464445607634606,0.0016621574121905465,0.06884765625,0.03863704875442665,0.006147904609499662,0.06885027124628348,0.042236328125,-0.1099602877548862,-0.17787972719280434,-0.038908944930534026,0.0125732421875,11,-0.09037704052579291,0.000999000999000999,0.0326461373810711,0.01739740427443608,-0.003132595059022572,0.03972702400010179,0.155029296875,-0.09416413961341621,-0.15434195162199732,-0.02502078045075348,0.019287109375,11.0,True,0.35137275050200817
CCS xtx+yty ts_demean global-bins,early,1.2166838736382872,1.2027491852539949,-0.10079090844821269,-0.1614500888852087,-0.03416965619955463,0.0130615234375,0.024936943543294263,-0.007183539105521925,0.0566188687718599,0.1566162109375,-0.12572785199150696,-0.18477112525001346,-0.06454003298328866,0.00244140625,12,-0.10333649908216429,0.001998001998001998,0.03950446695543885,0.036577911,0.015440173871726188,0.058660157653348186,0.01025390625,-0.10632309907739965,-0.1641048785817618,-0.048722766904611636,0.0054931640625,12.0,True,0.19834064726548242
CCS xtx+yty ts_demean global-bins,late,1.2166838736382872,1.2027491852539949,-0.04913623886407574,-0.12159523666830062,0.03151936601151952,0.2515869140625,0.05414309687361759,0.016600456947996587,0.0887083860899726,0.01806640625,-0.10327933573769332,-0.18655858914145057,-0.015657306035132396,0.04052734375,11,-0.08488592474629744,0.003996003996003996,0.036832943730163555,-0.0034381975571428657,-0.029311958949955346,0.02361820806461307,0.806884765625,-0.09144973658642351,-0.1674519243406153,-0.010934951537642306,0.054931640625,10.0,True,0.5242393987808857
CCS xtx+yty ts_demean global-bins,trend_a_placebo_line,,,,,,,,,,,-0.11522188526140374,-0.18635997189872405,-0.04110451787366647,0.01220703125,12,,,,,,,,,,,,,,
CCS xtx+yty ts_demean global-bins,trend_b_shared_slope,,,,,,,,,,,-0.12395953120093609,-0.19562502528039,-0.05108318224105061,0.006591796875,12,,,,,,,,,,,,,,
CCS rtr ts_demean global-bins,primary,0.09377735282395938,0.07166081964071502,-0.010428902196046131,-0.02198143890428517,0.0007517691779739029,0.111572265625,0.00784058126302542,0.0015008712200470441,0.013649983710978452,0.0347900390625,-0.018269483459071555,-0.03133695314688791,-0.007176699351276193,0.0081787109375,11,-0.1948176495594557,0.005994005994005994,0.006507262437255224,0.014346739579365081,-0.007493192459639539,0.03727317808107639,0.2452392578125,-0.012847493463410251,-0.024498130532409,-0.0014702956105463482,0.0533447265625,11.0,True,0.4291627226675775
CCS rtr ts_demean global-bins,sensitivity,0.09377735282395938,0.07166081964071502,-0.010581643168879487,-0.02216468917086145,0.0005153684269889459,0.10595703125,0.006639916131214023,0.000344312124544886,0.012289724996732187,0.060546875,-0.01722155930009351,-0.0303613240654522,-0.005905260243247034,0.0128173828125,10,-0.18364305220282925,0.006993006993006993,0.006423264194741667,0.01739740427443608,-0.003132595059022572,0.03972702400010179,0.155029296875,-0.0126536530731151,-0.024075485406184465,-0.001340427179557596,0.054443359375,11.0,True,0.3855583583060315
CCS rtr ts_demean global-bins,early,0.09377735282395938,0.07166081964071502,-0.018650100778925652,-0.0286916491381503,-0.008775023203217264,0.0040283203125,0.003621884172320599,-0.0024350131170385344,0.009354428284560044,0.2755126953125,-0.022271984951246254,-0.03379384704985529,-0.010588300384124835,0.004638671875,10,-0.23749854608346266,0.002997002997002997,0.007853664349850357,0.036577911,0.015440173871726188,0.058660157653348186,0.01025390625,-0.022052744974046818,-0.03095748961244733,-0.013503901553756957,0.00048828125,12.0,True,0.16262062767413699
CCS rtr ts_demean global-bins,late,0.09377735282395938,0.07166081964071502,-0.0038519433297425063,-0.018056137614317663,0.009877715164950385,0.6036376953125,0.011215538935589272,0.0033838948833185474,0.01878538130352142,0.01806640625,-0.015067482265331781,-0.030969160900904107,-0.0012694774769208346,0.0732421875,10,-0.16067293234025004,0.03396603396603397,0.00711518062475891,-0.0034381975571428657,-0.029311958949955346,0.02361820806461307,0.806884765625,-0.005483292254900997,-0.021110010440440235,0.010436618551055559,0.517822265625,9.0,False,0.7443538832890944
CCS rtr ts_demean global-bins,trend_a_placebo_line,,,,,,,,,,,-0.0209403409778769,-0.033983552220387646,-0.009704525107583736,0.002197265625,11,,,,,,,,,,,,,,
CCS rtr ts_demean global-bins,trend_b_shared_slope,,,,,,,,,,,-0.024386067290170347,-0.03688155712726967,-0.013327597784130174,0.0006103515625,12,,,,,,,,,,,,,,
