# rev_regional_phir.py EXPLORATORY series=raw variant=ts_gsr estimator=global regions=115 excluded_regions=20 pre=bins1-8 post=bins11-28 signflip=exact2^14 two-sided fdr=BH q=0.05 spin=rotated_Schaefer_100 (10000 rotations, cortical only) bootstrap=10000 seed=20261120
orig_index,name,yeo_network,did_mean,did_sd,p_signflip,bh_significant,n_pos_of_14,dmt_change,pcb_change,pre_level_dmt
0,LH_Vis_1,1,-0.007074,0.013518,0.07373047,0,5,-0.006331,0.000743,0.014626
1,LH_Vis_2,1,-0.005689,0.022782,0.37036133,0,4,-0.014152,-0.008464,0.033906
2,LH_Vis_3,1,-0.012715,0.029605,0.13708496,0,6,-0.015595,-0.002880,0.032847
3,LH_Vis_4,1,-0.009386,0.021911,0.13146973,0,4,-0.015840,-0.006453,0.035675
4,LH_Vis_5,1,-0.009135,0.029302,0.26428223,0,4,-0.012583,-0.003448,0.029746
5,LH_Vis_6,1,-0.012039,0.025960,0.10644531,0,3,-0.013551,-0.001512,0.029482
6,LH_Vis_7,1,-0.008318,0.017402,0.09863281,0,4,-0.006416,0.001902,0.019821
7,LH_Vis_8,1,-0.008400,0.024786,0.22497559,0,6,-0.014719,-0.006320,0.037034
8,LH_Vis_9,1,-0.013225,0.028127,0.10168457,0,5,-0.019094,-0.005869,0.038936
9,LH_SomMot_1,2,-0.009718,0.022757,0.13366699,0,6,-0.002969,0.006749,0.026776
10,LH_SomMot_2,2,-0.003696,0.021269,0.52441406,0,7,-0.002797,0.000899,0.020554
11,LH_SomMot_3,2,-0.006643,0.024133,0.31738281,0,4,-0.008184,-0.001541,0.039541
12,LH_SomMot_4,2,-0.003306,0.023772,0.60632324,0,6,-0.007135,-0.003829,0.028318
13,LH_SomMot_5,2,-0.002930,0.033128,0.74182129,0,6,-0.009086,-0.006157,0.031407
14,LH_SomMot_6,2,-0.000609,0.034672,0.95043945,0,8,-0.005933,-0.005324,0.029226
15,LH_DorsAttn_Post_1,3,-0.007197,0.009986,0.02062988,0,3,-0.004585,0.002611,0.018422
16,LH_DorsAttn_Post_2,3,-0.003854,0.018330,0.61083984,0,8,-0.007303,-0.003448,0.028201
17,LH_DorsAttn_Post_3,3,-0.008026,0.015204,0.05969238,0,4,-0.005975,0.002050,0.025373
18,LH_DorsAttn_Post_4,3,-0.002439,0.010429,0.39526367,0,5,-0.007512,-0.005072,0.024225
19,LH_DorsAttn_Post_5,3,-0.002482,0.009245,0.33923340,0,6,-0.004120,-0.001638,0.021379
21,LH_DorsAttn_PrCv_1,3,-0.005120,0.012613,0.15307617,0,4,-0.006452,-0.001332,0.024838
22,LH_DorsAttn_FEF_1,3,-0.001448,0.012264,0.67626953,0,8,-0.001747,-0.000299,0.017112
23,LH_SalVentAttn_ParOper_1,4,-0.005613,0.021228,0.34008789,0,4,-0.007041,-0.001428,0.027290
24,LH_SalVentAttn_FrOperIns_1,4,-0.014301,0.018176,0.01293945,0,4,-0.009823,0.004478,0.027563
25,LH_SalVentAttn_FrOperIns_2,4,-0.007411,0.016185,0.11120605,0,5,-0.009969,-0.002558,0.029624
26,LH_SalVentAttn_PFCl_1,4,-0.005613,0.021015,0.34228516,0,5,-0.003891,0.001722,0.018415
27,LH_SalVentAttn_Med_1,4,-0.008203,0.018669,0.12268066,0,5,-0.011307,-0.003104,0.026670
28,LH_SalVentAttn_Med_2,4,-0.003191,0.010507,0.27148438,0,5,-0.003253,-0.000062,0.018774
29,LH_SalVentAttn_Med_3,4,0.005340,0.023128,0.41357422,0,7,-0.001217,-0.006557,0.020299
30,LH_Limbic_OFC_1,5,0.002886,0.015515,0.53308105,0,6,0.000937,-0.001949,0.012788
31,LH_Limbic_TempPole_1,5,-0.004525,0.012824,0.20434570,0,6,-0.001945,0.002580,0.014232
32,LH_Limbic_TempPole_2,5,-0.008299,0.017587,0.10375977,0,5,-0.007280,0.001019,0.020994
33,LH_Cont_Par_1,6,-0.011528,0.020121,0.04870605,0,6,-0.008440,0.003088,0.027626
34,LH_Cont_PFCl_1,6,-0.009696,0.024201,0.16052246,0,6,-0.008548,0.001147,0.026874
35,LH_Cont_pCun_1,6,-0.008434,0.014564,0.03747559,0,3,-0.003895,0.004539,0.018334
36,LH_Cont_Cing_1,6,-0.009213,0.021525,0.13427734,0,3,-0.006188,0.003025,0.027491
37,LH_Default_Temp_1,7,-0.011941,0.015140,0.00988770,0,1,-0.007944,0.003997,0.025115
38,LH_Default_Temp_2,7,-0.007287,0.010966,0.01074219,0,4,-0.004281,0.003006,0.017031
39,LH_Default_Par_1,7,-0.007388,0.006924,0.00048828,0,1,-0.004149,0.003239,0.016401
40,LH_Default_Par_2,7,-0.008741,0.024210,0.19653320,0,5,-0.013598,-0.004857,0.043207
41,LH_Default_PFC_1,7,-0.000350,0.014739,0.93164062,0,7,-0.002664,-0.002314,0.016413
42,LH_Default_PFC_2,7,-0.003156,0.020488,0.56652832,0,5,-0.005126,-0.001970,0.024781
43,LH_Default_PFC_3,7,0.001603,0.016540,0.71887207,0,7,-0.002712,-0.004315,0.030318
44,LH_Default_PFC_4,7,-0.004141,0.022465,0.49816895,0,5,-0.007084,-0.002944,0.028544
45,LH_Default_PFC_5,7,-0.002492,0.026638,0.72729492,0,4,-0.006039,-0.003547,0.034400
46,LH_Default_PFC_6,7,-0.016589,0.024493,0.02783203,0,4,-0.015399,0.001190,0.037925
47,LH_Default_PFC_7,7,-0.015437,0.016416,0.00561523,0,4,-0.014965,0.000472,0.029972
48,LH_Default_pCunPCC_1,7,-0.008911,0.010183,0.00830078,0,2,-0.006870,0.002041,0.021958
49,LH_Default_pCunPCC_2,7,-0.002961,0.023321,0.63598633,0,7,-0.007237,-0.004276,0.037307
50,RH_Vis_1,1,-0.007165,0.013959,0.07788086,0,4,-0.003446,0.003719,0.012819
51,RH_Vis_2,1,-0.014023,0.030277,0.10717773,0,5,-0.015136,-0.001112,0.035759
52,RH_Vis_3,1,-0.005119,0.021580,0.40161133,0,6,-0.008245,-0.003126,0.026375
53,RH_Vis_4,1,-0.010259,0.024477,0.14062500,0,4,-0.015362,-0.005103,0.033572
54,RH_Vis_5,1,-0.011090,0.033397,0.23205566,0,6,-0.013343,-0.002253,0.029768
55,RH_Vis_6,1,-0.010342,0.023662,0.12597656,0,6,-0.013504,-0.003162,0.030661
56,RH_Vis_7,1,-0.006238,0.025861,0.38220215,0,5,-0.012301,-0.006063,0.033272
57,RH_Vis_8,1,-0.010058,0.026153,0.17211914,0,5,-0.017991,-0.007932,0.040482
58,RH_SomMot_1,2,-0.010039,0.020719,0.09545898,0,4,-0.004536,0.005503,0.029299
59,RH_SomMot_2,2,-0.003671,0.018224,0.47827148,0,6,-0.003892,-0.000222,0.026218
60,RH_SomMot_3,2,-0.010779,0.022053,0.09106445,0,4,-0.007949,0.002829,0.037192
61,RH_SomMot_4,2,-0.004662,0.020960,0.41271973,0,7,-0.007740,-0.003078,0.028696
62,RH_SomMot_5,2,-0.007639,0.026669,0.29772949,0,4,-0.006809,0.000830,0.029056
63,RH_SomMot_6,2,-0.005586,0.032974,0.53320312,0,8,-0.009478,-0.003892,0.032245
64,RH_SomMot_7,2,0.002408,0.025322,0.72131348,0,8,-0.007191,-0.009599,0.025376
65,RH_SomMot_8,2,-0.001795,0.030798,0.82617188,0,7,-0.008058,-0.006263,0.029084
66,RH_DorsAttn_Post_1,3,-0.006653,0.021931,0.27099609,0,4,-0.007078,-0.000425,0.023067
67,RH_DorsAttn_Post_2,3,-0.002948,0.022145,0.62145996,0,6,-0.008608,-0.005660,0.031619
68,RH_DorsAttn_Post_3,3,-0.011408,0.013952,0.01269531,0,5,-0.009518,0.001889,0.027569
69,RH_DorsAttn_Post_4,3,-0.003427,0.017443,0.47583008,0,5,-0.004218,-0.000791,0.023019
70,RH_DorsAttn_Post_5,3,-0.000049,0.011977,0.98791504,0,6,-0.005840,-0.005791,0.023305
71,RH_DorsAttn_PrCv_1,3,-0.009709,0.023101,0.13757324,0,4,-0.010716,-0.001007,0.029797
72,RH_DorsAttn_FEF_1,3,-0.007730,0.020363,0.18261719,0,4,-0.004597,0.003133,0.020841
73,RH_SalVentAttn_TempOccPar_1,4,-0.004794,0.009959,0.09533691,0,3,-0.005403,-0.000610,0.016958
74,RH_SalVentAttn_TempOccPar_2,4,-0.004854,0.020897,0.39672852,0,7,-0.004870,-0.000016,0.037179
75,RH_SalVentAttn_FrOperIns_1,4,-0.014278,0.019717,0.01782227,0,3,-0.013135,0.001143,0.037049
76,RH_SalVentAttn_Med_1,4,-0.006958,0.017450,0.16320801,0,6,-0.001876,0.005082,0.021830
77,RH_SalVentAttn_Med_2,4,-0.004070,0.025550,0.55773926,0,7,-0.006210,-0.002140,0.031546
78,RH_Limbic_OFC_1,5,0.001553,0.011167,0.60839844,0,6,0.000937,-0.000616,0.011658
79,RH_Limbic_TempPole_1,5,0.001760,0.006730,0.34997559,0,9,-0.000203,-0.001963,0.014526
80,RH_Cont_Par_1,6,-0.009596,0.022858,0.14062500,0,5,-0.010125,-0.000529,0.031025
81,RH_Cont_Par_2,6,-0.014296,0.029203,0.09118652,0,4,-0.018427,-0.004130,0.044994
82,RH_Cont_PFCl_1,6,-0.007065,0.019198,0.18981934,0,4,-0.012608,-0.005544,0.032550
83,RH_Cont_PFCl_2,6,-0.015459,0.026280,0.04785156,0,4,-0.017944,-0.002485,0.035464
84,RH_Cont_PFCl_3,6,-0.005697,0.022792,0.36950684,0,7,-0.006189,-0.000493,0.025390
85,RH_Cont_PFCl_4,6,-0.022182,0.024974,0.00708008,0,1,-0.021831,0.000350,0.042462
86,RH_Cont_Cing_1,6,-0.011518,0.019964,0.04919434,0,3,-0.008838,0.002681,0.031920
87,RH_Cont_PFCmp_1,6,-0.006903,0.031064,0.42187500,0,7,-0.011417,-0.004514,0.029946
88,RH_Cont_pCun_1,6,-0.006139,0.016673,0.20166016,0,6,-0.006377,-0.000238,0.026172
89,RH_Default_Par_1,7,-0.001209,0.024859,0.85742188,0,5,-0.012802,-0.011593,0.036650
90,RH_Default_Temp_1,7,-0.006727,0.023958,0.30908203,0,5,-0.009659,-0.002933,0.029423
91,RH_Default_Temp_2,7,-0.008849,0.016457,0.06909180,0,6,-0.004646,0.004203,0.017015
92,RH_Default_Temp_3,7,0.000436,0.010046,0.87988281,0,9,-0.001755,-0.002191,0.013844
93,RH_Default_PFCv_1,7,0.003649,0.012307,0.29858398,0,10,-0.003495,-0.007144,0.018790
94,RH_Default_PFCv_2,7,-0.004329,0.020560,0.44494629,0,6,-0.011840,-0.007511,0.025963
95,RH_Default_PFCdPFCm_1,7,-0.001185,0.011921,0.71228027,0,7,-0.005014,-0.003829,0.031517
96,RH_Default_PFCdPFCm_2,7,-0.007256,0.021207,0.22082520,0,5,-0.009966,-0.002709,0.035537
97,RH_Default_PFCdPFCm_3,7,-0.008188,0.020400,0.15881348,0,7,-0.010012,-0.001824,0.029346
98,RH_Default_pCunPCC_1,7,-0.004528,0.013553,0.23010254,0,5,-0.004036,0.000491,0.018591
99,RH_Default_pCunPCC_2,7,-0.003348,0.021894,0.57177734,0,7,-0.007313,-0.003964,0.035623
100,SUB_1,8,-0.003173,0.010613,0.27636719,0,5,-0.000577,0.002597,0.012539
101,SUB_2,8,-0.004734,0.007663,0.03601074,0,5,-0.001914,0.002821,0.011977
102,SUB_3,8,-0.014688,0.016620,0.00097656,0,2,-0.010020,0.004668,0.016550
103,SUB_4,8,-0.006556,0.021785,0.28515625,0,5,-0.006645,-0.000089,0.021130
104,SUB_5,8,0.004954,0.012437,0.15698242,0,8,0.000269,-0.004685,0.010122
105,SUB_6,8,-0.003242,0.012132,0.35192871,0,7,-0.005341,-0.002099,0.012599
106,SUB_7,8,-0.004090,0.015184,0.32739258,0,5,-0.008557,-0.004467,0.024218
107,SUB_8,8,-0.003646,0.022349,0.55786133,0,7,-0.003995,-0.000348,0.017549
108,SUB_9,8,-0.007881,0.011080,0.02197266,0,3,-0.002608,0.005272,0.013210
109,SUB_10,8,-0.001082,0.012238,0.76074219,0,7,0.001818,0.002900,0.010631
110,SUB_11,8,-0.010432,0.020202,0.07299805,0,3,-0.007688,0.002744,0.016480
111,SUB_12,8,-0.005466,0.017811,0.28503418,0,6,-0.003482,0.001984,0.018126
112,SUB_13,8,0.003267,0.012573,0.35742188,0,8,0.000228,-0.003039,0.009932
113,SUB_14,8,-0.000640,0.013589,0.86352539,0,6,-0.002641,-0.002002,0.010329
114,SUB_15,8,-0.004904,0.023272,0.44189453,0,8,-0.008527,-0.003623,0.023907
115,SUB_16,8,-0.005151,0.017139,0.28601074,0,5,-0.005303,-0.000152,0.017109
