# rev_regional_phir.py EXPLORATORY series=raw variant=ts_gsr estimator=win60 regions=115 excluded_regions=20 pre=windows1-4 post=windows6-14 signflip=exact2^14 two-sided fdr=BH q=0.05 spin=rotated_Schaefer_100 (10000 rotations, cortical only) bootstrap=10000 seed=20261120
orig_index,name,yeo_network,did_mean,did_sd,p_signflip,bh_significant,n_pos_of_14,dmt_change,pcb_change,pre_level_dmt
0,LH_Vis_1,1,0.001546,0.027880,0.84155273,0,7,-0.001587,-0.003132,0.089637
1,LH_Vis_2,1,-0.001920,0.022555,0.74987793,0,6,-0.012274,-0.010354,0.107116
2,LH_Vis_3,1,-0.006191,0.043536,0.60131836,0,6,-0.008955,-0.002763,0.101059
3,LH_Vis_4,1,0.000804,0.022681,0.89501953,0,8,-0.013026,-0.013831,0.106945
4,LH_Vis_5,1,0.005405,0.033360,0.54736328,0,7,-0.005090,-0.010495,0.102105
5,LH_Vis_6,1,0.003272,0.032963,0.72216797,0,7,-0.005234,-0.008507,0.095690
6,LH_Vis_7,1,-0.004594,0.027443,0.54235840,0,4,-0.001175,0.003419,0.090851
7,LH_Vis_8,1,0.000441,0.042450,0.97094727,0,7,-0.011751,-0.012192,0.108950
8,LH_Vis_9,1,-0.000149,0.030165,0.98535156,0,7,-0.014525,-0.014376,0.108243
9,LH_SomMot_1,2,-0.003895,0.033736,0.67004395,0,4,0.000702,0.004597,0.096810
10,LH_SomMot_2,2,0.004105,0.023134,0.51721191,0,8,0.002477,-0.001628,0.094368
11,LH_SomMot_3,2,0.002611,0.030874,0.76037598,0,7,-0.003703,-0.006314,0.107464
12,LH_SomMot_4,2,0.004325,0.028188,0.56555176,0,7,-0.001766,-0.006091,0.097023
13,LH_SomMot_5,2,0.004463,0.037254,0.67517090,0,7,-0.003229,-0.007692,0.102042
14,LH_SomMot_6,2,0.003866,0.045232,0.76098633,0,6,-0.004665,-0.008531,0.103673
15,LH_DorsAttn_Post_1,3,-0.004268,0.021478,0.46643066,0,6,-0.002659,0.001609,0.089790
16,LH_DorsAttn_Post_2,3,0.007783,0.027467,0.32702637,0,12,0.001909,-0.005874,0.089980
17,LH_DorsAttn_Post_3,3,0.007148,0.031997,0.43298340,0,7,0.000458,-0.006690,0.093758
18,LH_DorsAttn_Post_4,3,0.007269,0.023505,0.28088379,0,7,-0.000584,-0.007853,0.092171
19,LH_DorsAttn_Post_5,3,0.006381,0.018327,0.22961426,0,8,0.002533,-0.003848,0.093332
21,LH_DorsAttn_PrCv_1,3,0.008160,0.013159,0.01647949,0,11,-0.000060,-0.008219,0.092702
22,LH_DorsAttn_FEF_1,3,0.010723,0.020348,0.07141113,0,10,0.005013,-0.005710,0.088890
23,LH_SalVentAttn_ParOper_1,4,0.000044,0.031287,0.99682617,0,6,0.002058,0.002015,0.091748
24,LH_SalVentAttn_FrOperIns_1,4,0.001037,0.026182,0.88916016,0,7,-0.003168,-0.004206,0.100155
25,LH_SalVentAttn_FrOperIns_2,4,0.006149,0.030281,0.45886230,0,6,0.000706,-0.005442,0.098194
26,LH_SalVentAttn_PFCl_1,4,-0.000115,0.028922,0.98876953,0,5,0.002463,0.002579,0.085907
27,LH_SalVentAttn_Med_1,4,-0.001491,0.033281,0.86645508,0,5,-0.006346,-0.004854,0.096765
28,LH_SalVentAttn_Med_2,4,0.000158,0.021782,0.97949219,0,7,-0.001400,-0.001557,0.093343
29,LH_SalVentAttn_Med_3,4,0.008962,0.037482,0.41040039,0,8,0.000292,-0.008670,0.091884
30,LH_Limbic_OFC_1,5,0.008308,0.026479,0.27148438,0,9,-0.000410,-0.008718,0.086222
31,LH_Limbic_TempPole_1,5,-0.005477,0.024318,0.40515137,0,6,-0.006017,-0.000540,0.094728
32,LH_Limbic_TempPole_2,5,-0.000617,0.021096,0.91296387,0,5,-0.003605,-0.002988,0.093966
33,LH_Cont_Par_1,6,-0.000023,0.027128,0.99719238,0,6,-0.001347,-0.001324,0.094796
34,LH_Cont_PFCl_1,6,-0.008927,0.026419,0.22570801,0,5,-0.003401,0.005525,0.095885
35,LH_Cont_pCun_1,6,-0.001020,0.026288,0.88647461,0,7,-0.000720,0.000300,0.092524
36,LH_Cont_Cing_1,6,-0.010424,0.032288,0.24853516,0,6,-0.004841,0.005582,0.099487
37,LH_Default_Temp_1,7,-0.000393,0.021240,0.94592285,0,6,0.003352,0.003745,0.092464
38,LH_Default_Temp_2,7,-0.001056,0.024351,0.87304688,0,7,0.005028,0.006085,0.088521
39,LH_Default_Par_1,7,0.002659,0.020161,0.63549805,0,7,0.001538,-0.001121,0.084400
40,LH_Default_Par_2,7,-0.006645,0.017751,0.18432617,0,4,-0.011703,-0.005058,0.108702
41,LH_Default_PFC_1,7,0.012403,0.028490,0.12829590,0,8,0.000069,-0.012334,0.090591
42,LH_Default_PFC_2,7,-0.009372,0.032668,0.31225586,0,5,-0.009440,-0.000068,0.098774
43,LH_Default_PFC_3,7,0.006381,0.026439,0.41015625,0,7,0.005641,-0.000740,0.095046
44,LH_Default_PFC_4,7,-0.000645,0.029062,0.93713379,0,8,-0.002912,-0.002267,0.096318
45,LH_Default_PFC_5,7,-0.000556,0.032344,0.95043945,0,5,0.000678,0.001235,0.101040
46,LH_Default_PFC_6,7,-0.009220,0.025493,0.20263672,0,3,-0.011670,-0.002450,0.105672
47,LH_Default_PFC_7,7,-0.005879,0.024067,0.37158203,0,4,-0.007220,-0.001340,0.097019
48,LH_Default_pCunPCC_1,7,0.000516,0.031990,0.95458984,0,6,0.004048,0.003533,0.089350
49,LH_Default_pCunPCC_2,7,0.000114,0.028619,0.98693848,0,8,0.001383,0.001268,0.102018
50,RH_Vis_1,1,0.012710,0.019275,0.03015137,0,11,0.006239,-0.006471,0.083467
51,RH_Vis_2,1,-0.007956,0.033743,0.39025879,0,5,-0.007938,0.000018,0.101677
52,RH_Vis_3,1,0.006718,0.027601,0.37329102,0,9,-0.000962,-0.007680,0.094495
53,RH_Vis_4,1,-0.003840,0.026150,0.58764648,0,7,-0.012576,-0.008736,0.106923
54,RH_Vis_5,1,-0.001359,0.038019,0.89294434,0,5,-0.006891,-0.005532,0.097129
55,RH_Vis_6,1,-0.003300,0.039040,0.75231934,0,4,-0.005498,-0.002198,0.099257
56,RH_Vis_7,1,-0.002742,0.030981,0.74096680,0,7,-0.010671,-0.007928,0.104408
57,RH_Vis_8,1,-0.002187,0.025854,0.75354004,0,6,-0.016415,-0.014229,0.111694
58,RH_SomMot_1,2,-0.007114,0.031962,0.41979980,0,7,-0.003715,0.003399,0.101020
59,RH_SomMot_2,2,0.002037,0.026506,0.77087402,0,8,-0.004102,-0.006139,0.098165
60,RH_SomMot_3,2,0.000214,0.024020,0.97290039,0,7,-0.004922,-0.005136,0.105333
61,RH_SomMot_4,2,0.002708,0.026477,0.70471191,0,7,-0.004874,-0.007581,0.100177
62,RH_SomMot_5,2,-0.003479,0.026135,0.62475586,0,6,-0.005841,-0.002363,0.100475
63,RH_SomMot_6,2,0.002369,0.033018,0.83276367,0,7,-0.004541,-0.006910,0.102526
64,RH_SomMot_7,2,0.005725,0.029257,0.54858398,0,7,-0.005118,-0.010844,0.095494
65,RH_SomMot_8,2,0.005196,0.042680,0.66369629,0,8,-0.004906,-0.010102,0.102701
66,RH_DorsAttn_Post_1,3,0.000821,0.030484,0.91967773,0,6,-0.000912,-0.001733,0.092765
67,RH_DorsAttn_Post_2,3,0.006567,0.029069,0.46264648,0,6,-0.001719,-0.008286,0.099205
68,RH_DorsAttn_Post_3,3,-0.002760,0.022290,0.64685059,0,6,-0.001685,0.001075,0.093426
69,RH_DorsAttn_Post_4,3,0.010531,0.030565,0.21960449,0,9,0.002896,-0.007634,0.091326
70,RH_DorsAttn_Post_5,3,0.005293,0.022365,0.39758301,0,7,-0.003934,-0.009226,0.096468
71,RH_DorsAttn_PrCv_1,3,-0.005042,0.027854,0.50793457,0,4,-0.004214,0.000827,0.098502
72,RH_DorsAttn_FEF_1,3,-0.001287,0.025731,0.85461426,0,7,-0.001238,0.000049,0.093277
73,RH_SalVentAttn_TempOccPar_1,4,0.000416,0.022691,0.94775391,0,7,-0.002404,-0.002820,0.088233
74,RH_SalVentAttn_TempOccPar_2,4,0.004926,0.030289,0.57067871,0,6,0.002713,-0.002213,0.099526
75,RH_SalVentAttn_FrOperIns_1,4,0.000166,0.027538,0.97985840,0,7,-0.001666,-0.001832,0.104347
76,RH_SalVentAttn_Med_1,4,0.000006,0.021942,0.99902344,0,7,0.002959,0.002953,0.093885
77,RH_SalVentAttn_Med_2,4,0.004776,0.031716,0.58935547,0,6,0.000611,-0.004165,0.101577
78,RH_Limbic_OFC_1,5,0.001423,0.023689,0.84582520,0,5,-0.000524,-0.001947,0.087561
79,RH_Limbic_TempPole_1,5,0.010297,0.022034,0.09802246,0,9,0.001524,-0.008774,0.090096
80,RH_Cont_Par_1,6,-0.007467,0.023806,0.25000000,0,5,-0.003686,0.003782,0.098025
81,RH_Cont_Par_2,6,-0.003174,0.023408,0.61926270,0,6,-0.009196,-0.006022,0.108891
82,RH_Cont_PFCl_1,6,0.004457,0.027172,0.54760742,0,8,-0.006199,-0.010656,0.100781
83,RH_Cont_PFCl_2,6,-0.009498,0.026656,0.20715332,0,4,-0.008581,0.000918,0.103672
84,RH_Cont_PFCl_3,6,-0.006142,0.024019,0.37170410,0,7,0.000866,0.007008,0.093057
85,RH_Cont_PFCl_4,6,-0.009354,0.021235,0.12402344,0,6,-0.011939,-0.002585,0.105986
86,RH_Cont_Cing_1,6,-0.008552,0.034135,0.36706543,0,6,-0.007525,0.001027,0.103436
87,RH_Cont_PFCmp_1,6,-0.005602,0.035153,0.56640625,0,6,-0.008373,-0.002771,0.103066
88,RH_Cont_pCun_1,6,-0.000117,0.032861,0.98852539,0,6,0.000393,0.000510,0.095031
89,RH_Default_Par_1,7,0.009011,0.024145,0.22570801,0,7,-0.006683,-0.015694,0.103938
90,RH_Default_Temp_1,7,0.005880,0.025951,0.42114258,0,7,-0.005041,-0.010921,0.101614
91,RH_Default_Temp_2,7,0.002562,0.029079,0.74108887,0,8,0.002713,0.000152,0.087362
92,RH_Default_Temp_3,7,0.015249,0.021866,0.01647949,0,11,0.005163,-0.010086,0.085265
93,RH_Default_PFCv_1,7,0.003899,0.020108,0.50012207,0,8,-0.003151,-0.007050,0.093896
94,RH_Default_PFCv_2,7,0.006378,0.029344,0.42761230,0,10,-0.003619,-0.009997,0.094386
95,RH_Default_PFCdPFCm_1,7,0.004742,0.020780,0.46679688,0,8,0.000267,-0.004475,0.097148
96,RH_Default_PFCdPFCm_2,7,-0.002279,0.028316,0.76403809,0,6,-0.001735,0.000543,0.101226
97,RH_Default_PFCdPFCm_3,7,-0.001786,0.026191,0.80139160,0,6,-0.000748,0.001038,0.093727
98,RH_Default_pCunPCC_1,7,0.002313,0.034449,0.81213379,0,8,0.002951,0.000638,0.087611
99,RH_Default_pCunPCC_2,7,0.003623,0.033695,0.69458008,0,8,0.000351,-0.003272,0.102148
100,SUB_1,8,0.008169,0.027824,0.30310059,0,8,0.004843,-0.003326,0.084790
101,SUB_2,8,-0.006269,0.027044,0.40856934,0,4,-0.000099,0.006170,0.086427
102,SUB_3,8,-0.010585,0.029003,0.19555664,0,5,-0.008023,0.002563,0.092154
103,SUB_4,8,-0.004221,0.031556,0.63122559,0,5,-0.004579,-0.000358,0.095948
104,SUB_5,8,0.006573,0.026574,0.37182617,0,7,0.001220,-0.005353,0.086600
105,SUB_6,8,-0.002876,0.016898,0.52929688,0,6,0.000147,0.003023,0.085254
106,SUB_7,8,0.002961,0.025108,0.66247559,0,10,-0.002305,-0.005265,0.095110
107,SUB_8,8,-0.004001,0.027651,0.60021973,0,7,-0.002544,0.001457,0.092584
108,SUB_9,8,-0.001464,0.027843,0.85266113,0,7,-0.001305,0.000159,0.089855
109,SUB_10,8,-0.001878,0.026495,0.79602051,0,8,0.003525,0.005403,0.091169
110,SUB_11,8,-0.005970,0.025425,0.38818359,0,6,-0.000115,0.005855,0.088410
111,SUB_12,8,0.000985,0.026606,0.89074707,0,7,0.001974,0.000989,0.088444
112,SUB_13,8,0.006204,0.019583,0.25781250,0,10,0.000885,-0.005319,0.083272
113,SUB_14,8,0.004966,0.022463,0.41845703,0,8,-0.000452,-0.005418,0.088421
114,SUB_15,8,0.005357,0.031080,0.52514648,0,7,-0.001945,-0.007302,0.094538
115,SUB_16,8,-0.010100,0.021862,0.10803223,0,4,-0.007365,0.002735,0.096237
