# rev_regional_phir.py EXPLORATORY series=deconv variant=ts_demean estimator=win60 regions=115 excluded_regions=20 pre=windows1-4 post=windows6-14 signflip=exact2^14 two-sided fdr=BH q=0.05 spin=rotated_Schaefer_100 (10000 rotations, cortical only) bootstrap=10000 seed=20261120
section,name,value,ci_lo,ci_hi,p,note
consistency,max_abs_diff_region_mean_vs_saved_pair_mean_16atoms,0.000000,,,,"atoms_win60_115regions-all_ts_demean_window.npy"
regional_did,whole_brain_did_mean_over_regions,0.034995,0.018435,0.052582,0.00085449,"equals whole-brain pair-mean ΦR DiD"
regional_did,n_regions_fdr_significant,55.000000,,,,"BH q=0.05, p_thresh=0.02391"
regional_did,n_fdr_significant_positive,55.000000,,,,""
regional_did,n_fdr_significant_negative,0.000000,,,,""
regional_did,n_groupmean_positive_of_115,114.000000,,,,""
regional_did,n_uncorrected_p_below_0.05,72.000000,,,,""
regional_did,min_uncorrected_p,0.000122,,,,"region LH_Vis_4 did=+0.0482"
regional_did,n_cortical_fdr_significant,53.000000,,,,""
regional_did,n_subcortical_fdr_significant,2.000000,,,,""
regional_did,sd_of_groupmean_did_across_regions,0.012919,,,,""
regional_did,range_of_groupmean_did_across_regions,0.071535,,,,"min -0.0063 max +0.0652"
network_mean_did,Vis_n17,0.044886,0.026745,0.064834,0.00048828,"pos=12/14; fdr_sig=15"
network_mean_did,SomMot_n14,0.040442,0.019579,0.061953,0.00476074,"pos=11/14; fdr_sig=9"
network_mean_did,DorsAttn_n14,0.040284,0.020659,0.061032,0.00158691,"pos=12/14; fdr_sig=7"
network_mean_did,SalVentAttn_n12,0.038166,0.019976,0.057204,0.00097656,"pos=12/14; fdr_sig=9"
network_mean_did,Limbic_n5,0.020854,0.008765,0.032945,0.00683594,"pos=11/14; fdr_sig=0"
network_mean_did,Cont_n13,0.027414,0.006300,0.051265,0.03393555,"pos=9/14; fdr_sig=0"
network_mean_did,Default_n24,0.034411,0.017508,0.052237,0.00183105,"pos=13/14; fdr_sig=13"
network_mean_did,Subcortex_n16,0.024166,0.010703,0.037614,0.00476074,"pos=12/14; fdr_sig=2"
regional_did_fdr_regions,LH_Vis_1,0.028679,,,0.01477051,"orig_index=0 net=1 pos=10/14"
regional_did_fdr_regions,LH_Vis_3,0.051821,,,0.00195312,"orig_index=2 net=1 pos=11/14"
regional_did_fdr_regions,LH_Vis_4,0.048214,,,0.00012207,"orig_index=3 net=1 pos=14/14"
regional_did_fdr_regions,LH_Vis_5,0.049877,,,0.01220703,"orig_index=4 net=1 pos=9/14"
regional_did_fdr_regions,LH_Vis_6,0.061338,,,0.00036621,"orig_index=5 net=1 pos=13/14"
regional_did_fdr_regions,LH_Vis_8,0.051674,,,0.00317383,"orig_index=7 net=1 pos=11/14"
regional_did_fdr_regions,LH_Vis_9,0.055223,,,0.00219727,"orig_index=8 net=1 pos=12/14"
regional_did_fdr_regions,LH_SomMot_1,0.033008,,,0.02380371,"orig_index=9 net=2 pos=9/14"
regional_did_fdr_regions,LH_SomMot_2,0.040946,,,0.00109863,"orig_index=10 net=2 pos=12/14"
regional_did_fdr_regions,LH_SomMot_5,0.065201,,,0.00061035,"orig_index=13 net=2 pos=13/14"
regional_did_fdr_regions,LH_SomMot_6,0.056985,,,0.01342773,"orig_index=14 net=2 pos=10/14"
regional_did_fdr_regions,LH_DorsAttn_Post_1,0.033171,,,0.02319336,"orig_index=15 net=3 pos=10/14"
regional_did_fdr_regions,LH_DorsAttn_Post_2,0.054867,,,0.00024414,"orig_index=16 net=3 pos=13/14"
regional_did_fdr_regions,LH_DorsAttn_Post_4,0.061379,,,0.00158691,"orig_index=18 net=3 pos=13/14"
regional_did_fdr_regions,LH_DorsAttn_PrCv_1,0.041480,,,0.01489258,"orig_index=21 net=3 pos=11/14"
regional_did_fdr_regions,LH_DorsAttn_FEF_1,0.053470,,,0.00207520,"orig_index=22 net=3 pos=12/14"
regional_did_fdr_regions,LH_SalVentAttn_FrOperIns_2,0.040868,,,0.00537109,"orig_index=25 net=4 pos=10/14"
regional_did_fdr_regions,LH_SalVentAttn_PFCl_1,0.040884,,,0.01660156,"orig_index=26 net=4 pos=11/14"
regional_did_fdr_regions,LH_SalVentAttn_Med_1,0.035394,,,0.01635742,"orig_index=27 net=4 pos=9/14"
regional_did_fdr_regions,LH_SalVentAttn_Med_2,0.036533,,,0.01269531,"orig_index=28 net=4 pos=10/14"
regional_did_fdr_regions,LH_SalVentAttn_Med_3,0.045723,,,0.01208496,"orig_index=29 net=4 pos=12/14"
regional_did_fdr_regions,LH_Default_Par_2,0.032733,,,0.00744629,"orig_index=40 net=7 pos=11/14"
regional_did_fdr_regions,LH_Default_PFC_2,0.039342,,,0.00720215,"orig_index=42 net=7 pos=11/14"
regional_did_fdr_regions,LH_Default_PFC_3,0.035554,,,0.00695801,"orig_index=43 net=7 pos=12/14"
regional_did_fdr_regions,LH_Default_PFC_4,0.031440,,,0.01708984,"orig_index=44 net=7 pos=12/14"
regional_did_fdr_regions,LH_Default_PFC_5,0.044322,,,0.00427246,"orig_index=45 net=7 pos=10/14"
regional_did_fdr_regions,LH_Default_PFC_6,0.032450,,,0.01965332,"orig_index=46 net=7 pos=11/14"
regional_did_fdr_regions,LH_Default_PFC_7,0.049760,,,0.00415039,"orig_index=47 net=7 pos=11/14"
regional_did_fdr_regions,LH_Default_pCunPCC_1,0.044178,,,0.00402832,"orig_index=48 net=7 pos=11/14"
regional_did_fdr_regions,LH_Default_pCunPCC_2,0.042203,,,0.01245117,"orig_index=49 net=7 pos=11/14"
regional_did_fdr_regions,RH_Vis_1,0.035830,,,0.01867676,"orig_index=50 net=1 pos=11/14"
regional_did_fdr_regions,RH_Vis_2,0.050980,,,0.00036621,"orig_index=51 net=1 pos=13/14"
regional_did_fdr_regions,RH_Vis_3,0.032921,,,0.01220703,"orig_index=52 net=1 pos=10/14"
regional_did_fdr_regions,RH_Vis_4,0.038637,,,0.01232910,"orig_index=53 net=1 pos=9/14"
regional_did_fdr_regions,RH_Vis_5,0.064482,,,0.00219727,"orig_index=54 net=1 pos=12/14"
regional_did_fdr_regions,RH_Vis_6,0.050245,,,0.00573730,"orig_index=55 net=1 pos=12/14"
regional_did_fdr_regions,RH_Vis_7,0.034644,,,0.01232910,"orig_index=56 net=1 pos=10/14"
regional_did_fdr_regions,RH_Vis_8,0.045458,,,0.01574707,"orig_index=57 net=1 pos=9/14"
regional_did_fdr_regions,RH_SomMot_3,0.033602,,,0.01208496,"orig_index=60 net=2 pos=11/14"
regional_did_fdr_regions,RH_SomMot_5,0.034765,,,0.02172852,"orig_index=62 net=2 pos=10/14"
regional_did_fdr_regions,RH_SomMot_6,0.043712,,,0.01794434,"orig_index=63 net=2 pos=10/14"
regional_did_fdr_regions,RH_SomMot_7,0.050943,,,0.00427246,"orig_index=64 net=2 pos=13/14"
regional_did_fdr_regions,RH_SomMot_8,0.058860,,,0.01245117,"orig_index=65 net=2 pos=11/14"
regional_did_fdr_regions,RH_DorsAttn_Post_5,0.042828,,,0.02307129,"orig_index=70 net=3 pos=9/14"
regional_did_fdr_regions,RH_DorsAttn_FEF_1,0.038748,,,0.00585938,"orig_index=72 net=3 pos=10/14"
regional_did_fdr_regions,RH_SalVentAttn_TempOccPar_2,0.033888,,,0.01196289,"orig_index=74 net=4 pos=13/14"
regional_did_fdr_regions,RH_SalVentAttn_FrOperIns_1,0.051079,,,0.00354004,"orig_index=75 net=4 pos=11/14"
regional_did_fdr_regions,RH_SalVentAttn_Med_1,0.037931,,,0.00219727,"orig_index=76 net=4 pos=11/14"
regional_did_fdr_regions,RH_SalVentAttn_Med_2,0.049739,,,0.00219727,"orig_index=77 net=4 pos=12/14"
regional_did_fdr_regions,RH_Default_Par_1,0.039736,,,0.00439453,"orig_index=89 net=7 pos=11/14"
regional_did_fdr_regions,RH_Default_Temp_1,0.022789,,,0.02368164,"orig_index=90 net=7 pos=11/14"
regional_did_fdr_regions,RH_Default_PFCv_2,0.052673,,,0.00439453,"orig_index=94 net=7 pos=13/14"
regional_did_fdr_regions,RH_Default_pCunPCC_2,0.030737,,,0.01245117,"orig_index=99 net=7 pos=11/14"
regional_did_fdr_regions,SUB_6,0.028493,,,0.01477051,"orig_index=105 net=8 pos=11/14"
regional_did_fdr_regions,SUB_13,0.040240,,,0.01110840,"orig_index=112 net=8 pos=12/14"
spatial_spin_cortical99,rho_5HT2A,-0.273234,,,0.02055000,"two-sided spin p; Vasa one-sided-avg p=0.0086; null SD 0.117; BH(5) sig=1"
spatial_descriptive_115,rho_5HT2A_incl_subcortex_no_p,-0.014030,,,,"no spatial null for subcortex"
spatial_spin_cortical99,rho_5HT1A,-0.475523,,,0.00030000,"two-sided spin p; Vasa one-sided-avg p=0.0003; null SD 0.153; BH(5) sig=1"
spatial_descriptive_115,rho_5HT1A_incl_subcortex_no_p,-0.258637,,,,"no spatial null for subcortex"
spatial_spin_cortical99,rho_5HT1B,0.240742,,,0.04195000,"two-sided spin p; Vasa one-sided-avg p=0.0199; null SD 0.120; BH(5) sig=0"
spatial_descriptive_115,rho_5HT1B_incl_subcortex_no_p,0.276241,,,,"no spatial null for subcortex"
spatial_spin_cortical99,rho_5HT4,-0.498528,,,0.00035000,"two-sided spin p; Vasa one-sided-avg p=0.0003; null SD 0.132; BH(5) sig=1"
spatial_descriptive_115,rho_5HT4_incl_subcortex_no_p,-0.296252,,,,"no spatial null for subcortex"
spatial_spin_cortical99,rho_5HTT,0.063117,,,0.64100000,"two-sided spin p; Vasa one-sided-avg p=0.3472; null SD 0.130; BH(5) sig=0"
spatial_descriptive_115,rho_5HTT_incl_subcortex_no_p,-0.118109,,,,"no spatial null for subcortex"
spatial_spin_cortical99,bh_threshold_across_5_maps,0.030000,,,,""
workspace_primary_Default+Cont,workspace_minus_nonworkspace_vs_noncortex_ws,-0.007652,-0.014679,-0.000808,0.06250000,"n_ws=37 n_non=62 pos=5/14"
workspace_primary_Default+Cont,workspace_mean_did_vs_noncortex_ws,0.031953,0.014489,0.051389,0.00280762,"pos=12/14"
workspace_primary_Default+Cont,nonworkspace_mean_did_vs_noncortex_ws,0.039605,0.022269,0.058032,0.00048828,"pos=12/14"
workspace_primary_Default+Cont,gateway_proxy_minus_nonworkspace_vs_noncortex_ws,-0.005193,-0.013871,0.002907,0.26574707,"n=24 pos=7/14"
workspace_primary_Default+Cont,broadcaster_proxy_minus_nonworkspace_vs_noncortex_ws,-0.012191,-0.021881,-0.002171,0.03564453,"n=13 pos=4/14"
workspace_primary_Default+Cont,workspace_minus_nonworkspace_vs_noncortex_ws+subcortex,-0.004485,-0.010912,0.002486,0.22192383,"n_ws=37 n_non=78 pos=4/14"
workspace_primary_Default+Cont,workspace_mean_did_vs_noncortex_ws+subcortex,0.031953,0.014611,0.051674,0.00280762,"pos=12/14"
workspace_primary_Default+Cont,nonworkspace_mean_did_vs_noncortex_ws+subcortex,0.036438,0.019899,0.053544,0.00073242,"pos=12/14"
workspace_primary_Default+Cont,gateway_proxy_minus_nonworkspace_vs_noncortex_ws+subcortex,-0.002026,-0.009549,0.005239,0.60754395,"n=24 pos=8/14"
workspace_primary_Default+Cont,broadcaster_proxy_minus_nonworkspace_vs_noncortex_ws+subcortex,-0.009024,-0.019719,0.001712,0.13586426,"n=13 pos=5/14"
workspace_primary_Default+Cont,gateway_proxy_minus_broadcaster_proxy,0.006998,-0.004050,0.019146,0.29089355,"n_gw=24 n_bc=13"
workspace_primary_Default+Cont,dmt_change_workspace_minus_nonworkspace_cortex,-0.002688,-0.007943,0.003083,0.36096191,""
workspace_primary_Default+Cont,pcb_change_workspace_minus_nonworkspace_cortex,0.004964,-0.000173,0.010187,0.09118652,""
workspace_named_subregion,workspace_minus_nonworkspace_vs_noncortex_ws,-0.002862,-0.010361,0.004190,0.46252441,"n_ws=26 n_non=73 pos=8/14"
workspace_named_subregion,workspace_mean_did_vs_noncortex_ws,0.034635,0.017574,0.054375,0.00109863,"pos=13/14"
workspace_named_subregion,nonworkspace_mean_did_vs_noncortex_ws,0.037496,0.020135,0.056691,0.00109863,"pos=12/14"
workspace_named_subregion,gateway_proxy_minus_nonworkspace_vs_noncortex_ws,-0.001767,-0.009800,0.006046,0.67993164,"n=21 pos=8/14"
workspace_named_subregion,broadcaster_proxy_minus_nonworkspace_vs_noncortex_ws,-0.007457,-0.018978,0.005869,0.27770996,"n=5 pos=4/14"
workspace_named_subregion,workspace_minus_nonworkspace_vs_noncortex_ws+subcortex,-0.000465,-0.007113,0.006556,0.89965820,"n_ws=26 n_non=89 pos=7/14"
workspace_named_subregion,workspace_mean_did_vs_noncortex_ws+subcortex,0.034635,0.017832,0.054076,0.00109863,"pos=13/14"
workspace_named_subregion,nonworkspace_mean_did_vs_noncortex_ws+subcortex,0.035100,0.018371,0.052788,0.00146484,"pos=12/14"
workspace_named_subregion,gateway_proxy_minus_nonworkspace_vs_noncortex_ws+subcortex,0.000629,-0.006614,0.007931,0.86877441,"n=21 pos=8/14"
workspace_named_subregion,broadcaster_proxy_minus_nonworkspace_vs_noncortex_ws+subcortex,-0.005061,-0.017211,0.009511,0.49487305,"n=5 pos=4/14"
workspace_named_subregion,gateway_proxy_minus_broadcaster_proxy,0.005690,-0.008165,0.019498,0.44653320,"n_gw=21 n_bc=5"
workspace_named_subregion,dmt_change_workspace_minus_nonworkspace_cortex,-0.000655,-0.007352,0.006267,0.86450195,""
workspace_named_subregion,pcb_change_workspace_minus_nonworkspace_cortex,0.002206,-0.002645,0.007220,0.40905762,""
