# rev_regional_phir.py EXPLORATORY series=deconv variant=ts_demean estimator=global regions=115 excluded_regions=20 pre=bins1-8 post=bins11-28 signflip=exact2^14 two-sided fdr=BH q=0.05 spin=rotated_Schaefer_100 (10000 rotations, cortical only) bootstrap=10000 seed=20261120
orig_index,name,yeo_network,did_mean,did_sd,p_signflip,bh_significant,n_pos_of_14,dmt_change,pcb_change,pre_level_dmt
0,LH_Vis_1,1,0.016553,0.043921,0.18933105,0,9,0.006931,-0.009622,0.032712
1,LH_Vis_2,1,0.024539,0.046886,0.06420898,0,11,0.025860,0.001321,0.044004
2,LH_Vis_3,1,0.032993,0.059995,0.05798340,0,10,0.025784,-0.007209,0.049581
3,LH_Vis_4,1,0.034073,0.053591,0.01940918,0,10,0.026936,-0.007137,0.035035
4,LH_Vis_5,1,0.018869,0.081289,0.45495605,0,9,0.019766,0.000897,0.029428
5,LH_Vis_6,1,0.024065,0.056220,0.13366699,0,9,0.015893,-0.008172,0.058377
6,LH_Vis_7,1,0.015782,0.057214,0.31884766,0,7,0.011541,-0.004242,0.056307
7,LH_Vis_8,1,0.034754,0.056485,0.04040527,0,11,0.029651,-0.005104,0.047288
8,LH_Vis_9,1,0.038945,0.054053,0.01940918,0,11,0.027850,-0.011095,0.053134
9,LH_SomMot_1,2,0.016011,0.056700,0.30627441,0,9,0.012583,-0.003428,0.066772
10,LH_SomMot_2,2,0.015775,0.048231,0.25598145,0,8,0.005759,-0.010016,0.056506
11,LH_SomMot_3,2,0.017513,0.044622,0.16894531,0,9,0.010586,-0.006927,0.068385
12,LH_SomMot_4,2,0.008934,0.052135,0.53576660,0,9,0.006965,-0.001969,0.047223
13,LH_SomMot_5,2,0.030230,0.054124,0.05566406,0,10,0.017540,-0.012691,0.051242
14,LH_SomMot_6,2,0.036012,0.067049,0.06738281,0,10,0.027116,-0.008896,0.057225
15,LH_DorsAttn_Post_1,3,0.021651,0.046118,0.10437012,0,11,0.020615,-0.001036,0.040917
16,LH_DorsAttn_Post_2,3,0.017675,0.039579,0.11914062,0,10,0.009173,-0.008503,0.048074
17,LH_DorsAttn_Post_3,3,0.027004,0.055844,0.09875488,0,8,0.015655,-0.011349,0.053933
18,LH_DorsAttn_Post_4,3,0.031088,0.048422,0.03381348,0,12,0.019543,-0.011545,0.044583
19,LH_DorsAttn_Post_5,3,0.013359,0.042193,0.26379395,0,9,0.014185,0.000825,0.046386
21,LH_DorsAttn_PrCv_1,3,0.028650,0.054463,0.06188965,0,9,0.018606,-0.010044,0.046237
22,LH_DorsAttn_FEF_1,3,0.036595,0.042694,0.00378418,0,10,0.025953,-0.010642,0.044261
23,LH_SalVentAttn_ParOper_1,4,0.024899,0.046692,0.05712891,0,9,0.013303,-0.011595,0.054694
24,LH_SalVentAttn_FrOperIns_1,4,0.002948,0.061544,0.86035156,0,7,0.013953,0.011006,0.046031
25,LH_SalVentAttn_FrOperIns_2,4,0.033228,0.045288,0.01831055,0,12,0.019463,-0.013765,0.054747
26,LH_SalVentAttn_PFCl_1,4,0.037300,0.066186,0.04626465,0,10,0.027143,-0.010157,0.048727
27,LH_SalVentAttn_Med_1,4,0.032167,0.054138,0.04309082,0,10,0.023275,-0.008892,0.060856
28,LH_SalVentAttn_Med_2,4,0.026474,0.056083,0.10229492,0,10,0.023358,-0.003115,0.055025
29,LH_SalVentAttn_Med_3,4,0.039484,0.051959,0.00915527,0,12,0.028152,-0.011332,0.043147
30,LH_Limbic_OFC_1,5,-0.000919,0.038221,0.93066406,0,8,0.000843,0.001762,0.023295
31,LH_Limbic_TempPole_1,5,0.016237,0.062949,0.34887695,0,8,0.013190,-0.003047,0.041165
32,LH_Limbic_TempPole_2,5,0.010248,0.029634,0.21923828,0,9,0.006104,-0.004144,0.023638
33,LH_Cont_Par_1,6,0.032715,0.066312,0.09545898,0,7,0.018575,-0.014140,0.042786
34,LH_Cont_PFCl_1,6,0.039051,0.066109,0.04589844,0,10,0.025171,-0.013880,0.039134
35,LH_Cont_pCun_1,6,0.006993,0.040232,0.57067871,0,7,0.006236,-0.000757,0.058125
36,LH_Cont_Cing_1,6,0.023109,0.060634,0.17834473,0,10,0.018463,-0.004646,0.050546
37,LH_Default_Temp_1,7,0.001899,0.053013,0.89465332,0,7,0.001038,-0.000861,0.052882
38,LH_Default_Temp_2,7,0.003221,0.050079,0.81677246,0,9,0.006129,0.002908,0.036698
39,LH_Default_Par_1,7,0.010458,0.044931,0.39685059,0,7,0.010753,0.000296,0.047199
40,LH_Default_Par_2,7,0.021821,0.046221,0.11437988,0,8,0.013271,-0.008550,0.043908
41,LH_Default_PFC_1,7,0.024800,0.058314,0.13671875,0,9,0.016432,-0.008368,0.050317
42,LH_Default_PFC_2,7,0.038850,0.057857,0.02697754,0,10,0.023809,-0.015041,0.038891
43,LH_Default_PFC_3,7,0.018713,0.054299,0.22521973,0,7,0.014884,-0.003829,0.045002
44,LH_Default_PFC_4,7,0.020693,0.039207,0.07702637,0,9,0.012530,-0.008163,0.044161
45,LH_Default_PFC_5,7,0.030267,0.062729,0.10156250,0,8,0.012724,-0.017543,0.049694
46,LH_Default_PFC_6,7,0.024977,0.048968,0.08337402,0,8,0.012570,-0.012406,0.040693
47,LH_Default_PFC_7,7,0.023529,0.057987,0.17382812,0,8,0.020455,-0.003074,0.028431
48,LH_Default_pCunPCC_1,7,0.022925,0.059261,0.17382812,0,7,0.017451,-0.005474,0.045024
49,LH_Default_pCunPCC_2,7,0.021910,0.053614,0.15722656,0,8,0.016592,-0.005318,0.046324
50,RH_Vis_1,1,0.020888,0.045122,0.10510254,0,11,0.013452,-0.007436,0.036192
51,RH_Vis_2,1,0.030544,0.048539,0.03137207,0,11,0.024068,-0.006476,0.051208
52,RH_Vis_3,1,0.024370,0.045570,0.06933594,0,12,0.022054,-0.002316,0.044124
53,RH_Vis_4,1,0.020124,0.052022,0.18884277,0,9,0.017277,-0.002848,0.032457
54,RH_Vis_5,1,0.037576,0.064259,0.04797363,0,11,0.027168,-0.010408,0.048115
55,RH_Vis_6,1,0.025815,0.063346,0.15124512,0,9,0.023923,-0.001892,0.050911
56,RH_Vis_7,1,0.030869,0.042281,0.01623535,0,11,0.023520,-0.007349,0.044625
57,RH_Vis_8,1,0.040847,0.058236,0.01733398,0,12,0.035037,-0.005809,0.039517
58,RH_SomMot_1,2,0.018057,0.057060,0.26708984,0,8,0.014109,-0.003948,0.073801
59,RH_SomMot_2,2,0.012302,0.058218,0.44677734,0,9,0.004911,-0.007391,0.063634
60,RH_SomMot_3,2,0.011395,0.041084,0.31494141,0,9,0.012546,0.001151,0.064142
61,RH_SomMot_4,2,0.008021,0.046983,0.53308105,0,8,0.003013,-0.005009,0.045496
62,RH_SomMot_5,2,0.016833,0.051281,0.25195312,0,10,0.015075,-0.001757,0.052883
63,RH_SomMot_6,2,0.016397,0.058226,0.31445312,0,9,0.008297,-0.008100,0.056158
64,RH_SomMot_7,2,0.030493,0.055010,0.04931641,0,11,0.016745,-0.013748,0.040748
65,RH_SomMot_8,2,0.036136,0.063347,0.04772949,0,11,0.020866,-0.015270,0.058670
66,RH_DorsAttn_Post_1,3,0.015937,0.044835,0.21752930,0,8,0.011306,-0.004631,0.059750
67,RH_DorsAttn_Post_2,3,0.008605,0.052627,0.54736328,0,10,0.002247,-0.006358,0.061187
68,RH_DorsAttn_Post_3,3,0.028650,0.057332,0.08483887,0,9,0.018054,-0.010596,0.049223
69,RH_DorsAttn_Post_4,3,0.024409,0.055753,0.12475586,0,8,0.016601,-0.007808,0.050800
70,RH_DorsAttn_Post_5,3,0.016745,0.043512,0.17102051,0,8,0.016831,0.000086,0.043068
71,RH_DorsAttn_PrCv_1,3,0.028086,0.051166,0.06335449,0,9,0.016747,-0.011339,0.056060
72,RH_DorsAttn_FEF_1,3,0.027063,0.047702,0.05224609,0,10,0.021823,-0.005240,0.050007
73,RH_SalVentAttn_TempOccPar_1,4,0.014663,0.047654,0.26452637,0,7,0.016776,0.002112,0.059418
74,RH_SalVentAttn_TempOccPar_2,4,0.015197,0.045682,0.24328613,0,10,0.007708,-0.007489,0.061711
75,RH_SalVentAttn_FrOperIns_1,4,0.032290,0.045575,0.02160645,0,11,0.022576,-0.009714,0.058404
76,RH_SalVentAttn_Med_1,4,0.024310,0.047116,0.06896973,0,9,0.019694,-0.004616,0.062462
77,RH_SalVentAttn_Med_2,4,0.034934,0.054011,0.03051758,0,10,0.028843,-0.006091,0.054656
78,RH_Limbic_OFC_1,5,-0.005548,0.032595,0.53308105,0,6,0.002039,0.007587,0.025098
79,RH_Limbic_TempPole_1,5,0.017357,0.062282,0.31982422,0,6,0.012009,-0.005348,0.041351
80,RH_Cont_Par_1,6,0.028679,0.046871,0.04040527,0,8,0.016954,-0.011724,0.041884
81,RH_Cont_Par_2,6,0.018246,0.046589,0.19665527,0,7,0.006573,-0.011674,0.041200
82,RH_Cont_PFCl_1,6,0.023745,0.066971,0.23925781,0,7,0.010811,-0.012934,0.043703
83,RH_Cont_PFCl_2,6,0.028604,0.049746,0.05371094,0,10,0.017379,-0.011226,0.044635
84,RH_Cont_PFCl_3,6,0.029051,0.053372,0.06164551,0,11,0.022162,-0.006889,0.047027
85,RH_Cont_PFCl_4,6,0.014102,0.062319,0.42150879,0,6,0.003255,-0.010847,0.057409
86,RH_Cont_Cing_1,6,0.011195,0.064422,0.53063965,0,7,0.003673,-0.007522,0.061903
87,RH_Cont_PFCmp_1,6,0.040107,0.071137,0.05749512,0,11,0.025454,-0.014653,0.050170
88,RH_Cont_pCun_1,6,0.016269,0.046605,0.21203613,0,10,0.017723,0.001455,0.055129
89,RH_Default_Par_1,7,0.016143,0.036975,0.12829590,0,8,0.003642,-0.012500,0.051640
90,RH_Default_Temp_1,7,0.015443,0.053028,0.31298828,0,6,0.008839,-0.006604,0.035754
91,RH_Default_Temp_2,7,0.002115,0.045525,0.85375977,0,8,0.012587,0.010472,0.043422
92,RH_Default_Temp_3,7,0.012160,0.048980,0.36730957,0,9,0.013126,0.000965,0.050441
93,RH_Default_PFCv_1,7,0.022060,0.044456,0.08459473,0,9,0.016823,-0.005237,0.036948
94,RH_Default_PFCv_2,7,0.047469,0.051830,0.00048828,0,12,0.034202,-0.013267,0.035013
95,RH_Default_PFCdPFCm_1,7,0.009441,0.055976,0.55273438,0,8,0.003035,-0.006406,0.053385
96,RH_Default_PFCdPFCm_2,7,0.024320,0.061085,0.18542480,0,8,0.011339,-0.012982,0.050023
97,RH_Default_PFCdPFCm_3,7,0.026581,0.053534,0.09362793,0,11,0.019756,-0.006825,0.041450
98,RH_Default_pCunPCC_1,7,0.018553,0.055076,0.23681641,0,9,0.019219,0.000666,0.040436
99,RH_Default_pCunPCC_2,7,0.011774,0.050708,0.41906738,0,8,0.009320,-0.002453,0.048924
100,SUB_1,8,0.009797,0.054566,0.51098633,0,7,0.010587,0.000790,0.028569
101,SUB_2,8,-0.002529,0.045706,0.83544922,0,6,0.006809,0.009337,0.030039
102,SUB_3,8,-0.001115,0.034273,0.90405273,0,7,-0.009526,-0.008410,0.038221
103,SUB_4,8,0.012734,0.057359,0.41552734,0,10,0.004624,-0.008110,0.038126
104,SUB_5,8,0.005781,0.037835,0.65698242,0,9,0.000439,-0.005342,0.025613
105,SUB_6,8,0.012791,0.034528,0.19628906,0,10,0.002630,-0.010161,0.023223
106,SUB_7,8,0.018707,0.055581,0.23022461,0,10,0.008036,-0.010671,0.064295
107,SUB_8,8,0.027268,0.048394,0.05822754,0,10,0.014683,-0.012585,0.042032
108,SUB_9,8,0.007106,0.036628,0.47680664,0,7,0.004910,-0.002196,0.032687
109,SUB_10,8,0.013922,0.036015,0.17089844,0,10,0.021735,0.007813,0.018832
110,SUB_11,8,0.004245,0.046508,0.73437500,0,8,-0.000618,-0.004863,0.036396
111,SUB_12,8,0.027820,0.064148,0.12854004,0,10,0.020706,-0.007114,0.026370
112,SUB_13,8,0.004820,0.035289,0.62329102,0,8,0.001409,-0.003411,0.029606
113,SUB_14,8,0.005204,0.035960,0.59094238,0,9,0.006077,0.000874,0.020596
114,SUB_15,8,0.028173,0.052631,0.06958008,0,10,0.009256,-0.018917,0.065366
115,SUB_16,8,0.016469,0.049528,0.23937988,0,6,0.009055,-0.007414,0.046947
