# rev_regional_phir.py EXPLORATORY series=raw variant=ts_demean estimator=global regions=115 excluded_regions=20 pre=bins1-8 post=bins11-28 signflip=exact2^14 two-sided fdr=BH q=0.05 spin=rotated_Schaefer_100 (10000 rotations, cortical only) bootstrap=10000 seed=20261120
section,name,value,ci_lo,ci_hi,p,note
consistency,max_abs_diff_region_mean_vs_saved_pair_mean_16atoms,0.000000,,,,"atoms_bins_115regions-all_ts_demean_global.npy"
regional_did,whole_brain_did_mean_over_regions,0.018013,-0.000159,0.037935,0.11767578,"equals whole-brain pair-mean ΦR DiD"
regional_did,n_regions_fdr_significant,0.000000,,,,"BH q=0.05, p_thresh=0.00000"
regional_did,n_fdr_significant_positive,0.000000,,,,""
regional_did,n_fdr_significant_negative,0.000000,,,,""
regional_did,n_groupmean_positive_of_115,108.000000,,,,""
regional_did,n_uncorrected_p_below_0.05,22.000000,,,,""
regional_did,min_uncorrected_p,0.002075,,,,"region RH_Default_PFCv_2 did=+0.0401"
regional_did,n_cortical_fdr_significant,0.000000,,,,""
regional_did,n_subcortical_fdr_significant,0.000000,,,,""
regional_did,sd_of_groupmean_did_across_regions,0.010372,,,,""
regional_did,range_of_groupmean_did_across_regions,0.045942,,,,"min -0.0058 max +0.0401"
network_mean_did,Vis_n17,0.020926,-0.000837,0.046426,0.11791992,"pos=10/14; fdr_sig=0"
network_mean_did,SomMot_n14,0.015460,-0.006248,0.038828,0.22351074,"pos=10/14; fdr_sig=0"
network_mean_did,DorsAttn_n14,0.019512,-0.000048,0.040082,0.09020996,"pos=10/14; fdr_sig=0"
network_mean_did,SalVentAttn_n12,0.021543,0.002228,0.042731,0.07397461,"pos=9/14; fdr_sig=0"
network_mean_did,Limbic_n5,0.010298,-0.002909,0.024954,0.18847656,"pos=9/14; fdr_sig=0"
network_mean_did,Cont_n13,0.028516,0.006130,0.054138,0.04003906,"pos=9/14; fdr_sig=0"
network_mean_did,Default_n24,0.016989,-0.002179,0.038695,0.17456055,"pos=8/14; fdr_sig=0"
network_mean_did,Subcortex_n16,0.008608,-0.004362,0.021799,0.23620605,"pos=9/14; fdr_sig=0"
spatial_spin_cortical99,rho_5HT2A,0.030934,,,0.81820000,"two-sided spin p; Vasa one-sided-avg p=0.3873; null SD 0.130; BH(5) sig=0"
spatial_descriptive_115,rho_5HT2A_incl_subcortex_no_p,0.211394,,,,"no spatial null for subcortex"
spatial_spin_cortical99,rho_5HT1A,-0.274249,,,0.14915000,"two-sided spin p; Vasa one-sided-avg p=0.0777; null SD 0.190; BH(5) sig=0"
spatial_descriptive_115,rho_5HT1A_incl_subcortex_no_p,-0.114531,,,,"no spatial null for subcortex"
spatial_spin_cortical99,rho_5HT1B,0.377910,,,0.00415000,"two-sided spin p; Vasa one-sided-avg p=0.0022; null SD 0.141; BH(5) sig=1"
spatial_descriptive_115,rho_5HT1B_incl_subcortex_no_p,0.385749,,,,"no spatial null for subcortex"
spatial_spin_cortical99,rho_5HT4,-0.247335,,,0.10565000,"two-sided spin p; Vasa one-sided-avg p=0.0615; null SD 0.154; BH(5) sig=0"
spatial_descriptive_115,rho_5HT4_incl_subcortex_no_p,-0.133938,,,,"no spatial null for subcortex"
spatial_spin_cortical99,rho_5HTT,-0.129375,,,0.45855000,"two-sided spin p; Vasa one-sided-avg p=0.2434; null SD 0.163; BH(5) sig=0"
spatial_descriptive_115,rho_5HTT_incl_subcortex_no_p,-0.273566,,,,"no spatial null for subcortex"
spatial_spin_cortical99,bh_threshold_across_5_maps,0.010000,,,,""
workspace_primary_Default+Cont,workspace_minus_nonworkspace_vs_noncortex_ws,0.002405,-0.003281,0.008660,0.46301270,"n_ws=37 n_non=62 pos=6/14"
workspace_primary_Default+Cont,workspace_mean_did_vs_noncortex_ws,0.021039,0.000950,0.044311,0.11474609,"pos=9/14"
workspace_primary_Default+Cont,nonworkspace_mean_did_vs_noncortex_ws,0.018635,-0.000393,0.039342,0.11523438,"pos=10/14"
workspace_primary_Default+Cont,gateway_proxy_minus_nonworkspace_vs_noncortex_ws,-0.001645,-0.006707,0.003789,0.56872559,"n=24 pos=5/14"
workspace_primary_Default+Cont,broadcaster_proxy_minus_nonworkspace_vs_noncortex_ws,0.009881,0.001162,0.019889,0.07385254,"n=13 pos=8/14"
workspace_primary_Default+Cont,workspace_minus_nonworkspace_vs_noncortex_ws+subcortex,0.004461,-0.001669,0.011783,0.24890137,"n_ws=37 n_non=78 pos=8/14"
workspace_primary_Default+Cont,workspace_mean_did_vs_noncortex_ws+subcortex,0.021039,0.000753,0.044776,0.11474609,"pos=9/14"
workspace_primary_Default+Cont,nonworkspace_mean_did_vs_noncortex_ws+subcortex,0.016578,-0.000867,0.036128,0.12414551,"pos=9/14"
workspace_primary_Default+Cont,gateway_proxy_minus_nonworkspace_vs_noncortex_ws+subcortex,0.000412,-0.004986,0.006598,0.89379883,"n=24 pos=5/14"
workspace_primary_Default+Cont,broadcaster_proxy_minus_nonworkspace_vs_noncortex_ws+subcortex,0.011938,0.002203,0.022941,0.04016113,"n=13 pos=10/14"
workspace_primary_Default+Cont,gateway_proxy_minus_broadcaster_proxy,-0.011526,-0.019286,-0.003928,0.01513672,"n_gw=24 n_bc=13"
workspace_primary_Default+Cont,dmt_change_workspace_minus_nonworkspace_cortex,0.002409,-0.003574,0.009238,0.50805664,""
workspace_primary_Default+Cont,pcb_change_workspace_minus_nonworkspace_cortex,0.000004,-0.003760,0.003622,0.99768066,""
workspace_named_subregion,workspace_minus_nonworkspace_vs_noncortex_ws,0.001603,-0.004048,0.007772,0.61730957,"n_ws=26 n_non=73 pos=7/14"
workspace_named_subregion,workspace_mean_did_vs_noncortex_ws,0.020716,0.000568,0.044642,0.13476562,"pos=9/14"
workspace_named_subregion,nonworkspace_mean_did_vs_noncortex_ws,0.019112,0.000402,0.040860,0.10937500,"pos=10/14"
workspace_named_subregion,gateway_proxy_minus_nonworkspace_vs_noncortex_ws,-0.001042,-0.006092,0.004437,0.71435547,"n=21 pos=6/14"
workspace_named_subregion,broadcaster_proxy_minus_nonworkspace_vs_noncortex_ws,0.012715,0.001746,0.025311,0.07666016,"n=5 pos=8/14"
workspace_named_subregion,workspace_minus_nonworkspace_vs_noncortex_ws+subcortex,0.003492,-0.002618,0.010535,0.36352539,"n_ws=26 n_non=89 pos=6/14"
workspace_named_subregion,workspace_mean_did_vs_noncortex_ws+subcortex,0.020716,0.000841,0.044371,0.13476562,"pos=9/14"
workspace_named_subregion,nonworkspace_mean_did_vs_noncortex_ws+subcortex,0.017224,-0.000409,0.036920,0.11560059,"pos=9/14"
workspace_named_subregion,gateway_proxy_minus_nonworkspace_vs_noncortex_ws+subcortex,0.000846,-0.004682,0.007103,0.79296875,"n=21 pos=5/14"
workspace_named_subregion,broadcaster_proxy_minus_nonworkspace_vs_noncortex_ws+subcortex,0.014604,0.002873,0.028424,0.04748535,"n=5 pos=9/14"
workspace_named_subregion,gateway_proxy_minus_broadcaster_proxy,-0.013758,-0.023946,-0.003617,0.02502441,"n_gw=21 n_bc=5"
workspace_named_subregion,dmt_change_workspace_minus_nonworkspace_cortex,0.001751,-0.004187,0.008243,0.61987305,""
workspace_named_subregion,pcb_change_workspace_minus_nonworkspace_cortex,0.000147,-0.003239,0.003728,0.93505859,""
