# script=01_synergy_timecourse.py variant=ts_gsr regions=115 region_selection=all excluded_regions=20 atoms=rtr,rtx,rty,rts,xtr,xtx,xty,xts,ytr,ytx,yty,yts,str,stx,sty,sts tau=1 redundancy=MMI fit_mode=window window_trs=60 placebo_fit_trs=na seed=20261120 git=e46df8a
subject,condition,window,rtr,rtx,rty,rts,xtr,xtx,xty,xts,ytr,ytx,yty,yts,str,stx,sty,sts
0,DMT,0,0.029908,0.025930,0.027438,0.526297,0.027415,0.581407,-0.027409,-0.493045,0.025930,-0.025930,0.554621,-0.492402,0.525853,-0.491990,-0.494220,1.074830
0,DMT,1,0.040947,0.027379,0.033797,0.530050,0.033751,0.582899,-0.033722,-0.492049,0.027353,-0.027349,0.561345,-0.495650,0.527898,-0.493812,-0.492556,1.080716
0,DMT,2,0.040498,0.034749,0.032417,0.556476,0.032415,0.581908,-0.032299,-0.514963,0.034736,-0.034678,0.581923,-0.513555,0.554915,-0.511594,-0.513443,1.123361
0,DMT,3,0.049111,0.038336,0.035296,0.552000,0.035255,0.588976,-0.035189,-0.508498,0.038339,-0.038214,0.573184,-0.508300,0.551226,-0.505419,-0.508984,1.118950
0,DMT,4,0.032357,0.026909,0.025301,0.516156,0.025276,0.571776,-0.025221,-0.483337,0.026928,-0.026853,0.559599,-0.482464,0.516058,-0.482632,-0.483030,1.057670
0,DMT,5,0.024678,0.024144,0.022133,0.508166,0.022116,0.556414,-0.022116,-0.478217,0.024134,-0.024133,0.559139,-0.477836,0.507117,-0.477574,-0.477304,1.031424
0,DMT,6,0.025207,0.021351,0.024012,0.533451,0.024012,0.567305,-0.024012,-0.504574,0.021333,-0.021329,0.553941,-0.505194,0.532150,-0.503481,-0.504287,1.082848
0,DMT,7,0.021654,0.022473,0.021038,0.528553,0.021038,0.566956,-0.021038,-0.497360,0.022473,-0.022473,0.564205,-0.498078,0.528754,-0.497282,-0.498610,1.067145
0,DMT,8,0.022221,0.023132,0.023468,0.520731,0.023468,0.573156,-0.023468,-0.486335,0.023132,-0.023132,0.533539,-0.488147,0.520367,-0.486167,-0.487647,1.047318
0,DMT,9,0.031384,0.024658,0.022893,0.568394,0.022876,0.632279,-0.022875,-0.536777,0.024661,-0.024651,0.627397,-0.535115,0.567999,-0.535907,-0.536150,1.149148
0,DMT,10,0.031552,0.024913,0.024659,0.551321,0.024658,0.586187,-0.024647,-0.522149,0.024910,-0.024910,0.607002,-0.520718,0.551830,-0.521076,-0.521630,1.120434
0,DMT,11,0.052207,0.029821,0.026560,0.518205,0.026594,0.600920,-0.026525,-0.489080,0.029820,-0.029793,0.593703,-0.487521,0.518394,-0.487410,-0.489631,1.067984
0,DMT,12,0.029171,0.027036,0.021948,0.529919,0.021948,0.580440,-0.021948,-0.499276,0.027011,-0.026996,0.567418,-0.499187,0.531095,-0.499558,-0.500648,1.082000
0,DMT,13,0.027645,0.024144,0.020500,0.561367,0.020501,0.608265,-0.020492,-0.532529,0.024152,-0.024138,0.610301,-0.531733,0.560492,-0.531427,-0.530985,1.138606
0,PCB,0,0.026187,0.022825,0.021599,0.542933,0.021594,0.599607,-0.021594,-0.512391,0.022806,-0.022798,0.581425,-0.514382,0.542155,-0.513376,-0.512863,1.112806
0,PCB,1,0.029831,0.024791,0.022221,0.521473,0.022225,0.581493,-0.022221,-0.492065,0.024791,-0.024791,0.566180,-0.492695,0.520881,-0.490957,-0.493331,1.066889
0,PCB,2,0.025768,0.023946,0.023408,0.524733,0.023379,0.577807,-0.023332,-0.491726,0.023934,-0.023914,0.582914,-0.491478,0.524734,-0.491878,-0.491918,1.068262
0,PCB,3,0.028168,0.025902,0.024835,0.541730,0.024831,0.593973,-0.024831,-0.508624,0.025919,-0.025878,0.580333,-0.507465,0.540491,-0.505894,-0.508307,1.099556
0,PCB,4,0.042769,0.026445,0.023218,0.550963,0.023217,0.632868,-0.023209,-0.523631,0.026457,-0.026445,0.606431,-0.524754,0.551465,-0.524033,-0.524759,1.134199
0,PCB,5,0.028253,0.024390,0.026398,0.532678,0.026397,0.589804,-0.026385,-0.496756,0.024399,-0.024370,0.556480,-0.499304,0.533881,-0.498660,-0.499097,1.079559
0,PCB,6,0.034314,0.024959,0.026129,0.548794,0.026126,0.602147,-0.026114,-0.517039,0.024914,-0.024882,0.598587,-0.517837,0.547647,-0.517916,-0.516619,1.118419
0,PCB,7,0.039687,0.025492,0.028241,0.578987,0.028236,0.641712,-0.028234,-0.546409,0.025492,-0.025492,0.621337,-0.548652,0.580447,-0.547787,-0.548300,1.172883
0,PCB,8,0.028890,0.023990,0.025934,0.549006,0.025936,0.606995,-0.025920,-0.514501,0.023995,-0.023975,0.583006,-0.515688,0.547644,-0.514134,-0.514589,1.107574
0,PCB,9,0.023851,0.022171,0.022392,0.566308,0.022376,0.626182,-0.022344,-0.531743,0.022154,-0.022154,0.617283,-0.532895,0.565698,-0.531601,-0.531656,1.137072
0,PCB,10,0.035941,0.020317,0.026206,0.615856,0.026220,0.680390,-0.026205,-0.583664,0.020317,-0.020317,0.665456,-0.586688,0.614639,-0.583805,-0.584059,1.244482
0,PCB,11,0.030015,0.020970,0.019944,0.609119,0.019944,0.673326,-0.019944,-0.580104,0.020981,-0.020946,0.651096,-0.582338,0.608997,-0.582025,-0.581291,1.233063
0,PCB,12,0.048924,0.022625,0.024759,0.617164,0.024749,0.714761,-0.024749,-0.589182,0.022625,-0.022574,0.686172,-0.591888,0.618278,-0.590710,-0.591032,1.256077
0,PCB,13,0.036162,0.032880,0.035467,0.511365,0.035356,0.546842,-0.035202,-0.469096,0.032870,-0.032729,0.544232,-0.468075,0.509311,-0.468906,-0.466204,1.056641
1,DMT,0,0.035805,0.027018,0.029570,0.566442,0.029549,0.597377,-0.029541,-0.530558,0.026992,-0.026984,0.591377,-0.530934,0.566400,-0.531725,-0.531718,1.154604
1,DMT,1,0.024539,0.019444,0.020365,0.523887,0.020365,0.593874,-0.020365,-0.496184,0.019452,-0.019444,0.586405,-0.497668,0.524323,-0.497321,-0.498036,1.066638
1,DMT,2,0.030392,0.025426,0.023486,0.535963,0.023486,0.592526,-0.023486,-0.501445,0.025417,-0.025411,0.569970,-0.504029,0.535417,-0.501778,-0.502813,1.087270
1,DMT,3,0.027707,0.025081,0.023060,0.537936,0.023065,0.595043,-0.023027,-0.502994,0.025073,-0.025073,0.563560,-0.504470,0.538141,-0.503924,-0.505156,1.091453
1,DMT,4,0.033429,0.023585,0.026442,0.531298,0.026442,0.608033,-0.026442,-0.496574,0.023599,-0.023584,0.585897,-0.499531,0.531084,-0.498961,-0.497120,1.074583
1,DMT,5,0.020385,0.020657,0.023970,0.482225,0.023970,0.529424,-0.023970,-0.450116,0.020649,-0.020636,0.516883,-0.451206,0.482349,-0.451021,-0.450903,0.979924
1,DMT,6,0.027845,0.023881,0.022329,0.524181,0.022337,0.577457,-0.022312,-0.495690,0.023900,-0.023849,0.560722,-0.496199,0.523563,-0.494477,-0.495652,1.067240
1,DMT,7,0.023319,0.020638,0.022117,0.517856,0.022119,0.561533,-0.022114,-0.489744,0.020653,-0.020638,0.565175,-0.490020,0.516602,-0.488961,-0.489476,1.053710
1,DMT,8,0.029407,0.028061,0.024662,0.493046,0.024663,0.542533,-0.024619,-0.460017,0.028078,-0.028048,0.536135,-0.459005,0.493392,-0.458469,-0.460194,1.005763
1,DMT,9,0.051671,0.031110,0.035447,0.564025,0.035403,0.620703,-0.035301,-0.527143,0.031114,-0.031032,0.603414,-0.527711,0.562128,-0.525075,-0.526186,1.147385
1,DMT,10,0.026729,0.021123,0.022474,0.574250,0.022474,0.628536,-0.022474,-0.544982,0.021114,-0.021085,0.604673,-0.546295,0.573163,-0.543774,-0.545830,1.164849
1,DMT,11,0.030539,0.024176,0.025855,0.579024,0.025834,0.640135,-0.025813,-0.543105,0.024181,-0.024164,0.603502,-0.545955,0.577762,-0.542399,-0.544351,1.164872
1,DMT,12,0.038020,0.028003,0.030713,0.587519,0.030675,0.638598,-0.030673,-0.547354,0.027954,-0.027952,0.621735,-0.548008,0.586448,-0.546495,-0.548676,1.191382
1,DMT,13,0.046413,0.025312,0.029817,0.609378,0.029793,0.666961,-0.029793,-0.577547,0.025331,-0.025291,0.645373,-0.579705,0.609593,-0.578224,-0.579115,1.239876
1,PCB,0,0.042799,0.032966,0.028433,0.549023,0.028445,0.581411,-0.028418,-0.515201,0.032988,-0.032947,0.586854,-0.514170,0.546064,-0.512453,-0.512861,1.131535
1,PCB,1,0.035295,0.025792,0.033315,0.522289,0.033367,0.563304,-0.033152,-0.485860,0.025801,-0.025678,0.559689,-0.489202,0.522613,-0.489705,-0.487777,1.086237
1,PCB,2,0.040782,0.028095,0.025610,0.535441,0.025627,0.616717,-0.025579,-0.502310,0.028189,-0.028048,0.609016,-0.501440,0.534056,-0.500366,-0.502862,1.114907
1,PCB,3,0.038886,0.024284,0.027114,0.561362,0.027115,0.619115,-0.027102,-0.529440,0.024287,-0.024284,0.613631,-0.530636,0.560887,-0.529810,-0.529674,1.143637
1,PCB,4,0.027867,0.026609,0.027618,0.505662,0.027623,0.536300,-0.027609,-0.468059,0.026600,-0.026600,0.529213,-0.470729,0.505732,-0.469626,-0.471159,1.027510
1,PCB,5,0.058407,0.031818,0.032532,0.615821,0.032496,0.685429,-0.032472,-0.577544,0.031794,-0.031742,0.660585,-0.580285,0.614459,-0.576097,-0.579241,1.251829
1,PCB,6,0.039212,0.034059,0.034233,0.562004,0.034249,0.591154,-0.034227,-0.515945,0.034118,-0.034024,0.585671,-0.516830,0.560296,-0.514997,-0.516040,1.133432
1,PCB,7,0.030729,0.022265,0.024020,0.566822,0.024016,0.611836,-0.024016,-0.537918,0.022295,-0.022229,0.610558,-0.537150,0.567731,-0.538632,-0.538037,1.155136
1,PCB,8,0.037781,0.023157,0.028746,0.590869,0.028742,0.668087,-0.028742,-0.554941,0.023155,-0.023149,0.628011,-0.558231,0.590722,-0.555001,-0.556296,1.197968
1,PCB,9,0.029789,0.022263,0.023598,0.565176,0.023614,0.624611,-0.023597,-0.536326,0.022241,-0.022234,0.611462,-0.537272,0.565392,-0.535597,-0.536247,1.156946
1,PCB,10,0.027807,0.022617,0.021934,0.593368,0.021934,0.664310,-0.021934,-0.561201,0.022614,-0.022611,0.632390,-0.562620,0.593022,-0.560262,-0.562562,1.202505
1,PCB,11,0.039069,0.024741,0.024838,0.583328,0.024841,0.653067,-0.024816,-0.553006,0.024753,-0.024699,0.626409,-0.555049,0.582654,-0.553906,-0.553836,1.189766
1,PCB,12,0.026569,0.021879,0.023812,0.574515,0.023817,0.625588,-0.023808,-0.540576,0.021868,-0.021858,0.622305,-0.542376,0.575411,-0.542489,-0.542357,1.159344
1,PCB,13,0.030542,0.028986,0.027963,0.564491,0.027969,0.599436,-0.027910,-0.520573,0.028967,-0.028939,0.620124,-0.519354,0.564675,-0.520223,-0.519576,1.141012
2,DMT,0,0.045918,0.031293,0.028703,0.595672,0.028697,0.642386,-0.028697,-0.559514,0.031299,-0.031289,0.623224,-0.560647,0.596190,-0.560615,-0.561570,1.210282
2,DMT,1,0.028806,0.021938,0.019593,0.573181,0.019593,0.639688,-0.019593,-0.544152,0.021946,-0.021932,0.629541,-0.544277,0.572086,-0.542766,-0.542992,1.159276
2,DMT,2,0.035673,0.024900,0.024359,0.585661,0.024368,0.669481,-0.024358,-0.552722,0.024874,-0.024874,0.616262,-0.555560,0.586334,-0.553812,-0.554713,1.185887
2,DMT,3,0.037577,0.023434,0.023989,0.585867,0.023979,0.654380,-0.023972,-0.555279,0.023437,-0.023417,0.654758,-0.557265,0.585065,-0.556088,-0.555306,1.190399
2,DMT,4,0.022134,0.021330,0.021727,0.516724,0.021727,0.571609,-0.021715,-0.487653,0.021327,-0.021322,0.566061,-0.486370,0.515702,-0.485667,-0.486604,1.044479
2,DMT,5,0.017793,0.022722,0.022235,0.438108,0.022206,0.453532,-0.022184,-0.408256,0.022715,-0.022687,0.465113,-0.406776,0.438035,-0.407288,-0.407680,0.904193
2,DMT,6,0.025043,0.027018,0.020788,0.514475,0.020804,0.581577,-0.020788,-0.480544,0.027032,-0.027015,0.544621,-0.483320,0.513840,-0.480992,-0.482350,1.041817
2,DMT,7,0.029747,0.023631,0.027006,0.532158,0.026975,0.583911,-0.026956,-0.498316,0.023641,-0.023629,0.565564,-0.500794,0.531725,-0.499457,-0.499156,1.079165
2,DMT,8,0.039454,0.024445,0.027773,0.567690,0.027769,0.641920,-0.027768,-0.536517,0.024444,-0.024444,0.597744,-0.537942,0.568202,-0.536252,-0.539095,1.162753
2,DMT,9,0.045001,0.030467,0.023605,0.529618,0.023602,0.573623,-0.023601,-0.501388,0.030422,-0.030365,0.581228,-0.500372,0.528250,-0.499403,-0.500021,1.093679
2,DMT,10,0.025229,0.024208,0.022579,0.535221,0.022586,0.577948,-0.022544,-0.503111,0.024204,-0.024130,0.556157,-0.503183,0.534581,-0.501766,-0.504008,1.084817
2,DMT,11,0.021569,0.020141,0.020570,0.548953,0.020570,0.589625,-0.020570,-0.519261,0.020132,-0.020132,0.590682,-0.520411,0.548473,-0.519256,-0.519462,1.106920
2,DMT,12,0.026412,0.023345,0.023780,0.540617,0.023759,0.585400,-0.023689,-0.509157,0.023321,-0.023310,0.589960,-0.509330,0.540530,-0.509084,-0.508093,1.102075
2,DMT,13,0.023829,0.020644,0.023115,0.545963,0.023108,0.602174,-0.023108,-0.513561,0.020660,-0.020640,0.594523,-0.514361,0.546667,-0.514480,-0.515088,1.105930
2,PCB,0,0.040163,0.030934,0.033601,0.526646,0.033582,0.561009,-0.033456,-0.488182,0.030937,-0.030908,0.551849,-0.490348,0.526408,-0.488146,-0.489914,1.104636
2,PCB,1,0.030977,0.029840,0.028348,0.530284,0.028347,0.572984,-0.028347,-0.489139,0.029813,-0.029802,0.557813,-0.491336,0.530455,-0.491257,-0.488550,1.075508
2,PCB,2,0.054684,0.025921,0.027810,0.592480,0.027801,0.669532,-0.027774,-0.564352,0.025912,-0.025912,0.638245,-0.564059,0.590539,-0.564149,-0.563969,1.221695
2,PCB,3,0.043743,0.026412,0.019698,0.584149,0.019697,0.668083,-0.019688,-0.559618,0.026428,-0.026397,0.642108,-0.559349,0.584406,-0.559563,-0.560972,1.205371
2,PCB,4,0.042403,0.028594,0.031055,0.525409,0.031041,0.563425,-0.031022,-0.491921,0.028603,-0.028576,0.555260,-0.493026,0.525877,-0.492870,-0.493537,1.085906
2,PCB,5,0.056223,0.028827,0.024440,0.571443,0.024442,0.658530,-0.024427,-0.540777,0.028827,-0.028827,0.634705,-0.542652,0.570870,-0.539434,-0.542082,1.170269
2,PCB,6,0.032456,0.024662,0.025128,0.578520,0.025125,0.636442,-0.025125,-0.545477,0.024662,-0.024662,0.609472,-0.547174,0.578417,-0.545587,-0.547079,1.170907
2,PCB,7,0.042512,0.021976,0.023144,0.620852,0.023141,0.682294,-0.023133,-0.595522,0.021984,-0.021971,0.676057,-0.595776,0.621222,-0.595847,-0.596218,1.266728
2,PCB,8,0.042864,0.024011,0.021938,0.613994,0.021938,0.666566,-0.021938,-0.590221,0.024011,-0.024011,0.666451,-0.588272,0.614718,-0.589371,-0.589921,1.252641
2,PCB,9,0.035519,0.025811,0.022648,0.580183,0.022648,0.631078,-0.022648,-0.551347,0.025803,-0.025792,0.637606,-0.550624,0.580327,-0.549690,-0.550981,1.182881
2,PCB,10,0.038374,0.023242,0.024711,0.584446,0.024745,0.644578,-0.024705,-0.556770,0.023224,-0.023211,0.631409,-0.559069,0.585490,-0.557848,-0.559460,1.208815
2,PCB,11,0.032822,0.022166,0.020854,0.579572,0.020859,0.666042,-0.020840,-0.550666,0.022143,-0.022143,0.622796,-0.552405,0.578580,-0.548669,-0.551396,1.179977
2,PCB,12,0.042563,0.026587,0.021149,0.560529,0.021142,0.612368,-0.021142,-0.537346,0.026585,-0.026574,0.626409,-0.535129,0.559721,-0.534577,-0.535550,1.169618
2,PCB,13,0.041428,0.027368,0.029817,0.576255,0.029817,0.624456,-0.029817,-0.542114,0.027374,-0.027362,0.601779,-0.544441,0.576537,-0.544068,-0.543289,1.182024
3,DMT,0,0.032746,0.023586,0.020919,0.593483,0.020918,0.651311,-0.020912,-0.565971,0.023584,-0.023584,0.633375,-0.566457,0.592982,-0.565758,-0.566422,1.206989
3,DMT,1,0.039674,0.025040,0.021007,0.584778,0.021007,0.661385,-0.021007,-0.556130,0.025040,-0.025040,0.653449,-0.556052,0.584646,-0.554951,-0.556812,1.182832
3,DMT,2,0.040846,0.022461,0.024130,0.578626,0.024136,0.662607,-0.024119,-0.550553,0.022461,-0.022461,0.630823,-0.551518,0.578234,-0.549153,-0.550886,1.181437
3,DMT,3,0.033017,0.023368,0.020856,0.681867,0.020854,0.737416,-0.020832,-0.650881,0.023368,-0.023368,0.732486,-0.650053,0.681602,-0.649802,-0.650415,1.366760
3,DMT,4,0.031648,0.023492,0.022738,0.575462,0.022742,0.640240,-0.022737,-0.545252,0.023492,-0.023492,0.630631,-0.545710,0.575902,-0.546202,-0.546634,1.172304
3,DMT,5,0.023126,0.020251,0.020245,0.557602,0.020245,0.624317,-0.020245,-0.528204,0.020251,-0.020251,0.598394,-0.529357,0.556582,-0.527059,-0.528808,1.126336
3,DMT,6,0.034783,0.024400,0.020796,0.566971,0.020796,0.638975,-0.020796,-0.539174,0.024388,-0.024381,0.629170,-0.539470,0.567184,-0.538504,-0.540343,1.150737
3,DMT,7,0.029011,0.021269,0.020567,0.585733,0.020567,0.673023,-0.020567,-0.556926,0.021269,-0.021269,0.618441,-0.559200,0.586188,-0.556852,-0.560146,1.182286
3,DMT,8,0.028989,0.022127,0.019269,0.598086,0.019269,0.672420,-0.019269,-0.570490,0.022127,-0.022127,0.658429,-0.569665,0.596970,-0.568309,-0.569958,1.201870
3,DMT,9,0.032266,0.020868,0.022854,0.587680,0.022854,0.677171,-0.022838,-0.557464,0.020868,-0.020868,0.644221,-0.556520,0.588158,-0.557019,-0.558363,1.180441
3,DMT,10,0.028332,0.021593,0.025523,0.566457,0.025523,0.637128,-0.025523,-0.531604,0.021593,-0.021593,0.610358,-0.534495,0.565679,-0.532033,-0.532183,1.141759
3,DMT,11,0.029510,0.021173,0.020405,0.554062,0.020405,0.614046,-0.020405,-0.527874,0.021173,-0.021173,0.604446,-0.527419,0.552845,-0.525637,-0.526725,1.122118
3,DMT,12,0.035068,0.021144,0.020546,0.575161,0.020546,0.657424,-0.020546,-0.549016,0.021151,-0.021142,0.651859,-0.549697,0.574921,-0.548820,-0.549324,1.169412
3,DMT,13,0.032617,0.021156,0.021439,0.593960,0.021439,0.647739,-0.021439,-0.568124,0.021156,-0.021156,0.649802,-0.566861,0.593234,-0.566719,-0.566539,1.205313
3,PCB,0,0.030780,0.021649,0.025302,0.577759,0.025293,0.614137,-0.025266,-0.548520,0.021652,-0.021649,0.633416,-0.547481,0.576652,-0.548249,-0.546324,1.167570
3,PCB,1,0.025058,0.020583,0.020525,0.590648,0.020525,0.638871,-0.020525,-0.561487,0.020583,-0.020583,0.649959,-0.561318,0.590329,-0.561344,-0.561401,1.185396
3,PCB,2,0.047350,0.022132,0.024085,0.578738,0.024077,0.650133,-0.024058,-0.552682,0.022120,-0.022113,0.642743,-0.554215,0.578156,-0.553770,-0.552611,1.182759
3,PCB,3,0.028529,0.020487,0.019549,0.571563,0.019545,0.628625,-0.019545,-0.545773,0.020487,-0.020487,0.629626,-0.543841,0.571717,-0.545025,-0.544940,1.160576
3,PCB,4,0.031618,0.022170,0.020829,0.577974,0.020829,0.673085,-0.020829,-0.547742,0.022170,-0.022170,0.646404,-0.548926,0.577093,-0.546971,-0.547347,1.164543
3,PCB,5,0.034520,0.020927,0.021269,0.582425,0.021269,0.668649,-0.021269,-0.554141,0.020927,-0.020927,0.646756,-0.555701,0.581341,-0.554474,-0.554679,1.182851
3,PCB,6,0.040089,0.019327,0.019904,0.662473,0.019904,0.753641,-0.019904,-0.637664,0.019327,-0.019327,0.736708,-0.638625,0.662837,-0.638522,-0.638139,1.337720
3,PCB,7,0.052277,0.024912,0.022770,0.664712,0.022770,0.771053,-0.022770,-0.635084,0.024912,-0.024912,0.732160,-0.635278,0.665380,-0.635550,-0.637878,1.345475
3,PCB,8,0.030203,0.019295,0.020664,0.575428,0.020661,0.646402,-0.020661,-0.549198,0.019287,-0.019287,0.631409,-0.550555,0.575457,-0.550510,-0.550414,1.167385
3,PCB,9,0.036044,0.025565,0.026348,0.557576,0.026348,0.632144,-0.026348,-0.521804,0.025548,-0.025544,0.623403,-0.522703,0.557881,-0.522217,-0.522295,1.126217
3,PCB,10,0.043864,0.025816,0.023117,0.644941,0.023108,0.718466,-0.023084,-0.615158,0.025835,-0.025808,0.696832,-0.615392,0.644485,-0.614494,-0.616145,1.304117
3,PCB,11,0.025349,0.020136,0.022305,0.580648,0.022305,0.634294,-0.022305,-0.550297,0.020136,-0.020136,0.624889,-0.552066,0.580775,-0.551491,-0.551114,1.171992
3,PCB,12,0.035288,0.024309,0.021108,0.635207,0.021098,0.682564,-0.021093,-0.605304,0.024310,-0.024309,0.692695,-0.605216,0.636601,-0.606872,-0.605924,1.284960
3,PCB,13,0.031507,0.024548,0.020448,0.621731,0.020448,0.682999,-0.020448,-0.590884,0.024544,-0.024503,0.667351,-0.590987,0.621661,-0.590958,-0.591307,1.256644
4,DMT,0,0.036477,0.023660,0.022139,0.642557,0.022142,0.700895,-0.022139,-0.613174,0.023660,-0.023660,0.676493,-0.613771,0.642111,-0.612422,-0.613859,1.297436
4,DMT,1,0.039170,0.027876,0.027996,0.549217,0.028020,0.611847,-0.027934,-0.513730,0.027855,-0.027825,0.586788,-0.516493,0.549735,-0.514799,-0.516717,1.117532
4,DMT,2,0.030512,0.020340,0.019519,0.585933,0.019520,0.644958,-0.019509,-0.560180,0.020339,-0.020339,0.655610,-0.559458,0.585788,-0.558679,-0.559806,1.189135
4,DMT,3,0.031564,0.025038,0.019863,0.573631,0.019863,0.634098,-0.019863,-0.543584,0.025038,-0.025038,0.636254,-0.543714,0.571871,-0.542499,-0.542155,1.157566
4,DMT,4,0.026017,0.020860,0.021569,0.554299,0.021550,0.606276,-0.021548,-0.526294,0.020860,-0.020860,0.609253,-0.525682,0.555009,-0.525656,-0.526833,1.127249
4,DMT,5,0.020928,0.021146,0.020267,0.490232,0.020265,0.536374,-0.020246,-0.462170,0.021146,-0.021146,0.532332,-0.462494,0.491031,-0.462282,-0.463046,0.998757
4,DMT,6,0.041133,0.036313,0.028513,0.495030,0.028503,0.544323,-0.028422,-0.458614,0.036323,-0.036298,0.527175,-0.458847,0.495882,-0.458161,-0.458790,1.026931
4,DMT,7,0.030660,0.021207,0.023214,0.578473,0.023224,0.637357,-0.023192,-0.549665,0.021207,-0.021207,0.616186,-0.549882,0.578858,-0.549139,-0.550517,1.176532
4,DMT,8,0.027054,0.021162,0.021714,0.521668,0.021709,0.589043,-0.021699,-0.494856,0.021162,-0.021162,0.571155,-0.492639,0.522037,-0.493928,-0.495449,1.067020
4,DMT,9,0.044976,0.027299,0.025188,0.577312,0.025185,0.634007,-0.025175,-0.547129,0.027322,-0.027292,0.633307,-0.546183,0.576879,-0.546450,-0.546759,1.179720
4,DMT,10,0.042929,0.024490,0.021927,0.620616,0.021939,0.682926,-0.021926,-0.593695,0.024489,-0.024489,0.681066,-0.593533,0.620567,-0.593599,-0.594083,1.260177
4,DMT,11,0.033394,0.021724,0.023704,0.571485,0.023731,0.627082,-0.023678,-0.545332,0.021724,-0.021724,0.627770,-0.544369,0.572037,-0.543623,-0.545375,1.171098
4,DMT,12,0.038275,0.024533,0.025916,0.572456,0.025901,0.614748,-0.025901,-0.542500,0.024542,-0.024533,0.638288,-0.541156,0.571543,-0.542367,-0.540443,1.165292
4,DMT,13,0.031286,0.023512,0.021966,0.592550,0.021966,0.675032,-0.021966,-0.560685,0.023491,-0.023488,0.642522,-0.562613,0.592253,-0.559914,-0.563072,1.198531
4,PCB,0,0.035853,0.024494,0.023686,0.560252,0.023683,0.610202,-0.023681,-0.530841,0.024491,-0.024481,0.610561,-0.530834,0.561628,-0.532469,-0.532154,1.157065
4,PCB,1,0.051819,0.028422,0.025900,0.565722,0.025918,0.615847,-0.025890,-0.540114,0.028429,-0.028372,0.627131,-0.539062,0.566158,-0.538880,-0.538270,1.178520
4,PCB,2,0.063783,0.025643,0.026076,0.622312,0.026071,0.712826,-0.026071,-0.596447,0.025644,-0.025643,0.706120,-0.595649,0.621172,-0.594699,-0.595210,1.275744
4,PCB,3,0.052021,0.027269,0.027815,0.578669,0.027805,0.633509,-0.027805,-0.548730,0.027285,-0.027262,0.633424,-0.548502,0.579029,-0.549799,-0.547796,1.189569
4,PCB,4,0.030597,0.030173,0.028781,0.471797,0.028800,0.524611,-0.028762,-0.433934,0.030146,-0.030114,0.510420,-0.436605,0.472241,-0.435831,-0.436221,0.971178
4,PCB,5,0.035910,0.027305,0.029081,0.543462,0.029050,0.578382,-0.028997,-0.510489,0.027295,-0.027291,0.574286,-0.508942,0.544100,-0.510989,-0.511598,1.118949
4,PCB,6,0.040028,0.025721,0.027762,0.558412,0.027758,0.612801,-0.027758,-0.527116,0.025726,-0.025720,0.595667,-0.527763,0.557643,-0.526278,-0.526849,1.146621
4,PCB,7,0.046369,0.027312,0.024911,0.589374,0.024918,0.652399,-0.024909,-0.560798,0.027308,-0.027308,0.643729,-0.560733,0.588713,-0.559530,-0.560449,1.205339
4,PCB,8,0.042342,0.025387,0.025287,0.580299,0.025278,0.673663,-0.025268,-0.548896,0.025362,-0.025341,0.619528,-0.551125,0.580010,-0.548238,-0.552333,1.183615
4,PCB,9,0.046456,0.027316,0.027133,0.545686,0.027123,0.639624,-0.027122,-0.515624,0.027316,-0.027316,0.593981,-0.516836,0.546673,-0.516057,-0.519314,1.133993
4,PCB,10,0.033218,0.021002,0.020877,0.580309,0.020877,0.655560,-0.020877,-0.551259,0.020997,-0.020997,0.660156,-0.552916,0.578914,-0.551644,-0.550356,1.181435
4,PCB,11,0.030517,0.021089,0.022437,0.582759,0.022414,0.646554,-0.022414,-0.555549,0.021091,-0.021061,0.635421,-0.556478,0.583013,-0.555964,-0.556033,1.187714
4,PCB,12,0.025039,0.019169,0.019516,0.538326,0.019512,0.629963,-0.019512,-0.512500,0.019158,-0.019147,0.586078,-0.513472,0.538107,-0.512127,-0.513569,1.095193
4,PCB,13,0.029427,0.020103,0.022390,0.584307,0.022390,0.639391,-0.022390,-0.556807,0.020091,-0.020082,0.627860,-0.558296,0.584774,-0.557619,-0.557867,1.185761
5,DMT,0,0.024986,0.023812,0.020660,0.592857,0.020660,0.633362,-0.020660,-0.561053,0.023827,-0.023812,0.628901,-0.561074,0.592915,-0.560768,-0.561117,1.196157
5,DMT,1,0.062597,0.031299,0.030645,0.582889,0.030683,0.679555,-0.030623,-0.549777,0.031291,-0.031265,0.609837,-0.552092,0.583046,-0.549288,-0.552328,1.193236
5,DMT,2,0.035507,0.023666,0.022967,0.551136,0.022955,0.622111,-0.022950,-0.521455,0.023664,-0.023661,0.618376,-0.522407,0.550213,-0.521445,-0.520983,1.122661
5,DMT,3,0.044538,0.024455,0.029803,0.589195,0.029788,0.661501,-0.029767,-0.558219,0.024453,-0.024453,0.635265,-0.560485,0.590873,-0.561381,-0.559438,1.208921
5,DMT,4,0.048081,0.025562,0.024428,0.658886,0.024425,0.748761,-0.024425,-0.626714,0.025562,-0.025562,0.707506,-0.629562,0.659532,-0.627086,-0.629546,1.324390
5,DMT,5,0.025815,0.023038,0.022935,0.546707,0.022950,0.608922,-0.022934,-0.514144,0.023031,-0.023012,0.586028,-0.514610,0.545273,-0.511787,-0.514063,1.107374
5,DMT,6,0.020362,0.021169,0.019831,0.524904,0.019831,0.592028,-0.019831,-0.493445,0.021169,-0.021169,0.550047,-0.496428,0.525379,-0.494699,-0.496790,1.065349
5,DMT,7,0.030466,0.022702,0.020559,0.573769,0.020562,0.647349,-0.020559,-0.544865,0.022702,-0.022702,0.615136,-0.546167,0.573514,-0.544599,-0.545829,1.157030
5,DMT,8,0.027330,0.020956,0.022753,0.570409,0.022753,0.627974,-0.022753,-0.539899,0.020956,-0.020956,0.615434,-0.541083,0.570874,-0.541479,-0.541140,1.148132
5,DMT,9,0.021754,0.019441,0.020645,0.552588,0.020645,0.612398,-0.020645,-0.522152,0.019437,-0.019437,0.614554,-0.523539,0.552512,-0.522624,-0.523130,1.107876
5,DMT,10,0.028310,0.022547,0.026171,0.571104,0.026171,0.610504,-0.026171,-0.536260,0.022544,-0.022542,0.630339,-0.536258,0.570657,-0.536817,-0.534888,1.153016
5,DMT,11,0.020533,0.022107,0.023545,0.498925,0.023504,0.528222,-0.023490,-0.465036,0.022093,-0.022081,0.538500,-0.464865,0.497849,-0.464677,-0.463178,1.008484
5,DMT,12,0.026644,0.023626,0.021359,0.560642,0.021365,0.608896,-0.021337,-0.530325,0.023626,-0.023626,0.606109,-0.529903,0.560399,-0.529502,-0.530296,1.133694
5,DMT,13,0.031441,0.025564,0.025116,0.584648,0.025116,0.637096,-0.025116,-0.548923,0.025559,-0.025554,0.628345,-0.548860,0.584387,-0.547521,-0.548893,1.176848
5,PCB,0,0.025892,0.021899,0.020248,0.553858,0.020266,0.605107,-0.020245,-0.525294,0.021899,-0.021899,0.607973,-0.525768,0.554603,-0.525466,-0.525500,1.126223
5,PCB,1,0.035864,0.019975,0.024715,0.572286,0.024715,0.646099,-0.024715,-0.542981,0.019972,-0.019972,0.624727,-0.545774,0.571692,-0.544321,-0.544608,1.162791
5,PCB,2,0.023483,0.019318,0.019613,0.579178,0.019613,0.636849,-0.019613,-0.550915,0.019318,-0.019318,0.622372,-0.551206,0.579134,-0.550015,-0.551621,1.166695
5,PCB,3,0.040289,0.021243,0.023811,0.578249,0.023811,0.654609,-0.023811,-0.550748,0.021249,-0.021239,0.635836,-0.553051,0.578007,-0.552126,-0.552591,1.180717
5,PCB,4,0.034094,0.024410,0.022512,0.624332,0.022512,0.681698,-0.022512,-0.592672,0.024420,-0.024410,0.683261,-0.592511,0.624570,-0.592037,-0.592987,1.257819
5,PCB,5,0.059600,0.033497,0.024205,0.582532,0.024203,0.640459,-0.024203,-0.555645,0.033497,-0.033497,0.654226,-0.551719,0.585595,-0.555388,-0.556342,1.190256
5,PCB,6,0.052765,0.038701,0.028654,0.469338,0.028656,0.496689,-0.028644,-0.439590,0.038696,-0.038689,0.505287,-0.439409,0.469543,-0.440152,-0.439739,1.015050
5,PCB,7,0.027537,0.024730,0.021505,0.571637,0.021509,0.644926,-0.021505,-0.538681,0.024730,-0.024730,0.607034,-0.539813,0.571631,-0.537132,-0.540708,1.154223
5,PCB,8,0.040266,0.025252,0.027135,0.570866,0.027132,0.637225,-0.027125,-0.538312,0.025252,-0.025252,0.632416,-0.538631,0.571735,-0.539691,-0.539111,1.153966
5,PCB,9,0.036476,0.019768,0.023244,0.577056,0.023246,0.648470,-0.023231,-0.549988,0.019765,-0.019765,0.655899,-0.550619,0.576485,-0.549952,-0.549757,1.170299
5,PCB,10,0.028210,0.020023,0.019769,0.582317,0.019755,0.672241,-0.019746,-0.552167,0.020003,-0.019994,0.630346,-0.556504,0.582922,-0.554357,-0.556191,1.175249
5,PCB,11,0.029419,0.020775,0.019837,0.577059,0.019837,0.669933,-0.019837,-0.548466,0.020788,-0.020775,0.630328,-0.550145,0.577653,-0.549175,-0.550954,1.161169
5,PCB,12,0.024962,0.019377,0.020462,0.578353,0.020462,0.629883,-0.020462,-0.550387,0.019377,-0.019377,0.618247,-0.551661,0.578878,-0.551302,-0.551276,1.167327
5,PCB,13,0.036228,0.025046,0.022886,0.574438,0.022886,0.640078,-0.022886,-0.545560,0.025040,-0.025040,0.620561,-0.545497,0.575245,-0.544801,-0.547074,1.162773
6,DMT,0,0.036275,0.023416,0.022840,0.591341,0.022840,0.635954,-0.022840,-0.564171,0.023427,-0.023400,0.648819,-0.562244,0.592553,-0.563614,-0.563446,1.211396
6,DMT,1,0.049731,0.025589,0.022049,0.602253,0.022069,0.681957,-0.022045,-0.576154,0.025576,-0.025565,0.660220,-0.576242,0.601495,-0.574808,-0.576599,1.235086
6,DMT,2,0.086874,0.030950,0.038626,0.592507,0.038646,0.669414,-0.038591,-0.559542,0.030974,-0.030933,0.677162,-0.559179,0.593546,-0.561308,-0.557519,1.220583
6,DMT,3,0.042127,0.026399,0.022956,0.545305,0.022948,0.598690,-0.022948,-0.517314,0.026430,-0.026398,0.586274,-0.519084,0.545773,-0.518820,-0.518690,1.128805
6,DMT,4,0.031734,0.024957,0.021969,0.566611,0.021971,0.644008,-0.021969,-0.534525,0.024939,-0.024938,0.629235,-0.535051,0.565844,-0.532845,-0.536072,1.147783
6,DMT,5,0.022244,0.021476,0.022768,0.496531,0.022766,0.542985,-0.022714,-0.465945,0.021489,-0.021476,0.545220,-0.466508,0.496486,-0.466077,-0.465984,1.010848
6,DMT,6,0.027680,0.020965,0.021946,0.538674,0.021946,0.600611,-0.021946,-0.510288,0.020965,-0.020965,0.601076,-0.510305,0.538616,-0.510449,-0.511089,1.090392
6,DMT,7,0.031469,0.022132,0.027690,0.527347,0.027690,0.579486,-0.027682,-0.493012,0.022132,-0.022132,0.600982,-0.494683,0.527478,-0.495447,-0.492088,1.068942
6,DMT,8,0.033017,0.022501,0.023126,0.560453,0.023126,0.619845,-0.023126,-0.533749,0.022518,-0.022501,0.609691,-0.533864,0.561614,-0.533921,-0.535218,1.139041
6,DMT,9,0.035317,0.023298,0.023625,0.555615,0.023625,0.607059,-0.023625,-0.525992,0.023297,-0.023286,0.613591,-0.525789,0.555721,-0.525395,-0.525612,1.125426
6,DMT,10,0.034900,0.024412,0.024772,0.553489,0.024783,0.624053,-0.024772,-0.523209,0.024416,-0.024412,0.578672,-0.525046,0.553908,-0.523214,-0.526456,1.120804
6,DMT,11,0.024535,0.022376,0.024269,0.497717,0.024257,0.533677,-0.024230,-0.466846,0.022381,-0.022365,0.523937,-0.467394,0.496828,-0.466625,-0.467300,1.017943
6,DMT,12,0.030232,0.025674,0.025265,0.509681,0.025228,0.571414,-0.025182,-0.477803,0.025636,-0.025636,0.546356,-0.478133,0.508649,-0.476686,-0.477867,1.042259
6,DMT,13,0.043299,0.028594,0.025893,0.544531,0.025870,0.593169,-0.025819,-0.516478,0.028599,-0.028539,0.583840,-0.516259,0.543357,-0.514990,-0.515826,1.123106
6,PCB,0,0.034565,0.025747,0.028457,0.536008,0.028470,0.595449,-0.028457,-0.502084,0.025751,-0.025721,0.571597,-0.502678,0.536682,-0.500590,-0.503824,1.096487
6,PCB,1,0.050368,0.025354,0.027528,0.572316,0.027549,0.627797,-0.027528,-0.545797,0.025409,-0.025335,0.620946,-0.545264,0.573422,-0.545696,-0.547443,1.189035
6,PCB,2,0.049440,0.032982,0.034777,0.577129,0.034775,0.602790,-0.034672,-0.537933,0.032975,-0.032937,0.623251,-0.538441,0.578867,-0.541108,-0.539130,1.187987
6,PCB,3,0.047097,0.025872,0.030876,0.535317,0.030907,0.582815,-0.030871,-0.505658,0.025863,-0.025851,0.580404,-0.506768,0.536277,-0.505926,-0.506624,1.111290
6,PCB,4,0.036738,0.030860,0.030781,0.503560,0.030782,0.534993,-0.030745,-0.466593,0.030816,-0.030756,0.531785,-0.466293,0.503079,-0.465283,-0.465849,1.046036
6,PCB,5,0.036265,0.032498,0.033218,0.467366,0.033042,0.482464,-0.032833,-0.429485,0.032458,-0.032366,0.517664,-0.427113,0.466886,-0.429607,-0.427665,0.992425
6,PCB,6,0.042954,0.029682,0.030959,0.553198,0.030950,0.596286,-0.030884,-0.516592,0.029714,-0.029672,0.600056,-0.517446,0.553673,-0.517954,-0.517360,1.136912
6,PCB,7,0.040710,0.026541,0.030380,0.522466,0.030373,0.569993,-0.030316,-0.493499,0.026546,-0.026532,0.591602,-0.491702,0.522513,-0.492728,-0.492050,1.103483
6,PCB,8,0.034371,0.035694,0.025911,0.487370,0.025915,0.515476,-0.025865,-0.448632,0.035742,-0.035614,0.523196,-0.450217,0.487299,-0.449255,-0.449911,1.004524
6,PCB,9,0.065256,0.025377,0.031284,0.612969,0.031297,0.689573,-0.031274,-0.584794,0.025386,-0.025314,0.661947,-0.587079,0.614024,-0.586200,-0.587210,1.268161
6,PCB,10,0.031093,0.022285,0.025151,0.545452,0.025132,0.598222,-0.025121,-0.513810,0.022274,-0.022254,0.585783,-0.515354,0.545593,-0.515141,-0.513324,1.116522
6,PCB,11,0.029007,0.023999,0.026627,0.519531,0.026641,0.555443,-0.026620,-0.485678,0.023994,-0.023979,0.564010,-0.485877,0.519373,-0.486821,-0.486338,1.056502
6,PCB,12,0.034068,0.028217,0.029651,0.545602,0.029659,0.588185,-0.029641,-0.506645,0.028211,-0.028168,0.598049,-0.506541,0.544690,-0.506550,-0.505072,1.109635
6,PCB,13,0.038767,0.032626,0.034192,0.514489,0.034151,0.546966,-0.034104,-0.476418,0.032594,-0.032532,0.535717,-0.475805,0.514215,-0.476538,-0.478102,1.063091
7,DMT,0,0.027654,0.022080,0.022023,0.582082,0.022015,0.629273,-0.022015,-0.553438,0.022099,-0.022074,0.629027,-0.552547,0.582046,-0.553434,-0.553798,1.183983
7,DMT,1,0.041021,0.025745,0.024707,0.586114,0.024685,0.653294,-0.024667,-0.553915,0.025755,-0.025741,0.656648,-0.553296,0.585140,-0.552242,-0.553240,1.184698
7,DMT,2,0.038143,0.024315,0.024990,0.588200,0.024982,0.666581,-0.024974,-0.556800,0.024284,-0.024272,0.654881,-0.558220,0.586461,-0.556470,-0.555816,1.197432
7,DMT,3,0.062498,0.032418,0.029571,0.664284,0.029581,0.734245,-0.029520,-0.628024,0.032418,-0.032363,0.724081,-0.628389,0.663893,-0.626265,-0.628768,1.344121
7,DMT,4,0.025262,0.022713,0.025459,0.507421,0.025445,0.536129,-0.025413,-0.475860,0.022719,-0.022703,0.559441,-0.475046,0.508076,-0.476836,-0.475352,1.033265
7,DMT,5,0.023209,0.021381,0.021749,0.537881,0.021749,0.578757,-0.021749,-0.508975,0.021379,-0.021379,0.584447,-0.509282,0.537272,-0.509172,-0.508520,1.091337
7,DMT,6,0.024235,0.024179,0.021978,0.548274,0.021974,0.607139,-0.021960,-0.515279,0.024169,-0.024160,0.573206,-0.515638,0.547525,-0.513228,-0.516128,1.110628
7,DMT,7,0.021900,0.024661,0.025493,0.470626,0.025497,0.518695,-0.025465,-0.433462,0.024680,-0.024627,0.524807,-0.434166,0.470527,-0.435640,-0.432973,0.959312
7,DMT,8,0.025401,0.023209,0.023334,0.509532,0.023324,0.544517,-0.023324,-0.478574,0.023214,-0.023194,0.546598,-0.479134,0.509948,-0.479481,-0.478792,1.037821
7,DMT,9,0.023325,0.025634,0.022654,0.495949,0.022622,0.533127,-0.022612,-0.462270,0.025642,-0.025591,0.539244,-0.461326,0.495897,-0.461638,-0.462219,1.011278
7,DMT,10,0.031421,0.020329,0.021852,0.539858,0.021852,0.612197,-0.021847,-0.513914,0.020317,-0.020317,0.588356,-0.515167,0.538892,-0.513090,-0.514820,1.110115
7,DMT,11,0.034310,0.020666,0.022070,0.558539,0.022055,0.617943,-0.022042,-0.533335,0.020696,-0.020665,0.597781,-0.534714,0.559216,-0.534442,-0.534606,1.140678
7,DMT,12,0.037255,0.022075,0.021964,0.586567,0.021942,0.682613,-0.021942,-0.559321,0.022073,-0.022073,0.638881,-0.559670,0.586124,-0.559739,-0.561479,1.200198
7,DMT,13,0.032187,0.023722,0.024412,0.528499,0.024407,0.610155,-0.024398,-0.498060,0.023726,-0.023722,0.566947,-0.500843,0.528051,-0.498155,-0.500945,1.085642
7,PCB,0,0.036915,0.023688,0.027553,0.569911,0.027543,0.639813,-0.027519,-0.537649,0.023696,-0.023684,0.644828,-0.537149,0.569832,-0.537235,-0.536952,1.160802
7,PCB,1,0.049708,0.029483,0.030790,0.517745,0.030761,0.570067,-0.030731,-0.485494,0.029489,-0.029443,0.571911,-0.487505,0.518026,-0.486732,-0.488360,1.086380
7,PCB,2,0.030463,0.027318,0.028207,0.513411,0.028193,0.550137,-0.028193,-0.475494,0.027275,-0.027223,0.563420,-0.473676,0.514479,-0.475416,-0.473936,1.051647
7,PCB,3,0.060913,0.027835,0.031211,0.609581,0.031188,0.675019,-0.031178,-0.577593,0.027837,-0.027835,0.658995,-0.579270,0.608246,-0.577119,-0.578222,1.245720
7,PCB,4,0.026128,0.022009,0.021648,0.555364,0.021651,0.597280,-0.021609,-0.525095,0.022012,-0.022009,0.604807,-0.522916,0.555912,-0.524522,-0.524246,1.124784
7,PCB,5,0.057789,0.028075,0.026448,0.591864,0.026451,0.678117,-0.026391,-0.562461,0.028067,-0.028047,0.656022,-0.562010,0.588851,-0.560052,-0.560981,1.204901
7,PCB,6,0.043014,0.031178,0.032215,0.545079,0.032191,0.642023,-0.032158,-0.504647,0.031168,-0.031168,0.579931,-0.506665,0.544656,-0.504352,-0.507336,1.117403
7,PCB,7,0.052133,0.025189,0.030739,0.620905,0.030727,0.668560,-0.030723,-0.589437,0.025165,-0.025149,0.686161,-0.588733,0.620352,-0.591479,-0.585713,1.256897
7,PCB,8,0.043785,0.024187,0.025068,0.649580,0.025079,0.710112,-0.025047,-0.620197,0.024177,-0.024161,0.706197,-0.621138,0.648940,-0.619626,-0.620154,1.318819
7,PCB,9,0.080087,0.026842,0.031716,0.669683,0.031712,0.743441,-0.031702,-0.638205,0.026834,-0.026824,0.758264,-0.639279,0.668411,-0.639654,-0.638019,1.361953
7,PCB,10,0.064704,0.022949,0.030409,0.619225,0.030409,0.728755,-0.030409,-0.590231,0.022949,-0.022949,0.679659,-0.592911,0.620246,-0.592978,-0.593196,1.262339
7,PCB,11,0.046844,0.025364,0.026332,0.653693,0.026341,0.749198,-0.026324,-0.620863,0.025362,-0.025329,0.686057,-0.624220,0.654776,-0.622196,-0.624792,1.322524
7,PCB,12,0.046109,0.025066,0.026762,0.667367,0.026761,0.737842,-0.026732,-0.632509,0.025072,-0.025066,0.724131,-0.632966,0.667021,-0.632516,-0.632461,1.343805
7,PCB,13,0.038587,0.024185,0.025237,0.618722,0.025243,0.697493,-0.025223,-0.584863,0.024145,-0.024076,0.670163,-0.587055,0.619161,-0.584555,-0.586661,1.251291
8,DMT,0,0.030752,0.019618,0.023638,0.574905,0.023643,0.619616,-0.023638,-0.548014,0.019618,-0.019618,0.628142,-0.548241,0.574806,-0.548265,-0.547569,1.173805
8,DMT,1,0.045092,0.026786,0.027139,0.616835,0.027147,0.692213,-0.027128,-0.582860,0.026801,-0.026772,0.665882,-0.582582,0.617520,-0.582118,-0.583675,1.245406
8,DMT,2,0.056395,0.030625,0.025066,0.589110,0.025071,0.657306,-0.025062,-0.560439,0.030559,-0.030557,0.637447,-0.560431,0.589658,-0.559945,-0.563695,1.211924
8,DMT,3,0.068435,0.022324,0.031372,0.625602,0.031347,0.714478,-0.031346,-0.598282,0.022322,-0.022317,0.671336,-0.602621,0.626736,-0.602252,-0.601383,1.289599
8,DMT,4,0.031848,0.025990,0.024687,0.547853,0.024687,0.602125,-0.024687,-0.515061,0.025977,-0.025928,0.583483,-0.514241,0.548546,-0.516408,-0.514550,1.114274
8,DMT,5,0.031970,0.023169,0.023032,0.532524,0.023043,0.585383,-0.023032,-0.505067,0.023169,-0.023168,0.581987,-0.503747,0.531207,-0.503568,-0.503363,1.082898
8,DMT,6,0.025534,0.021546,0.021280,0.551621,0.021280,0.607112,-0.021280,-0.522936,0.021555,-0.021546,0.609091,-0.521411,0.551737,-0.521615,-0.522973,1.115311
8,DMT,7,0.024603,0.020047,0.021917,0.551936,0.021917,0.620918,-0.021917,-0.523331,0.020047,-0.020047,0.597770,-0.524335,0.552471,-0.523643,-0.524379,1.115980
8,DMT,8,0.026762,0.021593,0.022559,0.541339,0.022540,0.595490,-0.022530,-0.511215,0.021593,-0.021593,0.587193,-0.511703,0.542133,-0.512245,-0.513340,1.099900
8,DMT,9,0.028142,0.022333,0.024104,0.529977,0.024089,0.568958,-0.024087,-0.500843,0.022333,-0.022333,0.582067,-0.500651,0.529565,-0.501640,-0.499057,1.085182
8,DMT,10,0.033508,0.025788,0.024526,0.595416,0.024526,0.636669,-0.024526,-0.563478,0.025778,-0.025778,0.630257,-0.563078,0.593643,-0.560935,-0.562351,1.199003
8,DMT,11,0.024051,0.025843,0.021320,0.534760,0.021320,0.578583,-0.021320,-0.501822,0.025862,-0.025794,0.556659,-0.503074,0.535061,-0.501399,-0.503037,1.082750
8,DMT,12,0.025375,0.023468,0.022908,0.509660,0.022880,0.568434,-0.022879,-0.478734,0.023487,-0.023410,0.562818,-0.478347,0.509203,-0.477207,-0.478584,1.034656
8,DMT,13,0.036290,0.024479,0.025334,0.545894,0.025329,0.595540,-0.025302,-0.518592,0.024491,-0.024452,0.573595,-0.519721,0.546128,-0.519016,-0.519918,1.122640
8,PCB,0,0.033528,0.022643,0.023345,0.575090,0.023352,0.654588,-0.023345,-0.543548,0.022642,-0.022642,0.625384,-0.547102,0.574081,-0.544370,-0.544696,1.174379
8,PCB,1,0.026478,0.021057,0.018918,0.594318,0.018914,0.646986,-0.018914,-0.567198,0.021059,-0.021057,0.626776,-0.568154,0.595017,-0.567313,-0.567621,1.201054
8,PCB,2,0.033432,0.024024,0.023549,0.570994,0.023549,0.613465,-0.023549,-0.540774,0.024027,-0.024020,0.633631,-0.540853,0.571818,-0.542056,-0.541037,1.162885
8,PCB,3,0.057826,0.031141,0.031552,0.596605,0.031569,0.649573,-0.031546,-0.562735,0.031160,-0.031141,0.667654,-0.560815,0.598268,-0.563819,-0.561931,1.214498
8,PCB,4,0.027294,0.025730,0.024402,0.554745,0.024406,0.599948,-0.024402,-0.519527,0.025722,-0.025722,0.603132,-0.518656,0.555273,-0.518830,-0.519758,1.113941
8,PCB,5,0.037282,0.023834,0.022100,0.564026,0.022106,0.625874,-0.022100,-0.539704,0.023834,-0.023834,0.612337,-0.539528,0.564100,-0.539169,-0.540100,1.159165
8,PCB,6,0.025856,0.023147,0.023711,0.555134,0.023711,0.618220,-0.023711,-0.521818,0.023147,-0.023147,0.584435,-0.523704,0.554085,-0.521986,-0.522629,1.117517
8,PCB,7,0.033243,0.020801,0.021865,0.563788,0.021865,0.651501,-0.021857,-0.536911,0.020792,-0.020792,0.602760,-0.539993,0.564094,-0.538319,-0.539923,1.155095
8,PCB,8,0.043135,0.023837,0.025823,0.630368,0.025823,0.708527,-0.025823,-0.596718,0.023832,-0.023832,0.691570,-0.599170,0.628574,-0.597128,-0.597696,1.264834
8,PCB,9,0.041747,0.023010,0.023736,0.647600,0.023725,0.731799,-0.023700,-0.616617,0.023027,-0.023010,0.680933,-0.620604,0.647512,-0.617479,-0.619116,1.307786
8,PCB,10,0.037316,0.029984,0.029973,0.515679,0.029979,0.560407,-0.029922,-0.479288,0.029976,-0.029922,0.569481,-0.478208,0.515452,-0.479623,-0.477086,1.062934
8,PCB,11,0.026316,0.021629,0.024163,0.552886,0.024153,0.612297,-0.024123,-0.521227,0.021651,-0.021621,0.558182,-0.523507,0.552735,-0.520219,-0.524202,1.119506
8,PCB,12,0.051170,0.026771,0.032046,0.619282,0.032028,0.687509,-0.031996,-0.581829,0.026761,-0.026761,0.673739,-0.583937,0.617686,-0.581361,-0.581416,1.250403
8,PCB,13,0.046257,0.022349,0.024327,0.641435,0.024329,0.732573,-0.024327,-0.613702,0.022323,-0.022323,0.680719,-0.616239,0.641691,-0.615038,-0.615452,1.307660
9,DMT,0,0.050838,0.028809,0.028984,0.548747,0.028979,0.615898,-0.028977,-0.518237,0.028747,-0.028606,0.580700,-0.519990,0.547634,-0.516294,-0.518668,1.134224
9,DMT,1,0.051094,0.026433,0.023825,0.590199,0.023824,0.689738,-0.023824,-0.562926,0.026433,-0.026433,0.627290,-0.565033,0.591400,-0.563072,-0.565794,1.214731
9,DMT,2,0.025557,0.020831,0.021819,0.524350,0.021841,0.584458,-0.021799,-0.494539,0.020834,-0.020822,0.564036,-0.496598,0.524904,-0.495563,-0.495531,1.077463
9,DMT,3,0.038048,0.022651,0.026928,0.622050,0.026946,0.692149,-0.026925,-0.588161,0.022651,-0.022651,0.659104,-0.589404,0.621182,-0.587419,-0.589048,1.254229
9,DMT,4,0.048060,0.032070,0.034093,0.523114,0.034217,0.585574,-0.033982,-0.487275,0.032036,-0.031916,0.543513,-0.490206,0.524020,-0.488888,-0.491305,1.109567
9,DMT,5,0.027825,0.022796,0.023733,0.489022,0.023739,0.530754,-0.023681,-0.462492,0.022794,-0.022774,0.526234,-0.461886,0.489264,-0.461564,-0.462178,1.006634
9,DMT,6,0.023452,0.025116,0.024753,0.523482,0.024754,0.552207,-0.024746,-0.488102,0.025125,-0.025116,0.546257,-0.489516,0.524451,-0.488785,-0.489725,1.062407
9,DMT,7,0.033392,0.033988,0.029923,0.456777,0.029907,0.505615,-0.029851,-0.414923,0.033930,-0.033817,0.482409,-0.415963,0.456163,-0.414498,-0.414840,0.941952
9,DMT,8,0.042907,0.027888,0.032533,0.496767,0.032550,0.558632,-0.032493,-0.463712,0.027839,-0.027819,0.537611,-0.464950,0.497400,-0.464486,-0.465936,1.036190
9,DMT,9,0.035916,0.027517,0.033178,0.533487,0.033177,0.584578,-0.033129,-0.493681,0.027532,-0.027495,0.571730,-0.495226,0.533122,-0.494305,-0.494871,1.088237
9,DMT,10,0.042995,0.031432,0.026688,0.528164,0.026692,0.578263,-0.026683,-0.496662,0.031425,-0.031397,0.575996,-0.495570,0.527083,-0.493997,-0.495516,1.087909
9,DMT,11,0.059575,0.032787,0.025020,0.587243,0.025009,0.661388,-0.024964,-0.556976,0.032796,-0.032783,0.638098,-0.554782,0.586477,-0.553370,-0.557201,1.193006
9,DMT,12,0.039810,0.023793,0.026815,0.594971,0.026845,0.666800,-0.026788,-0.563998,0.023808,-0.023793,0.635091,-0.566250,0.593548,-0.563347,-0.563888,1.212670
9,DMT,13,0.055314,0.031542,0.035458,0.659400,0.035450,0.681071,-0.035446,-0.618039,0.031545,-0.031515,0.701298,-0.619009,0.659931,-0.620348,-0.617956,1.331178
9,PCB,0,0.036870,0.036472,0.031247,0.513262,0.031207,0.538361,-0.031096,-0.467836,0.036483,-0.036404,0.562193,-0.465792,0.514549,-0.467041,-0.468205,1.047878
9,PCB,1,0.037762,0.034584,0.029281,0.488276,0.029364,0.534762,-0.029134,-0.449514,0.034534,-0.034412,0.533559,-0.450414,0.487551,-0.450127,-0.450184,1.029551
9,PCB,2,0.059843,0.040263,0.042496,0.599730,0.042473,0.627243,-0.042411,-0.545946,0.040192,-0.040027,0.636953,-0.545953,0.598984,-0.546370,-0.546481,1.208752
9,PCB,3,0.031069,0.023861,0.025867,0.532501,0.025870,0.598148,-0.025861,-0.501085,0.023861,-0.023861,0.569598,-0.503047,0.532459,-0.500610,-0.502532,1.097781
9,PCB,4,0.036403,0.030759,0.025666,0.508491,0.025669,0.565663,-0.025568,-0.471420,0.030753,-0.030729,0.545531,-0.474461,0.507781,-0.471746,-0.473404,1.042572
9,PCB,5,0.042757,0.024798,0.025076,0.600784,0.025076,0.668161,-0.025076,-0.573376,0.024794,-0.024794,0.650705,-0.573079,0.600982,-0.573608,-0.574077,1.232833
9,PCB,6,0.031259,0.021748,0.023796,0.559595,0.023796,0.627067,-0.023796,-0.527453,0.021728,-0.021728,0.602190,-0.531042,0.560386,-0.529113,-0.530520,1.138081
9,PCB,7,0.032337,0.022045,0.024698,0.535277,0.024700,0.609960,-0.024678,-0.506660,0.022049,-0.022045,0.569932,-0.508120,0.535960,-0.506165,-0.508892,1.098719
9,PCB,8,0.034203,0.024743,0.025196,0.564806,0.025210,0.635563,-0.025195,-0.533203,0.024744,-0.024736,0.601013,-0.533370,0.565703,-0.532259,-0.533892,1.150021
9,PCB,9,0.034830,0.032656,0.028972,0.512663,0.028994,0.556835,-0.028962,-0.474056,0.032659,-0.032633,0.553358,-0.472726,0.513867,-0.472462,-0.475705,1.058511
9,PCB,10,0.040656,0.025321,0.025141,0.587344,0.025150,0.655718,-0.025095,-0.556817,0.025313,-0.025295,0.637220,-0.555735,0.587344,-0.554915,-0.556874,1.196717
9,PCB,11,0.031561,0.019736,0.017813,0.634764,0.017792,0.734141,-0.017792,-0.609001,0.019736,-0.019736,0.684549,-0.611214,0.634988,-0.609219,-0.611219,1.285120
9,PCB,12,0.034918,0.023784,0.025115,0.587432,0.025122,0.650617,-0.025073,-0.553793,0.023780,-0.023775,0.633146,-0.555398,0.586453,-0.554377,-0.554366,1.198635
9,PCB,13,0.051666,0.023896,0.023599,0.647216,0.023602,0.745990,-0.023599,-0.618166,0.023909,-0.023892,0.716642,-0.619630,0.648440,-0.619394,-0.620565,1.313670
10,DMT,0,0.029587,0.026096,0.023894,0.558745,0.023898,0.638419,-0.023875,-0.523922,0.026108,-0.026096,0.585335,-0.525237,0.559617,-0.523979,-0.526556,1.133506
10,DMT,1,0.025882,0.023248,0.022922,0.547969,0.022922,0.600268,-0.022922,-0.516073,0.023267,-0.023226,0.588436,-0.516949,0.547991,-0.516671,-0.516605,1.110898
10,DMT,2,0.025614,0.024247,0.023141,0.505975,0.023148,0.545129,-0.023135,-0.476470,0.024277,-0.024234,0.536440,-0.476033,0.505164,-0.475310,-0.474215,1.040938
10,DMT,3,0.035398,0.023871,0.025508,0.513137,0.025522,0.559155,-0.025508,-0.483214,0.023888,-0.023871,0.591756,-0.482569,0.514148,-0.483868,-0.482269,1.053946
10,DMT,4,0.029120,0.022685,0.022413,0.487682,0.022401,0.548204,-0.022380,-0.459418,0.022691,-0.022678,0.551410,-0.457822,0.487394,-0.457318,-0.457164,0.994511
10,DMT,5,0.027195,0.020489,0.024632,0.552441,0.024605,0.594243,-0.024605,-0.523734,0.020490,-0.020477,0.598755,-0.524541,0.551930,-0.523866,-0.523690,1.125087
10,DMT,6,0.018860,0.021503,0.020330,0.525335,0.020330,0.581788,-0.020330,-0.492108,0.021503,-0.021503,0.557413,-0.494890,0.525293,-0.493268,-0.493801,1.058316
10,DMT,7,0.030080,0.023613,0.024132,0.561445,0.024121,0.629510,-0.024121,-0.528522,0.023603,-0.023602,0.594299,-0.528946,0.561988,-0.528226,-0.530167,1.133235
10,DMT,8,0.041559,0.026631,0.025008,0.543015,0.024993,0.608129,-0.024993,-0.513550,0.026627,-0.026606,0.580933,-0.514770,0.542181,-0.512571,-0.513639,1.103172
10,DMT,9,0.027896,0.025300,0.021253,0.511458,0.021253,0.586011,-0.021253,-0.481247,0.025281,-0.025254,0.547061,-0.482720,0.510828,-0.479384,-0.482782,1.039164
10,DMT,10,0.030838,0.021551,0.020784,0.535886,0.020784,0.629678,-0.020784,-0.507813,0.021564,-0.021505,0.583744,-0.510488,0.535001,-0.507678,-0.508703,1.100101
10,DMT,11,0.036362,0.024271,0.023281,0.560617,0.023281,0.630604,-0.023281,-0.532376,0.024290,-0.024269,0.602508,-0.532833,0.560314,-0.531938,-0.532815,1.145381
10,DMT,12,0.057724,0.026599,0.031950,0.569207,0.031974,0.636835,-0.031926,-0.538561,0.026608,-0.026558,0.623508,-0.539587,0.570001,-0.538784,-0.539724,1.180185
10,DMT,13,0.041856,0.028004,0.024399,0.583367,0.024378,0.653722,-0.024375,-0.552989,0.027988,-0.027983,0.616645,-0.554010,0.580984,-0.551134,-0.553237,1.191945
10,PCB,0,0.020795,0.021753,0.024316,0.479638,0.024342,0.517699,-0.024301,-0.446258,0.021754,-0.021748,0.503773,-0.447797,0.478641,-0.444479,-0.446957,0.981827
10,PCB,1,0.030116,0.026530,0.025546,0.514577,0.025545,0.554894,-0.025513,-0.484017,0.026527,-0.026499,0.563048,-0.481510,0.516099,-0.483400,-0.484509,1.055391
10,PCB,2,0.026722,0.022873,0.023869,0.520068,0.023912,0.578587,-0.023793,-0.487322,0.022889,-0.022757,0.584187,-0.489860,0.519803,-0.488366,-0.489942,1.062504
10,PCB,3,0.031969,0.025116,0.027508,0.549729,0.027504,0.603595,-0.027477,-0.515689,0.025121,-0.025116,0.597001,-0.517354,0.548069,-0.515490,-0.516365,1.124411
10,PCB,4,0.050090,0.033294,0.040804,0.468629,0.040784,0.494748,-0.040474,-0.435201,0.033308,-0.033193,0.490027,-0.434961,0.468402,-0.434632,-0.435552,1.004422
10,PCB,5,0.064287,0.039893,0.038373,0.529133,0.038419,0.572106,-0.038242,-0.491386,0.039879,-0.039809,0.551156,-0.492735,0.528302,-0.490631,-0.492558,1.097908
10,PCB,6,0.034793,0.022020,0.022020,0.573726,0.022020,0.646368,-0.022020,-0.546404,0.022009,-0.022009,0.623458,-0.549335,0.573159,-0.548405,-0.547112,1.170608
10,PCB,7,0.025668,0.026235,0.025912,0.513255,0.025934,0.559341,-0.025856,-0.476511,0.026254,-0.026220,0.534929,-0.478073,0.512812,-0.477139,-0.478019,1.049404
10,PCB,8,0.046996,0.025502,0.025111,0.551548,0.025123,0.645512,-0.025083,-0.523145,0.025509,-0.025478,0.604185,-0.525384,0.552666,-0.524198,-0.525168,1.133994
10,PCB,9,0.028241,0.025143,0.023081,0.567358,0.023066,0.643905,-0.023055,-0.532646,0.025121,-0.025108,0.595985,-0.535969,0.565866,-0.532078,-0.534564,1.144637
10,PCB,10,0.044050,0.025683,0.032220,0.576170,0.032153,0.653846,-0.032018,-0.541249,0.025635,-0.025582,0.624008,-0.541754,0.572942,-0.539328,-0.539242,1.169665
10,PCB,11,0.036587,0.026017,0.027348,0.564851,0.027353,0.632334,-0.027341,-0.528436,0.026033,-0.026009,0.599600,-0.531909,0.563910,-0.530385,-0.529748,1.147081
10,PCB,12,0.035721,0.027402,0.024597,0.554128,0.024578,0.618785,-0.024561,-0.522441,0.027395,-0.027381,0.597080,-0.524749,0.554189,-0.523912,-0.524779,1.135464
10,PCB,13,0.029655,0.025861,0.025071,0.557232,0.025078,0.618906,-0.025064,-0.520951,0.025867,-0.025841,0.582723,-0.523321,0.557338,-0.521904,-0.523363,1.133352
11,DMT,0,0.029330,0.022007,0.022922,0.540099,0.022923,0.614151,-0.022922,-0.509013,0.022022,-0.021966,0.593040,-0.510064,0.540097,-0.509441,-0.510867,1.105861
11,DMT,1,0.041161,0.024299,0.023604,0.581480,0.023591,0.652905,-0.023538,-0.555154,0.024301,-0.024299,0.634663,-0.554776,0.581894,-0.555038,-0.556425,1.200635
11,DMT,2,0.047515,0.029600,0.030312,0.612820,0.030280,0.667294,-0.030268,-0.576099,0.029608,-0.029553,0.647905,-0.578606,0.613979,-0.578876,-0.578057,1.245680
11,DMT,3,0.051239,0.028248,0.031665,0.577624,0.031661,0.644886,-0.031639,-0.544041,0.028259,-0.028162,0.636338,-0.542911,0.575408,-0.542558,-0.541472,1.174645
11,DMT,4,0.027206,0.020367,0.021093,0.544053,0.021093,0.626079,-0.021093,-0.515585,0.020367,-0.020367,0.591365,-0.517240,0.544945,-0.517009,-0.517672,1.102016
11,DMT,5,0.026242,0.023801,0.020723,0.530923,0.020713,0.593478,-0.020713,-0.500317,0.023811,-0.023789,0.575030,-0.499672,0.530412,-0.498860,-0.501079,1.070848
11,DMT,6,0.027989,0.023871,0.024697,0.511278,0.024682,0.563930,-0.024644,-0.481491,0.023859,-0.023857,0.551236,-0.482968,0.511580,-0.482364,-0.482349,1.045127
11,DMT,7,0.025983,0.020610,0.023640,0.506110,0.023640,0.562196,-0.023640,-0.475741,0.020610,-0.020610,0.566229,-0.476775,0.506313,-0.476759,-0.476053,1.026480
11,DMT,8,0.036570,0.026352,0.021555,0.581167,0.021555,0.658107,-0.021555,-0.551227,0.026352,-0.026352,0.617637,-0.551773,0.579723,-0.548558,-0.552782,1.176683
11,DMT,9,0.051064,0.038652,0.027096,0.550950,0.027073,0.597239,-0.027006,-0.516522,0.038622,-0.038604,0.587012,-0.515423,0.550169,-0.514516,-0.516539,1.129441
11,DMT,10,0.033131,0.023119,0.022467,0.529154,0.022465,0.601459,-0.022432,-0.502416,0.023117,-0.023110,0.583044,-0.503469,0.529154,-0.502431,-0.502653,1.087364
11,DMT,11,0.035632,0.023659,0.019940,0.615676,0.019936,0.684615,-0.019932,-0.588119,0.023676,-0.023647,0.665728,-0.589372,0.615161,-0.587994,-0.589251,1.248158
11,DMT,12,0.025107,0.022869,0.020181,0.546498,0.020185,0.583136,-0.020181,-0.517455,0.022867,-0.022837,0.605624,-0.516378,0.546235,-0.518208,-0.515770,1.110239
11,DMT,13,0.037390,0.024733,0.026170,0.592388,0.026159,0.634637,-0.026159,-0.559773,0.024723,-0.024722,0.639838,-0.560281,0.591975,-0.560230,-0.559543,1.198683
11,PCB,0,0.033193,0.024479,0.024221,0.588947,0.024221,0.650665,-0.024221,-0.555502,0.024521,-0.024446,0.627408,-0.556445,0.589759,-0.556516,-0.557256,1.193131
11,PCB,1,0.031051,0.022856,0.025897,0.570311,0.025918,0.627392,-0.025897,-0.536780,0.022875,-0.022837,0.601098,-0.538935,0.570639,-0.537667,-0.538454,1.158633
11,PCB,2,0.051455,0.021711,0.021098,0.564716,0.021098,0.664069,-0.021098,-0.541156,0.021707,-0.021707,0.662459,-0.540836,0.565265,-0.541238,-0.541432,1.152394
11,PCB,3,0.035119,0.023915,0.027100,0.570716,0.027084,0.645301,-0.027037,-0.536815,0.023925,-0.023915,0.626065,-0.538128,0.570736,-0.537132,-0.538171,1.162601
11,PCB,4,0.049468,0.024066,0.028117,0.571847,0.028112,0.649434,-0.028105,-0.544309,0.024066,-0.024033,0.633464,-0.545375,0.570668,-0.543939,-0.544802,1.171648
11,PCB,5,0.035141,0.021874,0.022454,0.582631,0.022454,0.638905,-0.022454,-0.555674,0.021874,-0.021874,0.643272,-0.556848,0.582231,-0.556462,-0.555441,1.188782
11,PCB,6,0.028461,0.024697,0.020923,0.551011,0.020938,0.594225,-0.020896,-0.520981,0.024705,-0.024697,0.606942,-0.520259,0.550505,-0.520020,-0.520326,1.121024
11,PCB,7,0.041791,0.027692,0.028074,0.613269,0.028074,0.698682,-0.028074,-0.573364,0.027699,-0.027668,0.662851,-0.576048,0.614475,-0.574682,-0.576414,1.233966
11,PCB,8,0.045029,0.027894,0.027297,0.588080,0.027283,0.665363,-0.027279,-0.556037,0.027913,-0.027878,0.620583,-0.556747,0.586329,-0.554039,-0.556007,1.191110
11,PCB,9,0.027847,0.025162,0.022879,0.541420,0.022880,0.587745,-0.022879,-0.509952,0.025162,-0.025123,0.575772,-0.509351,0.540803,-0.508203,-0.510154,1.101621
11,PCB,10,0.033272,0.023423,0.022598,0.592206,0.022598,0.667304,-0.022598,-0.560089,0.023405,-0.023382,0.636309,-0.561185,0.592620,-0.560038,-0.561989,1.197657
11,PCB,11,0.052084,0.025496,0.026790,0.575925,0.026775,0.659079,-0.026748,-0.549539,0.025507,-0.025462,0.630775,-0.549953,0.576039,-0.547855,-0.549589,1.198054
11,PCB,12,0.037688,0.020402,0.025244,0.591964,0.025228,0.666264,-0.025182,-0.562268,0.020402,-0.020402,0.633830,-0.564550,0.592764,-0.563622,-0.564005,1.200239
11,PCB,13,0.032289,0.025090,0.022439,0.555601,0.022439,0.623360,-0.022439,-0.524195,0.025069,-0.025060,0.606402,-0.526884,0.556748,-0.525454,-0.527646,1.134884
12,DMT,0,0.042388,0.021890,0.026309,0.554963,0.026352,0.609375,-0.026301,-0.529354,0.021889,-0.021884,0.610827,-0.529701,0.554192,-0.528557,-0.527917,1.138933
12,DMT,1,0.030404,0.031357,0.024703,0.506169,0.024695,0.552572,-0.024673,-0.468332,0.031355,-0.031334,0.536622,-0.466452,0.505176,-0.463871,-0.467286,1.027293
12,DMT,2,0.031322,0.028488,0.026559,0.542023,0.026525,0.562345,-0.026495,-0.507354,0.028462,-0.028459,0.577831,-0.506109,0.541298,-0.505560,-0.506768,1.100052
12,DMT,3,0.044899,0.023020,0.024328,0.598204,0.024318,0.668673,-0.024312,-0.571203,0.023020,-0.023020,0.657722,-0.572022,0.598864,-0.571757,-0.572264,1.219299
12,DMT,4,0.051293,0.036166,0.025565,0.476245,0.025565,0.525549,-0.025565,-0.447017,0.036197,-0.036147,0.526310,-0.447797,0.476139,-0.448679,-0.447795,1.027391
12,DMT,5,0.032358,0.029001,0.026330,0.509423,0.026354,0.545727,-0.026314,-0.477152,0.029017,-0.029000,0.543222,-0.477087,0.510214,-0.478239,-0.478252,1.052653
12,DMT,6,0.027403,0.026590,0.024684,0.506045,0.024677,0.531588,-0.024671,-0.471854,0.026595,-0.026586,0.561236,-0.469903,0.507101,-0.472571,-0.471364,1.028433
12,DMT,7,0.020420,0.020570,0.018746,0.546549,0.018746,0.593756,-0.018746,-0.518011,0.020569,-0.020557,0.593620,-0.517378,0.546274,-0.518171,-0.518072,1.097808
12,DMT,8,0.019434,0.021156,0.019413,0.526770,0.019413,0.576662,-0.019413,-0.497330,0.021156,-0.021156,0.570712,-0.497197,0.525977,-0.495990,-0.496973,1.059365
12,DMT,9,0.021514,0.021409,0.022101,0.522808,0.022098,0.558407,-0.022098,-0.491288,0.021417,-0.021399,0.571232,-0.491494,0.522619,-0.491509,-0.490708,1.052934
12,DMT,10,0.033914,0.025804,0.021435,0.561356,0.021435,0.629962,-0.021435,-0.531257,0.025804,-0.025804,0.586952,-0.533805,0.560696,-0.531176,-0.533610,1.140230
12,DMT,11,0.030104,0.022179,0.028292,0.557111,0.028289,0.607742,-0.028289,-0.521961,0.022168,-0.022164,0.598923,-0.523104,0.557625,-0.523606,-0.523042,1.128688
12,DMT,12,0.026223,0.022635,0.023235,0.551284,0.023232,0.595052,-0.023226,-0.520020,0.022622,-0.022622,0.600564,-0.519402,0.551082,-0.519282,-0.519686,1.112841
12,DMT,13,0.046279,0.027449,0.024949,0.574358,0.024974,0.639325,-0.024927,-0.544905,0.027491,-0.027445,0.620420,-0.546277,0.572126,-0.543962,-0.545356,1.181835
12,PCB,0,0.032217,0.021929,0.024843,0.580859,0.024843,0.657225,-0.024843,-0.549714,0.021917,-0.021897,0.625885,-0.550881,0.581801,-0.550020,-0.551622,1.180788
12,PCB,1,0.040609,0.021999,0.021756,0.579741,0.021756,0.653785,-0.021731,-0.554389,0.021999,-0.021999,0.634273,-0.555907,0.579058,-0.553835,-0.554415,1.193890
12,PCB,2,0.048407,0.029333,0.029849,0.562596,0.029869,0.653509,-0.029849,-0.527037,0.029344,-0.029333,0.605983,-0.528735,0.563511,-0.527002,-0.530773,1.141419
12,PCB,3,0.037398,0.024775,0.023159,0.562008,0.023159,0.623327,-0.023159,-0.534225,0.024775,-0.024775,0.604792,-0.535502,0.561398,-0.533788,-0.534789,1.152632
12,PCB,4,0.023018,0.021285,0.021976,0.515925,0.021995,0.560016,-0.021976,-0.487415,0.021300,-0.021271,0.564623,-0.487578,0.516202,-0.487357,-0.487569,1.052232
12,PCB,5,0.030402,0.024585,0.026199,0.557938,0.026199,0.595327,-0.026199,-0.524678,0.024598,-0.024584,0.603458,-0.523821,0.557436,-0.523412,-0.523969,1.132695
12,PCB,6,0.029362,0.031005,0.023991,0.547385,0.024013,0.584310,-0.023973,-0.508078,0.031038,-0.031000,0.575033,-0.508367,0.546616,-0.506421,-0.507024,1.105827
12,PCB,7,0.037210,0.025242,0.025470,0.542934,0.025476,0.597090,-0.025446,-0.512234,0.025246,-0.025221,0.589952,-0.513790,0.543421,-0.514267,-0.514420,1.118027
12,PCB,8,0.044500,0.025841,0.029249,0.536044,0.029227,0.595321,-0.029174,-0.505834,0.025831,-0.025817,0.620321,-0.503164,0.535687,-0.505205,-0.503696,1.103823
12,PCB,9,0.032372,0.032142,0.035329,0.538403,0.035305,0.566037,-0.035291,-0.489410,0.032158,-0.032097,0.553135,-0.487150,0.538370,-0.487417,-0.489922,1.079805
12,PCB,10,0.046188,0.033672,0.035017,0.562480,0.034990,0.640100,-0.034952,-0.516238,0.033674,-0.033618,0.611649,-0.516240,0.563660,-0.516833,-0.518677,1.149741
12,PCB,11,0.040252,0.028379,0.024236,0.575542,0.024236,0.621015,-0.024217,-0.546396,0.028368,-0.028322,0.628878,-0.544896,0.575711,-0.545649,-0.546351,1.177939
12,PCB,12,0.048424,0.026678,0.024167,0.618596,0.024167,0.681822,-0.024167,-0.587939,0.026678,-0.026678,0.710281,-0.585662,0.618004,-0.586107,-0.587326,1.249339
12,PCB,13,0.059192,0.042424,0.043549,0.558240,0.043553,0.588555,-0.043518,-0.506417,0.042381,-0.042250,0.587881,-0.501616,0.557978,-0.501203,-0.506389,1.173631
13,DMT,0,0.025296,0.025290,0.022315,0.519148,0.022318,0.572018,-0.022315,-0.485098,0.025296,-0.025274,0.560197,-0.487323,0.518185,-0.485412,-0.485367,1.055327
13,DMT,1,0.036758,0.032954,0.026429,0.488865,0.026392,0.535305,-0.026377,-0.453977,0.032923,-0.032920,0.528304,-0.453765,0.489835,-0.453586,-0.455589,1.005627
13,DMT,2,0.021513,0.022872,0.022582,0.467364,0.022583,0.491130,-0.022571,-0.436620,0.022871,-0.022842,0.494975,-0.434737,0.467786,-0.435761,-0.436860,0.956756
13,DMT,3,0.025999,0.029223,0.027768,0.410674,0.027745,0.456776,-0.027706,-0.375825,0.029161,-0.029132,0.446229,-0.373808,0.411233,-0.374835,-0.377269,0.859888
13,DMT,4,0.047776,0.028599,0.032576,0.525363,0.032600,0.597647,-0.032518,-0.490918,0.028544,-0.028482,0.567979,-0.491376,0.526955,-0.492941,-0.493798,1.073046
13,DMT,5,0.024659,0.023107,0.022667,0.532033,0.022662,0.579623,-0.022651,-0.500001,0.023107,-0.023107,0.584607,-0.500516,0.531768,-0.500494,-0.499560,1.073614
13,DMT,6,0.023764,0.027169,0.026470,0.501486,0.026472,0.518267,-0.026470,-0.464962,0.027198,-0.027147,0.541377,-0.463633,0.501268,-0.464668,-0.463904,1.016004
13,DMT,7,0.033545,0.031045,0.024413,0.518643,0.024449,0.570416,-0.024398,-0.483507,0.031039,-0.031028,0.552983,-0.485754,0.517299,-0.482862,-0.484179,1.049121
13,DMT,8,0.020670,0.023884,0.023625,0.479445,0.023608,0.522849,-0.023601,-0.446317,0.023835,-0.023797,0.504066,-0.447151,0.478764,-0.445433,-0.447180,0.971153
13,DMT,9,0.023818,0.023948,0.023070,0.507048,0.023075,0.562600,-0.023061,-0.473805,0.023928,-0.023928,0.549167,-0.473349,0.505957,-0.472637,-0.474014,1.024468
13,DMT,10,0.034389,0.035539,0.022995,0.509069,0.023010,0.557267,-0.022982,-0.475367,0.035536,-0.035401,0.562056,-0.473880,0.510356,-0.474784,-0.477382,1.044269
13,DMT,11,0.042958,0.029185,0.029215,0.577408,0.029236,0.629069,-0.029215,-0.540246,0.029172,-0.029164,0.628124,-0.542291,0.578985,-0.544197,-0.542480,1.182873
13,DMT,12,0.078633,0.038419,0.039263,0.602387,0.039247,0.646363,-0.039196,-0.557206,0.038417,-0.038383,0.655732,-0.557708,0.602530,-0.559018,-0.556401,1.222411
13,DMT,13,0.043470,0.029448,0.025957,0.595850,0.025953,0.632388,-0.025953,-0.563879,0.029448,-0.029427,0.646593,-0.561364,0.595279,-0.561984,-0.562659,1.212151
13,PCB,0,0.025357,0.025081,0.020361,0.523665,0.020341,0.580989,-0.020315,-0.494834,0.025081,-0.025065,0.568172,-0.494399,0.524051,-0.494335,-0.496188,1.064842
13,PCB,1,0.026019,0.022016,0.023911,0.555935,0.023906,0.615582,-0.023906,-0.523519,0.022017,-0.022016,0.606600,-0.525170,0.556927,-0.524285,-0.526326,1.124850
13,PCB,2,0.030520,0.024494,0.022373,0.543660,0.022375,0.591727,-0.022367,-0.514864,0.024511,-0.024490,0.589977,-0.513447,0.542872,-0.513424,-0.513107,1.101565
13,PCB,3,0.023326,0.021832,0.021756,0.508217,0.021773,0.554922,-0.021678,-0.476968,0.021839,-0.021832,0.552598,-0.477786,0.508486,-0.477705,-0.477416,1.034547
13,PCB,4,0.021137,0.027030,0.022368,0.513713,0.022368,0.539164,-0.022368,-0.477318,0.027044,-0.027011,0.543900,-0.476288,0.513266,-0.475912,-0.475608,1.038512
13,PCB,5,0.022831,0.020631,0.024443,0.507849,0.024442,0.560302,-0.024424,-0.477264,0.020658,-0.020628,0.545361,-0.477865,0.509102,-0.478697,-0.478910,1.035449
13,PCB,6,0.031777,0.023720,0.021404,0.552870,0.021404,0.605461,-0.021404,-0.524759,0.023720,-0.023720,0.598220,-0.523060,0.552328,-0.522813,-0.524375,1.126378
13,PCB,7,0.030757,0.027394,0.023259,0.554418,0.023247,0.593099,-0.023222,-0.523379,0.027408,-0.027370,0.588035,-0.523302,0.554846,-0.523947,-0.523725,1.127210
13,PCB,8,0.026586,0.020941,0.023400,0.542027,0.023412,0.615739,-0.023399,-0.511011,0.020937,-0.020937,0.582766,-0.513309,0.542158,-0.511338,-0.512821,1.096677
13,PCB,9,0.027783,0.023580,0.023548,0.573527,0.023542,0.616070,-0.023523,-0.541123,0.023575,-0.023575,0.626251,-0.541657,0.573582,-0.542631,-0.541349,1.160398
13,PCB,10,0.024396,0.020758,0.021886,0.524164,0.021886,0.577636,-0.021886,-0.497390,0.020745,-0.020688,0.547911,-0.498205,0.524051,-0.496961,-0.498312,1.068252
13,PCB,11,0.029851,0.025263,0.026243,0.551874,0.026238,0.579788,-0.026238,-0.516735,0.025240,-0.025217,0.589269,-0.518212,0.551717,-0.518696,-0.516801,1.119097
13,PCB,12,0.033430,0.025442,0.026203,0.533844,0.026228,0.576493,-0.026151,-0.502127,0.025438,-0.025431,0.578376,-0.501356,0.535072,-0.502397,-0.503302,1.085593
13,PCB,13,0.028735,0.025791,0.022489,0.557555,0.022489,0.585889,-0.022489,-0.525947,0.025791,-0.025791,0.616260,-0.524238,0.558326,-0.527171,-0.524377,1.131689
