# script=01_synergy_timecourse.py variant=ts_demean regions=115 region_selection=all excluded_regions=20 atoms=rtr,rtx,rty,rts,xtr,xtx,xty,xts,ytr,ytx,yty,yts,str,stx,sty,sts tau=1 redundancy=MMI fit_mode=window window_trs=60 placebo_fit_trs=na seed=20261120 git=f3b435d
subject,condition,window,rtr,rtx,rty,rts,xtr,xtx,xty,xts,ytr,ytx,yty,yts,str,stx,sty,sts
0,DMT,0,0.034227,0.030361,0.033858,0.439229,0.033869,0.462057,-0.033739,-0.403026,0.030356,-0.030196,0.467330,-0.402186,0.438564,-0.401808,-0.400664,0.953768
0,DMT,1,0.056062,0.027539,0.045942,0.446052,0.045817,0.489563,-0.045346,-0.414399,0.027457,-0.027265,0.473674,-0.414364,0.445074,-0.412242,-0.414753,0.992667
0,DMT,2,0.049875,0.038794,0.030166,0.500040,0.030172,0.539545,-0.029718,-0.461341,0.038753,-0.038454,0.512584,-0.466459,0.501174,-0.464983,-0.464253,1.062110
0,DMT,3,0.085141,0.058757,0.052601,0.456822,0.052349,0.500889,-0.051249,-0.403782,0.059213,-0.057464,0.457828,-0.402517,0.453876,-0.393915,-0.403122,1.003167
0,DMT,4,0.049664,0.030575,0.027615,0.479849,0.027595,0.549448,-0.027468,-0.452812,0.030586,-0.030562,0.550859,-0.451687,0.480713,-0.452843,-0.452130,1.011555
0,DMT,5,0.054769,0.033687,0.030046,0.516404,0.029994,0.603507,-0.029988,-0.482412,0.033682,-0.033675,0.556788,-0.483777,0.513033,-0.479262,-0.482716,1.056155
0,DMT,6,0.067000,0.033495,0.034506,0.451135,0.034540,0.497964,-0.034487,-0.428390,0.033544,-0.033403,0.468167,-0.429169,0.452427,-0.428167,-0.429060,1.007575
0,DMT,7,0.043999,0.042865,0.041747,0.393190,0.041674,0.407990,-0.041514,-0.353920,0.042823,-0.042616,0.414759,-0.353879,0.393807,-0.353451,-0.351154,0.913028
0,DMT,8,0.047091,0.033905,0.036568,0.419340,0.036541,0.468384,-0.036376,-0.384018,0.033911,-0.033839,0.448894,-0.385339,0.420891,-0.387023,-0.388520,0.924484
0,DMT,9,0.067628,0.038908,0.028197,0.524211,0.028184,0.566153,-0.028184,-0.499929,0.038836,-0.038726,0.588868,-0.497924,0.523364,-0.497402,-0.498640,1.122303
0,DMT,10,0.052025,0.034346,0.035969,0.498164,0.035959,0.534233,-0.035739,-0.467324,0.034358,-0.034301,0.535344,-0.464952,0.497071,-0.464658,-0.465730,1.065068
0,DMT,11,0.052725,0.037268,0.037391,0.414921,0.037458,0.457302,-0.037312,-0.381997,0.037387,-0.037093,0.478735,-0.378356,0.415283,-0.379422,-0.380513,0.946148
0,DMT,12,0.037277,0.038283,0.027436,0.460806,0.027425,0.486632,-0.027425,-0.423150,0.038229,-0.038151,0.504363,-0.425089,0.462064,-0.426605,-0.422250,0.985068
0,DMT,13,0.048919,0.026838,0.038744,0.500683,0.038785,0.530157,-0.038730,-0.466947,0.026828,-0.026812,0.546623,-0.464474,0.500790,-0.468042,-0.467369,1.066906
0,PCB,0,0.040818,0.036191,0.037269,0.474348,0.037337,0.488008,-0.036981,-0.432639,0.036174,-0.035862,0.500485,-0.435271,0.471975,-0.431879,-0.429711,1.016738
0,PCB,1,0.038757,0.031361,0.026431,0.468928,0.026436,0.510266,-0.026361,-0.437584,0.031350,-0.031277,0.493289,-0.440971,0.468521,-0.439031,-0.437422,1.011562
0,PCB,2,0.030171,0.025512,0.022283,0.477318,0.022320,0.521993,-0.022135,-0.450271,0.025517,-0.025466,0.534663,-0.446984,0.477983,-0.448042,-0.449893,1.006407
0,PCB,3,0.036739,0.026891,0.026622,0.520520,0.026603,0.552515,-0.026570,-0.492115,0.026930,-0.026863,0.551588,-0.491898,0.520010,-0.490700,-0.491696,1.091572
0,PCB,4,0.047749,0.026910,0.033392,0.506691,0.033406,0.558601,-0.033338,-0.478416,0.026934,-0.026841,0.551668,-0.479930,0.508505,-0.475561,-0.479438,1.088811
0,PCB,5,0.028253,0.025622,0.026655,0.504439,0.026619,0.561689,-0.026532,-0.470027,0.025643,-0.025523,0.537658,-0.471318,0.505133,-0.469371,-0.470235,1.033262
0,PCB,6,0.039315,0.037424,0.039725,0.455741,0.039601,0.486057,-0.039324,-0.403316,0.037301,-0.037172,0.498085,-0.400226,0.456272,-0.404491,-0.404901,0.952418
0,PCB,7,0.038589,0.027447,0.031008,0.476841,0.030962,0.510026,-0.030798,-0.443381,0.027414,-0.027330,0.525745,-0.440880,0.477568,-0.441251,-0.443685,1.018188
0,PCB,8,0.048029,0.036473,0.034129,0.539232,0.034195,0.594738,-0.034006,-0.501109,0.036513,-0.036336,0.558700,-0.502493,0.540130,-0.501455,-0.504270,1.114068
0,PCB,9,0.031326,0.028420,0.036350,0.522280,0.036377,0.549972,-0.036306,-0.473385,0.028383,-0.028243,0.548742,-0.476948,0.521326,-0.473316,-0.473753,1.067410
0,PCB,10,0.039546,0.025518,0.026542,0.544318,0.026552,0.609863,-0.026513,-0.511410,0.025533,-0.025494,0.613761,-0.513502,0.544750,-0.513569,-0.513063,1.138072
0,PCB,11,0.041805,0.025126,0.024939,0.548973,0.024953,0.611402,-0.024939,-0.519964,0.025144,-0.025082,0.594264,-0.523654,0.549419,-0.522234,-0.520900,1.149360
0,PCB,12,0.054556,0.032942,0.032590,0.553482,0.032440,0.606534,-0.032350,-0.516017,0.032941,-0.032696,0.600162,-0.520221,0.553919,-0.518857,-0.520334,1.184706
0,PCB,13,0.037747,0.036333,0.033056,0.470506,0.032785,0.499484,-0.032447,-0.431825,0.036141,-0.035515,0.499831,-0.432889,0.469516,-0.432456,-0.429346,0.996171
1,DMT,0,0.040981,0.030838,0.034904,0.563086,0.034911,0.602573,-0.034880,-0.522823,0.030849,-0.030798,0.576874,-0.526142,0.562852,-0.523899,-0.525283,1.145037
1,DMT,1,0.024181,0.019225,0.024035,0.500017,0.024021,0.568413,-0.024021,-0.470784,0.019240,-0.019215,0.558525,-0.472638,0.500082,-0.473359,-0.473198,1.032530
1,DMT,2,0.031200,0.023112,0.022087,0.535614,0.022087,0.593989,-0.022087,-0.505715,0.023098,-0.023083,0.582081,-0.507352,0.535027,-0.506490,-0.506251,1.091801
1,DMT,3,0.035008,0.028724,0.028058,0.495948,0.028044,0.549620,-0.027968,-0.461915,0.028706,-0.028662,0.526278,-0.463268,0.496272,-0.464038,-0.464351,1.035945
1,DMT,4,0.040242,0.031149,0.024133,0.518086,0.024133,0.576266,-0.024133,-0.484438,0.031151,-0.031102,0.559494,-0.488956,0.516472,-0.485763,-0.487002,1.072250
1,DMT,5,0.019236,0.019391,0.021931,0.471508,0.021928,0.534684,-0.021928,-0.440873,0.019370,-0.019347,0.502576,-0.443964,0.471681,-0.442273,-0.442911,0.959817
1,DMT,6,0.028966,0.024286,0.021391,0.539372,0.021409,0.606684,-0.021391,-0.510471,0.024286,-0.024228,0.578063,-0.511441,0.538943,-0.510026,-0.511140,1.094417
1,DMT,7,0.024650,0.021981,0.022131,0.506684,0.022140,0.555875,-0.022128,-0.478342,0.022008,-0.021968,0.555605,-0.479384,0.505840,-0.478353,-0.478209,1.035483
1,DMT,8,0.031030,0.025247,0.028683,0.491743,0.028762,0.546939,-0.028607,-0.456130,0.025241,-0.025222,0.514371,-0.459736,0.492566,-0.457284,-0.458586,1.011514
1,DMT,9,0.058647,0.035279,0.030512,0.521183,0.030576,0.564230,-0.030372,-0.490326,0.035352,-0.034753,0.560358,-0.493274,0.520565,-0.491966,-0.489971,1.117501
1,DMT,10,0.030232,0.024332,0.023798,0.551821,0.023782,0.606244,-0.023775,-0.517605,0.024311,-0.024277,0.584827,-0.521814,0.551421,-0.517307,-0.521231,1.119790
1,DMT,11,0.033168,0.022946,0.024029,0.569141,0.024037,0.635849,-0.023949,-0.538083,0.022957,-0.022902,0.594876,-0.539573,0.568702,-0.537381,-0.539040,1.155265
1,DMT,12,0.035077,0.024047,0.028207,0.558530,0.028199,0.591593,-0.028192,-0.524732,0.023988,-0.023983,0.598455,-0.523895,0.557109,-0.524460,-0.524950,1.145717
1,DMT,13,0.043051,0.026040,0.030352,0.556850,0.030233,0.615216,-0.030162,-0.516611,0.026022,-0.025787,0.595886,-0.523539,0.560572,-0.526409,-0.521664,1.146059
1,PCB,0,0.036012,0.028341,0.028675,0.548446,0.028671,0.570571,-0.028610,-0.515273,0.028329,-0.028241,0.598861,-0.512982,0.547338,-0.514859,-0.512767,1.128253
1,PCB,1,0.039218,0.027282,0.029460,0.538001,0.029472,0.585713,-0.029313,-0.505880,0.027287,-0.027157,0.564265,-0.508126,0.538323,-0.506045,-0.508912,1.117322
1,PCB,2,0.038336,0.027193,0.027219,0.524059,0.027214,0.589773,-0.027129,-0.487880,0.027225,-0.027133,0.594443,-0.487652,0.522806,-0.486675,-0.489728,1.086360
1,PCB,3,0.049138,0.024422,0.024458,0.548112,0.024450,0.609640,-0.024424,-0.522569,0.024436,-0.024422,0.594808,-0.523447,0.549039,-0.523624,-0.523529,1.142257
1,PCB,4,0.035256,0.031608,0.027160,0.487739,0.027152,0.515635,-0.027076,-0.455008,0.031583,-0.031566,0.504258,-0.455784,0.487578,-0.456130,-0.455910,1.018016
1,PCB,5,0.061632,0.027853,0.031016,0.567461,0.031006,0.676091,-0.030891,-0.529858,0.027761,-0.027740,0.625414,-0.532047,0.570420,-0.534400,-0.536494,1.173916
1,PCB,6,0.046506,0.033844,0.041027,0.522510,0.040917,0.544069,-0.040766,-0.471276,0.033726,-0.033492,0.545026,-0.473096,0.522765,-0.473948,-0.471897,1.063090
1,PCB,7,0.041545,0.024926,0.025656,0.538181,0.025650,0.602521,-0.025632,-0.507898,0.024982,-0.024918,0.590835,-0.509499,0.539878,-0.510724,-0.509069,1.111465
1,PCB,8,0.038854,0.024121,0.024346,0.578144,0.024334,0.659140,-0.024318,-0.545575,0.024122,-0.024096,0.627826,-0.549992,0.577416,-0.545687,-0.546675,1.184900
1,PCB,9,0.038408,0.039456,0.024167,0.488517,0.024130,0.514022,-0.024036,-0.449700,0.039427,-0.039368,0.509795,-0.453219,0.489101,-0.453248,-0.450879,1.050762
1,PCB,10,0.036952,0.024252,0.027952,0.562073,0.027951,0.647465,-0.027929,-0.527335,0.024249,-0.024249,0.596946,-0.530947,0.561626,-0.527978,-0.530161,1.161745
1,PCB,11,0.041405,0.025809,0.029788,0.545039,0.029821,0.609955,-0.029737,-0.507531,0.025812,-0.025728,0.581855,-0.511943,0.545088,-0.510590,-0.510212,1.122440
1,PCB,12,0.031606,0.023250,0.030913,0.550290,0.030929,0.587575,-0.030797,-0.509558,0.023254,-0.023222,0.586494,-0.511290,0.551383,-0.510630,-0.511327,1.121015
1,PCB,13,0.031924,0.026965,0.029230,0.557519,0.029265,0.589796,-0.029189,-0.516847,0.026947,-0.026894,0.603710,-0.515710,0.557193,-0.515914,-0.516289,1.140490
2,DMT,0,0.043174,0.035145,0.030729,0.548030,0.030708,0.582861,-0.030475,-0.507348,0.035162,-0.035019,0.558848,-0.513040,0.547608,-0.511106,-0.511622,1.143188
2,DMT,1,0.033926,0.027445,0.024658,0.521150,0.024663,0.564822,-0.024651,-0.488656,0.027496,-0.027435,0.576809,-0.489322,0.520544,-0.489260,-0.488671,1.090825
2,DMT,2,0.033777,0.023216,0.024122,0.553212,0.024117,0.644822,-0.024106,-0.522054,0.023211,-0.023198,0.577565,-0.525262,0.554054,-0.522412,-0.524966,1.129040
2,DMT,3,0.034727,0.020934,0.022775,0.568667,0.022775,0.625748,-0.022775,-0.540822,0.020934,-0.020934,0.651331,-0.540521,0.568208,-0.541618,-0.539019,1.157586
2,DMT,4,0.036488,0.040324,0.022462,0.453477,0.022444,0.466394,-0.022356,-0.421575,0.040418,-0.040250,0.512760,-0.419825,0.453637,-0.421411,-0.419146,0.962101
2,DMT,5,0.025208,0.033922,0.033666,0.332632,0.033637,0.354895,-0.033404,-0.290156,0.033866,-0.033569,0.352427,-0.289800,0.332735,-0.291141,-0.291315,0.741613
2,DMT,6,0.036880,0.042748,0.031789,0.414973,0.031844,0.460251,-0.031599,-0.370484,0.042719,-0.042641,0.425043,-0.374674,0.414664,-0.373435,-0.373462,0.901184
2,DMT,7,0.027413,0.023967,0.026413,0.497656,0.026410,0.543281,-0.026371,-0.465263,0.023973,-0.023956,0.530977,-0.467011,0.498280,-0.466306,-0.467092,1.017256
2,DMT,8,0.035754,0.025467,0.025245,0.536771,0.025233,0.604108,-0.025233,-0.505791,0.025466,-0.025466,0.563460,-0.505194,0.537002,-0.503098,-0.508034,1.100580
2,DMT,9,0.039469,0.032072,0.022086,0.519369,0.022081,0.571136,-0.022075,-0.490497,0.032040,-0.031969,0.565235,-0.487032,0.518278,-0.486319,-0.489473,1.068893
2,DMT,10,0.024188,0.023057,0.021104,0.526411,0.021113,0.574566,-0.021070,-0.495850,0.023046,-0.023014,0.547905,-0.496797,0.525320,-0.494966,-0.497216,1.069473
2,DMT,11,0.024858,0.023001,0.021862,0.535900,0.021856,0.585455,-0.021852,-0.505619,0.022995,-0.022993,0.572624,-0.506543,0.535285,-0.505084,-0.506169,1.086887
2,DMT,12,0.025439,0.022246,0.024051,0.533806,0.024070,0.589182,-0.023968,-0.502309,0.022206,-0.022200,0.581107,-0.503288,0.533261,-0.502071,-0.501660,1.084669
2,DMT,13,0.026356,0.020187,0.023564,0.563099,0.023551,0.612792,-0.023551,-0.532786,0.020219,-0.020143,0.612858,-0.533657,0.562748,-0.532710,-0.532995,1.142225
2,PCB,0,0.035447,0.029193,0.036008,0.472609,0.035895,0.497522,-0.035592,-0.435545,0.029188,-0.029162,0.521175,-0.433573,0.472711,-0.435143,-0.434784,1.002729
2,PCB,1,0.034742,0.031064,0.031158,0.499926,0.031106,0.534043,-0.031026,-0.459956,0.030977,-0.030847,0.531210,-0.459989,0.497672,-0.460018,-0.457032,1.023450
2,PCB,2,0.057058,0.024633,0.027954,0.584240,0.027895,0.648741,-0.027748,-0.559519,0.024638,-0.024629,0.634110,-0.556851,0.584974,-0.558475,-0.560393,1.215467
2,PCB,3,0.054525,0.025190,0.020173,0.608151,0.020166,0.711095,-0.020157,-0.584539,0.025150,-0.025139,0.655929,-0.586229,0.607664,-0.583257,-0.586749,1.253308
2,PCB,4,0.040050,0.031790,0.027074,0.500027,0.027040,0.538043,-0.026972,-0.467441,0.031766,-0.031766,0.530743,-0.469258,0.499335,-0.468335,-0.468507,1.051050
2,PCB,5,0.050730,0.027684,0.024426,0.562748,0.024420,0.643278,-0.024405,-0.532866,0.027697,-0.027661,0.619643,-0.535135,0.563706,-0.532851,-0.534889,1.156296
2,PCB,6,0.033109,0.028535,0.032871,0.516377,0.032892,0.546204,-0.032791,-0.473695,0.028535,-0.028535,0.537554,-0.476642,0.514696,-0.473964,-0.474291,1.058133
2,PCB,7,0.041692,0.022031,0.026793,0.554530,0.026782,0.589884,-0.026701,-0.527612,0.022057,-0.022005,0.618495,-0.531494,0.552945,-0.530052,-0.523517,1.163994
2,PCB,8,0.045853,0.022532,0.020700,0.623013,0.020697,0.689227,-0.020695,-0.599937,0.022525,-0.022519,0.674700,-0.599772,0.622536,-0.599507,-0.600103,1.273941
2,PCB,9,0.042900,0.024244,0.027593,0.551360,0.027586,0.598015,-0.027542,-0.524246,0.024229,-0.024181,0.603223,-0.525452,0.550131,-0.523026,-0.522958,1.137925
2,PCB,10,0.043034,0.022845,0.028173,0.567851,0.028208,0.628482,-0.028163,-0.539323,0.022849,-0.022816,0.617742,-0.542629,0.569133,-0.541612,-0.542569,1.175879
2,PCB,11,0.050742,0.024695,0.023056,0.602025,0.023062,0.721346,-0.023034,-0.570301,0.024686,-0.024686,0.645594,-0.573409,0.599656,-0.568512,-0.573243,1.218723
2,PCB,12,0.046945,0.025099,0.024749,0.566791,0.024753,0.618746,-0.024724,-0.542726,0.025115,-0.025068,0.617133,-0.541661,0.566671,-0.540615,-0.542295,1.179420
2,PCB,13,0.050604,0.025928,0.026113,0.585599,0.026117,0.651030,-0.026098,-0.558746,0.025952,-0.025921,0.614658,-0.558437,0.585139,-0.556875,-0.558579,1.210815
3,DMT,0,0.041610,0.035557,0.028469,0.545042,0.028475,0.621949,-0.028448,-0.496961,0.035565,-0.035548,0.561437,-0.507895,0.546845,-0.505965,-0.505249,1.129800
3,DMT,1,0.039092,0.025757,0.022706,0.595313,0.022706,0.666779,-0.022706,-0.565354,0.025751,-0.025751,0.658606,-0.566946,0.594966,-0.565358,-0.566470,1.210590
3,DMT,2,0.041053,0.020986,0.023642,0.561257,0.023648,0.642032,-0.023639,-0.536003,0.020991,-0.020963,0.624634,-0.537140,0.561416,-0.536629,-0.536828,1.160147
3,DMT,3,0.038337,0.027728,0.023746,0.609518,0.023758,0.652319,-0.023716,-0.577985,0.027728,-0.027728,0.654369,-0.579660,0.609480,-0.579924,-0.577720,1.263532
3,DMT,4,0.032965,0.024837,0.023285,0.530221,0.023302,0.600091,-0.023274,-0.501577,0.024839,-0.024837,0.587111,-0.502489,0.530627,-0.501995,-0.503563,1.099585
3,DMT,5,0.026522,0.022079,0.021393,0.539904,0.021362,0.616907,-0.021360,-0.510386,0.022074,-0.022071,0.568427,-0.512780,0.539757,-0.511355,-0.514307,1.112274
3,DMT,6,0.031285,0.025066,0.021985,0.480216,0.021949,0.556515,-0.021943,-0.451861,0.025072,-0.025010,0.541880,-0.452647,0.479501,-0.451744,-0.451636,1.013096
3,DMT,7,0.029412,0.023231,0.021180,0.532597,0.021190,0.601955,-0.021162,-0.500047,0.023244,-0.023215,0.583048,-0.503485,0.531907,-0.502746,-0.502994,1.091874
3,DMT,8,0.033373,0.024545,0.024339,0.547054,0.024347,0.637465,-0.024293,-0.513750,0.024552,-0.024521,0.593189,-0.514992,0.547389,-0.512419,-0.517492,1.118685
3,DMT,9,0.031613,0.021405,0.023570,0.574567,0.023582,0.655730,-0.023559,-0.544668,0.021405,-0.021405,0.633164,-0.543456,0.575408,-0.544218,-0.545654,1.158212
3,DMT,10,0.026835,0.021717,0.023575,0.549104,0.023582,0.612095,-0.023575,-0.514482,0.021716,-0.021713,0.592400,-0.518468,0.548580,-0.516127,-0.516334,1.108939
3,DMT,11,0.036344,0.022364,0.026111,0.531290,0.026111,0.592919,-0.026111,-0.502628,0.022369,-0.022357,0.582394,-0.504000,0.530775,-0.502818,-0.502546,1.094276
3,DMT,12,0.034901,0.023720,0.023687,0.538452,0.023683,0.621766,-0.023672,-0.509246,0.023726,-0.023714,0.600405,-0.510786,0.537335,-0.508402,-0.509317,1.109462
3,DMT,13,0.034074,0.023084,0.020340,0.590702,0.020340,0.639151,-0.020340,-0.564427,0.023084,-0.023084,0.644978,-0.564020,0.590408,-0.563912,-0.563842,1.199997
3,PCB,0,0.070710,0.035149,0.032039,0.532166,0.032001,0.560057,-0.031954,-0.506963,0.035125,-0.035119,0.585120,-0.506188,0.533640,-0.508408,-0.507277,1.145283
3,PCB,1,0.040626,0.030109,0.020827,0.579391,0.020815,0.613263,-0.020815,-0.547786,0.030120,-0.030109,0.650052,-0.549001,0.579076,-0.547350,-0.549137,1.181612
3,PCB,2,0.051956,0.029127,0.026430,0.544014,0.026345,0.599064,-0.026227,-0.515192,0.029052,-0.029043,0.615359,-0.516226,0.543563,-0.513497,-0.514290,1.141956
3,PCB,3,0.033888,0.024977,0.024013,0.510096,0.023994,0.577202,-0.023986,-0.479471,0.024967,-0.024952,0.564069,-0.481137,0.509693,-0.481258,-0.478496,1.062506
3,PCB,4,0.033800,0.026582,0.029473,0.497301,0.029447,0.561041,-0.029443,-0.461265,0.026583,-0.026535,0.561934,-0.460880,0.498079,-0.459722,-0.463359,1.048713
3,PCB,5,0.029547,0.025151,0.022973,0.542096,0.022979,0.612158,-0.022970,-0.507665,0.025137,-0.025117,0.593282,-0.510465,0.540553,-0.509363,-0.507299,1.109040
3,PCB,6,0.036712,0.021144,0.020072,0.621115,0.020072,0.697735,-0.020072,-0.593845,0.021131,-0.021110,0.684436,-0.595931,0.621792,-0.595705,-0.594819,1.277235
3,PCB,7,0.047009,0.023914,0.021693,0.665399,0.021693,0.755614,-0.021693,-0.636942,0.023907,-0.023907,0.729803,-0.637787,0.665838,-0.637580,-0.638646,1.349389
3,PCB,8,0.027356,0.021440,0.020755,0.573084,0.020755,0.623618,-0.020755,-0.545424,0.021440,-0.021440,0.627298,-0.543615,0.572782,-0.544299,-0.545088,1.158619
3,PCB,9,0.033337,0.024694,0.028063,0.527644,0.028059,0.602797,-0.028048,-0.490527,0.024656,-0.024630,0.594114,-0.488818,0.528457,-0.491353,-0.492122,1.069833
3,PCB,10,0.041262,0.026190,0.023440,0.626900,0.023432,0.690751,-0.023391,-0.597384,0.026208,-0.026145,0.695513,-0.597523,0.627413,-0.597882,-0.597234,1.273714
3,PCB,11,0.026702,0.021602,0.020740,0.552540,0.020740,0.609917,-0.020740,-0.523778,0.021602,-0.021602,0.612197,-0.523959,0.553835,-0.525185,-0.524853,1.124236
3,PCB,12,0.036944,0.024643,0.022172,0.599235,0.022170,0.658310,-0.022146,-0.573818,0.024657,-0.024593,0.658121,-0.573972,0.600181,-0.573240,-0.574061,1.235476
3,PCB,13,0.030282,0.022821,0.020361,0.588435,0.020353,0.655870,-0.020349,-0.558957,0.022809,-0.022786,0.641183,-0.558692,0.588635,-0.559064,-0.559715,1.197741
4,DMT,0,0.031596,0.023848,0.023822,0.595274,0.023837,0.651623,-0.023822,-0.560779,0.023848,-0.023848,0.633774,-0.560666,0.594833,-0.559277,-0.562134,1.213258
4,DMT,1,0.036110,0.026384,0.027032,0.537464,0.027048,0.602195,-0.026898,-0.504876,0.026383,-0.026306,0.582729,-0.505332,0.537242,-0.504222,-0.505659,1.097679
4,DMT,2,0.030239,0.021429,0.019017,0.571866,0.019010,0.640095,-0.019004,-0.546356,0.021440,-0.021426,0.625037,-0.546691,0.572023,-0.545059,-0.547710,1.168977
4,DMT,3,0.032420,0.025436,0.018769,0.595677,0.018759,0.657636,-0.018759,-0.568001,0.025444,-0.025436,0.637211,-0.566791,0.595233,-0.567022,-0.566634,1.202910
4,DMT,4,0.055611,0.029900,0.038685,0.549422,0.038688,0.607889,-0.038614,-0.514212,0.029893,-0.029893,0.597656,-0.513500,0.547626,-0.511727,-0.513913,1.130340
4,DMT,5,0.021138,0.026912,0.020076,0.443706,0.020082,0.494295,-0.020072,-0.407826,0.026889,-0.026887,0.482338,-0.412976,0.444008,-0.412347,-0.410983,0.914810
4,DMT,6,0.047591,0.047612,0.031730,0.460469,0.031730,0.519164,-0.031543,-0.415039,0.047646,-0.047350,0.497297,-0.420966,0.460646,-0.419480,-0.417327,0.983059
4,DMT,7,0.028311,0.021356,0.021704,0.544719,0.021689,0.599388,-0.021683,-0.517351,0.021374,-0.021356,0.588805,-0.516971,0.544511,-0.516336,-0.517112,1.114985
4,DMT,8,0.025440,0.021926,0.021114,0.500420,0.021098,0.566520,-0.021094,-0.473474,0.021923,-0.021922,0.554757,-0.471668,0.500445,-0.472685,-0.473644,1.026383
4,DMT,9,0.039970,0.026127,0.025140,0.519187,0.025136,0.593909,-0.025120,-0.487280,0.026125,-0.026125,0.563938,-0.489281,0.518760,-0.487391,-0.488323,1.076711
4,DMT,10,0.044300,0.027072,0.024245,0.619881,0.024253,0.672667,-0.024240,-0.589018,0.027072,-0.027067,0.673378,-0.590358,0.619566,-0.589573,-0.590411,1.256950
4,DMT,11,0.032292,0.021359,0.024452,0.558912,0.024468,0.622897,-0.024442,-0.531933,0.021369,-0.021351,0.615962,-0.530533,0.559678,-0.530227,-0.531958,1.141627
4,DMT,12,0.033455,0.024833,0.025762,0.523393,0.025750,0.572683,-0.025741,-0.491034,0.024833,-0.024833,0.582121,-0.488936,0.522501,-0.490251,-0.490912,1.073861
4,DMT,13,0.028170,0.024527,0.024952,0.512984,0.024957,0.600622,-0.024942,-0.476106,0.024487,-0.024476,0.555100,-0.480046,0.512218,-0.476789,-0.480019,1.064268
4,PCB,0,0.030988,0.023454,0.023239,0.568529,0.023248,0.621744,-0.023210,-0.537304,0.023450,-0.023441,0.613676,-0.536681,0.570884,-0.539749,-0.539332,1.162769
4,PCB,1,0.046621,0.029005,0.022200,0.565483,0.022214,0.617339,-0.022188,-0.540169,0.029012,-0.028950,0.618303,-0.538725,0.567111,-0.539371,-0.539670,1.172046
4,PCB,2,0.060145,0.029835,0.024688,0.594065,0.024691,0.699376,-0.024677,-0.567593,0.029840,-0.029815,0.657707,-0.565051,0.592935,-0.563097,-0.566695,1.223556
4,PCB,3,0.055489,0.029667,0.027226,0.539537,0.027210,0.590592,-0.027196,-0.511071,0.029683,-0.029663,0.585704,-0.510655,0.540062,-0.511660,-0.510489,1.125533
4,PCB,4,0.029668,0.027970,0.027428,0.457795,0.027445,0.485411,-0.027411,-0.423925,0.027978,-0.027946,0.503099,-0.421819,0.456807,-0.422164,-0.423327,0.945768
4,PCB,5,0.034749,0.027648,0.027343,0.535684,0.027314,0.558772,-0.027172,-0.503731,0.027688,-0.027630,0.585622,-0.501010,0.536314,-0.504348,-0.503346,1.103679
4,PCB,6,0.042330,0.032252,0.024971,0.504891,0.024958,0.544615,-0.024940,-0.473640,0.032295,-0.031989,0.568433,-0.472871,0.504203,-0.473877,-0.471937,1.061811
4,PCB,7,0.043671,0.025858,0.026719,0.575601,0.026725,0.633855,-0.026719,-0.543660,0.025858,-0.025858,0.627268,-0.547169,0.575871,-0.547063,-0.545443,1.183896
4,PCB,8,0.037774,0.024870,0.024183,0.551570,0.024163,0.634547,-0.024163,-0.519391,0.024858,-0.024839,0.595395,-0.522498,0.551779,-0.521068,-0.522762,1.128125
4,PCB,9,0.039496,0.025134,0.025853,0.511800,0.025827,0.591608,-0.025821,-0.481622,0.025134,-0.025134,0.581638,-0.481253,0.512487,-0.482712,-0.483179,1.060659
4,PCB,10,0.031965,0.023409,0.024723,0.552364,0.024706,0.612807,-0.024687,-0.519433,0.023440,-0.023402,0.632845,-0.520636,0.551030,-0.519673,-0.517830,1.128564
4,PCB,11,0.035965,0.027287,0.022563,0.559284,0.022552,0.614257,-0.022533,-0.528615,0.027285,-0.027251,0.600628,-0.530305,0.558123,-0.528266,-0.527873,1.153876
4,PCB,12,0.024445,0.021887,0.025874,0.489698,0.025883,0.558960,-0.025866,-0.453416,0.021881,-0.021871,0.526395,-0.457798,0.490926,-0.456992,-0.456231,1.012325
4,PCB,13,0.027876,0.020124,0.022649,0.523646,0.022651,0.579224,-0.022648,-0.496066,0.020130,-0.020105,0.565569,-0.498764,0.525055,-0.499148,-0.498213,1.085217
5,DMT,0,0.028335,0.027599,0.024149,0.566798,0.024149,0.615355,-0.024149,-0.529859,0.027600,-0.027581,0.603043,-0.530490,0.566068,-0.529706,-0.529567,1.148176
5,DMT,1,0.055342,0.032400,0.031570,0.568957,0.031603,0.659188,-0.031501,-0.531940,0.032406,-0.032365,0.587955,-0.534372,0.569175,-0.530878,-0.534817,1.164287
5,DMT,2,0.036343,0.028641,0.027110,0.516659,0.027066,0.583343,-0.026983,-0.475690,0.028642,-0.028639,0.566949,-0.479996,0.515453,-0.477612,-0.475805,1.058554
5,DMT,3,0.051123,0.027548,0.027552,0.541561,0.027527,0.654667,-0.027481,-0.508775,0.027540,-0.027492,0.581083,-0.511752,0.542220,-0.510243,-0.512545,1.128953
5,DMT,4,0.065872,0.029659,0.030121,0.624697,0.030110,0.769177,-0.030110,-0.585082,0.029668,-0.029643,0.663338,-0.592005,0.626413,-0.584949,-0.593089,1.265469
5,DMT,5,0.043619,0.032115,0.030376,0.519755,0.030399,0.582247,-0.030370,-0.482840,0.032143,-0.032108,0.565445,-0.484378,0.517323,-0.480922,-0.482515,1.078509
5,DMT,6,0.026057,0.021634,0.021900,0.520451,0.021914,0.599568,-0.021900,-0.491248,0.021634,-0.021634,0.544268,-0.492587,0.521084,-0.491138,-0.494797,1.063010
5,DMT,7,0.031056,0.024373,0.020818,0.567791,0.020823,0.642093,-0.020818,-0.537300,0.024377,-0.024373,0.597168,-0.539164,0.567795,-0.536869,-0.539112,1.145164
5,DMT,8,0.028200,0.025013,0.023843,0.523468,0.023843,0.566734,-0.023843,-0.489899,0.025002,-0.024993,0.573844,-0.491142,0.524319,-0.492850,-0.490610,1.074409
5,DMT,9,0.022922,0.021684,0.021144,0.540992,0.021144,0.598014,-0.021144,-0.510763,0.021688,-0.021680,0.595562,-0.510975,0.540593,-0.510305,-0.510227,1.093405
5,DMT,10,0.042314,0.031445,0.032609,0.553745,0.032650,0.582197,-0.032589,-0.517559,0.031444,-0.031425,0.588862,-0.520004,0.554914,-0.520777,-0.518389,1.151525
5,DMT,11,0.024972,0.022694,0.025768,0.513641,0.025738,0.563167,-0.025735,-0.474516,0.022701,-0.022692,0.562754,-0.479513,0.513432,-0.477097,-0.477369,1.032180
5,DMT,12,0.034637,0.027489,0.024730,0.521735,0.024734,0.562057,-0.024713,-0.491975,0.027512,-0.027484,0.567492,-0.491852,0.521661,-0.491573,-0.491777,1.087596
5,DMT,13,0.034593,0.027617,0.024343,0.557223,0.024344,0.611340,-0.024343,-0.524362,0.027616,-0.027608,0.606764,-0.524815,0.557671,-0.523787,-0.524123,1.143450
5,PCB,0,0.023363,0.021252,0.021866,0.526140,0.021896,0.560028,-0.021829,-0.496762,0.021252,-0.021252,0.578997,-0.494827,0.526441,-0.495756,-0.495366,1.071238
5,PCB,1,0.030492,0.020939,0.023418,0.516396,0.023429,0.583704,-0.023400,-0.486313,0.020947,-0.020937,0.577750,-0.488681,0.516584,-0.488673,-0.487910,1.064331
5,PCB,2,0.024202,0.018589,0.020114,0.581906,0.020114,0.652536,-0.020114,-0.553172,0.018585,-0.018584,0.623592,-0.554534,0.581725,-0.552834,-0.554122,1.172487
5,PCB,3,0.041318,0.022570,0.023081,0.564715,0.023096,0.651713,-0.023075,-0.536543,0.022576,-0.022551,0.615660,-0.538103,0.564900,-0.536784,-0.539328,1.154587
5,PCB,4,0.032293,0.024880,0.021110,0.613897,0.021110,0.661118,-0.021110,-0.583280,0.024899,-0.024861,0.676842,-0.582395,0.613865,-0.582073,-0.583082,1.243125
5,PCB,5,0.052977,0.032624,0.022335,0.577655,0.022335,0.627738,-0.022335,-0.551544,0.032624,-0.032624,0.650377,-0.546519,0.580736,-0.551605,-0.550870,1.178724
5,PCB,6,0.045731,0.035905,0.029790,0.475198,0.029780,0.509953,-0.029754,-0.442485,0.035917,-0.035881,0.506701,-0.443663,0.474844,-0.442720,-0.441447,1.010310
5,PCB,7,0.029039,0.026652,0.022298,0.571886,0.022324,0.639368,-0.022293,-0.537896,0.026645,-0.026645,0.603433,-0.539360,0.572270,-0.537511,-0.540984,1.155297
5,PCB,8,0.035800,0.024793,0.026435,0.548312,0.026458,0.603567,-0.026408,-0.513473,0.024795,-0.024793,0.616858,-0.515163,0.548048,-0.516049,-0.511489,1.110576
5,PCB,9,0.035557,0.021702,0.024889,0.524910,0.024876,0.589981,-0.024853,-0.498389,0.021690,-0.021690,0.618243,-0.497750,0.525276,-0.498302,-0.497631,1.083303
5,PCB,10,0.026307,0.020056,0.021202,0.570663,0.021200,0.652174,-0.021200,-0.539270,0.020054,-0.020054,0.616396,-0.542118,0.571923,-0.540946,-0.542886,1.152018
5,PCB,11,0.030053,0.020373,0.021066,0.565725,0.021066,0.648350,-0.021066,-0.537400,0.020375,-0.020355,0.623168,-0.538734,0.566100,-0.538659,-0.539030,1.141949
5,PCB,12,0.026314,0.022025,0.022394,0.539602,0.022394,0.585170,-0.022394,-0.511201,0.022036,-0.022024,0.574348,-0.510631,0.539705,-0.510771,-0.510732,1.104309
5,PCB,13,0.033230,0.024369,0.023041,0.555323,0.023033,0.619991,-0.023033,-0.525817,0.024353,-0.024341,0.610549,-0.524682,0.557248,-0.525428,-0.528217,1.123635
6,DMT,0,0.045870,0.023333,0.025992,0.592539,0.026000,0.658400,-0.025964,-0.567156,0.023377,-0.023259,0.638447,-0.567080,0.594067,-0.567786,-0.567126,1.225898
6,DMT,1,0.061823,0.025447,0.024887,0.591232,0.024880,0.684436,-0.024839,-0.564585,0.025422,-0.025394,0.654217,-0.564725,0.589110,-0.561482,-0.563571,1.220078
6,DMT,2,0.101073,0.036662,0.035861,0.553218,0.035884,0.663389,-0.035689,-0.521538,0.036458,-0.036160,0.620982,-0.522906,0.555655,-0.521538,-0.524406,1.166352
6,DMT,3,0.063980,0.034384,0.023646,0.540295,0.023642,0.640792,-0.023627,-0.511369,0.034411,-0.034378,0.572951,-0.512896,0.542106,-0.511855,-0.514730,1.123673
6,DMT,4,0.073476,0.041310,0.028803,0.531488,0.028793,0.623327,-0.028757,-0.499112,0.041228,-0.041103,0.590169,-0.501836,0.529509,-0.498616,-0.502259,1.132145
6,DMT,5,0.034951,0.022331,0.029194,0.530219,0.029223,0.605924,-0.029140,-0.498482,0.022343,-0.022329,0.563985,-0.501959,0.531490,-0.500013,-0.501050,1.082466
6,DMT,6,0.033857,0.026150,0.023094,0.540607,0.023102,0.609720,-0.023094,-0.511795,0.026149,-0.026140,0.599799,-0.508124,0.538794,-0.509951,-0.509866,1.101962
6,DMT,7,0.052807,0.030946,0.033806,0.486122,0.033806,0.529141,-0.033780,-0.451996,0.030963,-0.030932,0.535021,-0.453454,0.486272,-0.451823,-0.452578,1.027459
6,DMT,8,0.070034,0.041138,0.026044,0.484285,0.026061,0.521296,-0.025980,-0.459991,0.041111,-0.041060,0.524474,-0.460115,0.484806,-0.460419,-0.460185,1.078558
6,DMT,9,0.044551,0.029050,0.026669,0.501155,0.026634,0.545578,-0.026605,-0.468260,0.028991,-0.028964,0.550130,-0.470846,0.501017,-0.471277,-0.470963,1.059571
6,DMT,10,0.042937,0.027118,0.031842,0.523087,0.031842,0.583483,-0.031822,-0.492212,0.027123,-0.027118,0.544644,-0.493321,0.524196,-0.491601,-0.494938,1.089226
6,DMT,11,0.100452,0.043490,0.049279,0.425459,0.049272,0.507042,-0.049062,-0.391270,0.043413,-0.043292,0.453750,-0.395343,0.423392,-0.391780,-0.391763,0.944377
6,DMT,12,0.028833,0.025742,0.026253,0.463587,0.026277,0.510380,-0.026200,-0.428998,0.025772,-0.025731,0.496799,-0.433090,0.462787,-0.431684,-0.429834,0.976029
6,DMT,13,0.044697,0.033717,0.024489,0.487095,0.024520,0.545318,-0.024462,-0.459143,0.033695,-0.033588,0.532629,-0.456374,0.487059,-0.454697,-0.460693,1.040747
6,PCB,0,0.042334,0.030141,0.031909,0.485612,0.031861,0.525272,-0.031588,-0.452491,0.030108,-0.029730,0.509966,-0.453215,0.486326,-0.452797,-0.454457,1.033336
6,PCB,1,0.050970,0.026751,0.031079,0.555400,0.031110,0.604467,-0.031059,-0.526976,0.026774,-0.026727,0.611439,-0.523417,0.556332,-0.526385,-0.526887,1.160039
6,PCB,2,0.054665,0.029741,0.032298,0.602696,0.032283,0.628689,-0.032242,-0.567334,0.029750,-0.029712,0.642984,-0.567768,0.602196,-0.568081,-0.566753,1.242466
6,PCB,3,0.043670,0.024495,0.030451,0.469158,0.030498,0.508968,-0.030413,-0.443119,0.024522,-0.024430,0.522594,-0.442614,0.469934,-0.442949,-0.442015,1.004993
6,PCB,4,0.041322,0.032029,0.036126,0.486508,0.036139,0.516988,-0.036013,-0.448721,0.032029,-0.031966,0.510310,-0.449446,0.486499,-0.448235,-0.448058,1.023030
6,PCB,5,0.034996,0.031353,0.027663,0.474506,0.027633,0.493402,-0.027578,-0.438359,0.031350,-0.031252,0.525299,-0.437750,0.474567,-0.440607,-0.438778,0.994605
6,PCB,6,0.040887,0.028113,0.029447,0.522567,0.029439,0.555242,-0.029404,-0.490490,0.028150,-0.028106,0.577596,-0.489889,0.522484,-0.490844,-0.489776,1.089337
6,PCB,7,0.041664,0.035062,0.036578,0.513399,0.036517,0.542742,-0.036383,-0.465335,0.035062,-0.034970,0.563349,-0.465062,0.513743,-0.466161,-0.466501,1.068825
6,PCB,8,0.034482,0.039303,0.026101,0.442771,0.026065,0.459634,-0.025996,-0.404115,0.039412,-0.039161,0.483134,-0.406607,0.441614,-0.406103,-0.402047,0.937602
6,PCB,9,0.064205,0.025333,0.032757,0.579372,0.032792,0.665458,-0.032711,-0.550557,0.025382,-0.025285,0.637774,-0.552604,0.579213,-0.551589,-0.549893,1.222503
6,PCB,10,0.040179,0.026620,0.026903,0.534238,0.026884,0.591428,-0.026832,-0.502211,0.026605,-0.026593,0.572671,-0.502901,0.533231,-0.501597,-0.502133,1.104962
6,PCB,11,0.026697,0.026122,0.027837,0.512360,0.027806,0.541629,-0.027771,-0.474595,0.026106,-0.026077,0.549084,-0.473752,0.512692,-0.475740,-0.474721,1.038300
6,PCB,12,0.033711,0.031615,0.028105,0.494799,0.028124,0.536327,-0.028087,-0.456884,0.031607,-0.031524,0.532801,-0.459413,0.493714,-0.459697,-0.456872,1.047002
6,PCB,13,0.044221,0.038882,0.031171,0.477523,0.031110,0.509556,-0.031033,-0.440857,0.038828,-0.038632,0.509811,-0.436772,0.480016,-0.440377,-0.443222,1.009554
7,DMT,0,0.027501,0.028018,0.022973,0.550882,0.022948,0.582048,-0.022882,-0.517611,0.028028,-0.028002,0.586532,-0.515744,0.551361,-0.517462,-0.517144,1.133218
7,DMT,1,0.038586,0.026759,0.025826,0.541785,0.025807,0.596922,-0.025805,-0.510499,0.026743,-0.026682,0.584303,-0.509420,0.541235,-0.508033,-0.510731,1.136882
7,DMT,2,0.056860,0.025264,0.027008,0.583126,0.026833,0.668914,-0.026761,-0.554500,0.025166,-0.025034,0.627011,-0.554744,0.582046,-0.553319,-0.555696,1.204425
7,DMT,3,0.067430,0.033517,0.031906,0.667420,0.031982,0.721194,-0.031606,-0.628859,0.033651,-0.033377,0.708463,-0.629675,0.667819,-0.628545,-0.630041,1.357792
7,DMT,4,0.060116,0.037463,0.030901,0.511927,0.030934,0.583538,-0.030809,-0.481958,0.037512,-0.037420,0.545938,-0.479354,0.512481,-0.479134,-0.481482,1.069282
7,DMT,5,0.035981,0.024301,0.025554,0.542943,0.025540,0.583466,-0.025540,-0.514340,0.024288,-0.024273,0.584039,-0.516039,0.543502,-0.515774,-0.516134,1.117784
7,DMT,6,0.024149,0.022605,0.019323,0.506788,0.019327,0.590134,-0.019319,-0.476814,0.022588,-0.022588,0.528778,-0.480292,0.505635,-0.476207,-0.480018,1.040955
7,DMT,7,0.027469,0.039485,0.030560,0.411650,0.030436,0.425345,-0.030229,-0.364204,0.039414,-0.039286,0.414085,-0.368628,0.412299,-0.369844,-0.363780,0.886292
7,DMT,8,0.066834,0.044904,0.040333,0.430127,0.040378,0.475260,-0.040076,-0.394068,0.044858,-0.044383,0.445605,-0.396739,0.430258,-0.394843,-0.397028,0.954826
7,DMT,9,0.027901,0.035296,0.023856,0.439163,0.023822,0.464893,-0.023746,-0.401128,0.035354,-0.035232,0.488118,-0.398334,0.439869,-0.399442,-0.399856,0.914964
7,DMT,10,0.028404,0.019530,0.023196,0.463254,0.023239,0.523368,-0.023188,-0.436766,0.019541,-0.019517,0.521577,-0.436662,0.464930,-0.438370,-0.439311,0.987770
7,DMT,11,0.037816,0.022758,0.022866,0.531498,0.022834,0.585634,-0.022775,-0.507535,0.022764,-0.022691,0.577515,-0.509048,0.531333,-0.508792,-0.508749,1.102790
7,DMT,12,0.032838,0.024787,0.021563,0.518235,0.021516,0.599639,-0.021508,-0.490564,0.024747,-0.024682,0.570701,-0.492238,0.517498,-0.491681,-0.493085,1.087168
7,DMT,13,0.034135,0.027878,0.024660,0.529474,0.024660,0.605638,-0.024615,-0.496876,0.027872,-0.027815,0.557735,-0.498854,0.528531,-0.495761,-0.499973,1.085357
7,PCB,0,0.033145,0.030506,0.028384,0.476278,0.028305,0.511612,-0.028252,-0.436648,0.030544,-0.030470,0.577348,-0.433679,0.475471,-0.438715,-0.433413,1.007354
7,PCB,1,0.049752,0.026986,0.032385,0.533913,0.032394,0.573644,-0.032313,-0.501724,0.027017,-0.026968,0.593486,-0.500146,0.533910,-0.502384,-0.501790,1.114155
7,PCB,2,0.030286,0.024580,0.027273,0.522763,0.027244,0.571848,-0.027200,-0.485874,0.024544,-0.024484,0.560711,-0.488965,0.523061,-0.486393,-0.485942,1.066599
7,PCB,3,0.071531,0.026836,0.042762,0.583170,0.042734,0.666949,-0.042492,-0.548741,0.026810,-0.026764,0.622817,-0.549992,0.582720,-0.547507,-0.549934,1.228056
7,PCB,4,0.028586,0.025295,0.023476,0.505070,0.023494,0.553940,-0.023342,-0.476413,0.025376,-0.025182,0.553931,-0.475055,0.505547,-0.475092,-0.474669,1.051108
7,PCB,5,0.053129,0.039572,0.035224,0.544763,0.035242,0.574857,-0.034160,-0.503658,0.039462,-0.038517,0.588992,-0.496429,0.547439,-0.503911,-0.504653,1.146264
7,PCB,6,0.068482,0.043089,0.045025,0.447614,0.044717,0.533533,-0.043893,-0.402039,0.042859,-0.042414,0.468938,-0.404717,0.443945,-0.398797,-0.405746,0.998042
7,PCB,7,0.053340,0.028166,0.031962,0.588975,0.031832,0.634948,-0.031815,-0.556256,0.028124,-0.028086,0.641856,-0.554837,0.587043,-0.554606,-0.553359,1.209298
7,PCB,8,0.040634,0.022287,0.024183,0.677020,0.024163,0.725452,-0.024132,-0.643488,0.022256,-0.022243,0.722044,-0.644004,0.676314,-0.642412,-0.644021,1.362512
7,PCB,9,0.078589,0.023898,0.036039,0.623190,0.036032,0.691356,-0.036005,-0.594952,0.023888,-0.023877,0.714513,-0.596395,0.622674,-0.596265,-0.594163,1.318875
7,PCB,10,0.058624,0.026936,0.032530,0.523794,0.032504,0.609255,-0.032434,-0.494723,0.026938,-0.026919,0.583702,-0.493763,0.522379,-0.489970,-0.493212,1.139932
7,PCB,11,0.047840,0.023765,0.025695,0.631777,0.025721,0.734832,-0.025665,-0.602046,0.023772,-0.023729,0.667600,-0.605687,0.631844,-0.601749,-0.605818,1.300885
7,PCB,12,0.047601,0.024726,0.026674,0.650147,0.026664,0.720268,-0.026654,-0.618501,0.024737,-0.024722,0.707596,-0.619102,0.650129,-0.618157,-0.619222,1.321553
7,PCB,13,0.058469,0.032304,0.032196,0.597558,0.032197,0.683458,-0.032154,-0.559830,0.032303,-0.032223,0.630849,-0.564866,0.598414,-0.560898,-0.562390,1.243994
8,DMT,0,0.073781,0.046303,0.032146,0.496120,0.032110,0.539161,-0.032008,-0.462922,0.046231,-0.046129,0.519776,-0.464815,0.496514,-0.461362,-0.465692,1.087022
8,DMT,1,0.066681,0.035155,0.030710,0.560842,0.030742,0.620011,-0.030619,-0.527457,0.035193,-0.035090,0.605995,-0.532090,0.561101,-0.529080,-0.527787,1.201191
8,DMT,2,0.065650,0.046304,0.039585,0.477938,0.039524,0.494946,-0.039318,-0.438264,0.046124,-0.045927,0.511732,-0.438992,0.477165,-0.437990,-0.436356,1.095562
8,DMT,3,0.055234,0.022360,0.032054,0.549573,0.032044,0.627720,-0.032028,-0.521010,0.022372,-0.022350,0.610364,-0.525794,0.554312,-0.529561,-0.526817,1.157763
8,DMT,4,0.090866,0.042000,0.047332,0.435617,0.047531,0.466360,-0.047127,-0.405009,0.042345,-0.041581,0.455458,-0.404970,0.434563,-0.403533,-0.401995,1.007739
8,DMT,5,0.132484,0.066290,0.051464,0.367056,0.051316,0.378950,-0.050997,-0.335646,0.066292,-0.065727,0.429516,-0.332489,0.365739,-0.336801,-0.329377,0.928644
8,DMT,6,0.069247,0.033623,0.034273,0.462204,0.034270,0.498782,-0.034198,-0.436062,0.033618,-0.033559,0.520766,-0.436162,0.460816,-0.437307,-0.435597,1.030641
8,DMT,7,0.079856,0.046735,0.046684,0.446215,0.046682,0.467189,-0.046450,-0.406999,0.046852,-0.046466,0.476302,-0.408813,0.446254,-0.410698,-0.409147,1.010646
8,DMT,8,0.081482,0.040091,0.046595,0.459358,0.046517,0.491983,-0.046317,-0.428067,0.040132,-0.039856,0.525047,-0.425666,0.456686,-0.425182,-0.426086,1.020043
8,DMT,9,0.113248,0.057826,0.037640,0.479468,0.037633,0.508216,-0.037518,-0.453582,0.057817,-0.057635,0.530376,-0.448378,0.485722,-0.452947,-0.453815,1.067342
8,DMT,10,0.145078,0.081382,0.051437,0.375626,0.051577,0.392098,-0.050617,-0.339004,0.081917,-0.080580,0.404304,-0.336760,0.377352,-0.337237,-0.332404,0.972642
8,DMT,11,0.073914,0.062757,0.042132,0.346932,0.042085,0.371748,-0.041925,-0.304128,0.062803,-0.062152,0.371449,-0.307908,0.347879,-0.312100,-0.309593,0.861084
8,DMT,12,0.105424,0.104466,0.040256,0.229023,0.040237,0.231920,-0.039069,-0.180389,0.104606,-0.100287,0.235000,-0.184695,0.230000,-0.183311,-0.172438,0.738224
8,DMT,13,0.114668,0.052145,0.048473,0.447087,0.048445,0.501362,-0.048269,-0.412704,0.052163,-0.051935,0.468623,-0.414033,0.444647,-0.413912,-0.414431,1.025556
8,PCB,0,0.034301,0.025232,0.024519,0.516725,0.024533,0.566652,-0.024485,-0.488468,0.025202,-0.025162,0.567504,-0.487958,0.516466,-0.487252,-0.487410,1.107691
8,PCB,1,0.040355,0.026049,0.024734,0.523289,0.024730,0.575732,-0.024704,-0.499272,0.026053,-0.026049,0.555480,-0.499532,0.523714,-0.498466,-0.499697,1.112749
8,PCB,2,0.035472,0.028532,0.028448,0.480658,0.028441,0.509089,-0.028343,-0.448994,0.028530,-0.028489,0.531321,-0.448766,0.480089,-0.449570,-0.448360,1.038612
8,PCB,3,0.052568,0.036649,0.041761,0.484606,0.041755,0.517094,-0.041694,-0.443908,0.036674,-0.036566,0.507276,-0.436974,0.484519,-0.432683,-0.442755,1.069252
8,PCB,4,0.159508,0.064158,0.045046,0.469748,0.045030,0.517497,-0.044941,-0.437642,0.064171,-0.064055,0.496559,-0.438334,0.464840,-0.435466,-0.437471,1.074087
8,PCB,5,0.032520,0.033651,0.026210,0.399575,0.026178,0.430913,-0.026132,-0.360229,0.033658,-0.033481,0.440134,-0.366009,0.400285,-0.368858,-0.362237,0.929853
8,PCB,6,0.048999,0.026542,0.029264,0.569093,0.029264,0.625542,-0.029264,-0.539728,0.026537,-0.026520,0.605276,-0.540892,0.568731,-0.540757,-0.540353,1.164566
8,PCB,7,0.054871,0.036567,0.025584,0.535944,0.025577,0.603032,-0.025553,-0.507728,0.036557,-0.036509,0.571830,-0.508453,0.537393,-0.508444,-0.508039,1.138483
8,PCB,8,0.109005,0.037060,0.045750,0.519502,0.045780,0.575196,-0.045598,-0.487059,0.037089,-0.037008,0.582881,-0.489020,0.519712,-0.487097,-0.488082,1.145098
8,PCB,9,0.072232,0.026366,0.037383,0.558169,0.037393,0.603761,-0.037224,-0.531150,0.026330,-0.026325,0.636519,-0.529779,0.556758,-0.530428,-0.528887,1.208532
8,PCB,10,0.041231,0.029441,0.037667,0.473083,0.037682,0.495896,-0.037578,-0.438097,0.029416,-0.029348,0.523001,-0.438239,0.471713,-0.439038,-0.434977,1.013217
8,PCB,11,0.031243,0.024998,0.034134,0.515644,0.034175,0.562707,-0.034064,-0.473738,0.025035,-0.024948,0.522826,-0.479480,0.515882,-0.475774,-0.477480,1.052065
8,PCB,12,0.047661,0.027676,0.031428,0.571324,0.031403,0.641044,-0.031331,-0.535480,0.027679,-0.027650,0.614926,-0.535221,0.570862,-0.531820,-0.536018,1.180430
8,PCB,13,0.044080,0.026213,0.029472,0.611357,0.029464,0.677570,-0.029459,-0.575654,0.026198,-0.026183,0.643551,-0.578931,0.612121,-0.578167,-0.577010,1.254998
9,DMT,0,0.050436,0.034610,0.037200,0.494678,0.037289,0.559406,-0.036992,-0.457112,0.034612,-0.034422,0.506953,-0.459860,0.493626,-0.453877,-0.459803,1.050556
9,DMT,1,0.043677,0.028886,0.025292,0.527406,0.025260,0.626350,-0.025217,-0.496642,0.028787,-0.028720,0.546336,-0.496990,0.522797,-0.487452,-0.497033,1.109825
9,DMT,2,0.045610,0.031037,0.031646,0.511949,0.031685,0.577907,-0.031577,-0.479261,0.031055,-0.031028,0.534099,-0.477763,0.509902,-0.475873,-0.477173,1.066123
9,DMT,3,0.043134,0.028474,0.029848,0.554774,0.029851,0.633204,-0.029740,-0.521976,0.028435,-0.028402,0.582764,-0.524183,0.555232,-0.520495,-0.524761,1.170591
9,DMT,4,0.070090,0.039888,0.049762,0.511447,0.049775,0.537859,-0.049623,-0.471715,0.039886,-0.039555,0.524515,-0.476423,0.512113,-0.475067,-0.473730,1.103587
9,DMT,5,0.038275,0.032540,0.025173,0.472914,0.025197,0.555401,-0.025136,-0.442799,0.032534,-0.032445,0.510503,-0.445387,0.472238,-0.441889,-0.443901,0.993842
9,DMT,6,0.029241,0.038422,0.031979,0.463309,0.031900,0.469082,-0.031777,-0.411102,0.038377,-0.038189,0.479128,-0.415269,0.462959,-0.416218,-0.411490,0.955508
9,DMT,7,0.035589,0.036214,0.031049,0.425441,0.031089,0.479128,-0.030958,-0.376160,0.036225,-0.035987,0.430737,-0.386239,0.426127,-0.384933,-0.380007,0.893319
9,DMT,8,0.042339,0.029444,0.033922,0.459460,0.033892,0.508149,-0.033677,-0.427214,0.029349,-0.029237,0.507084,-0.427898,0.459185,-0.429033,-0.425746,0.981353
9,DMT,9,0.038134,0.032245,0.028197,0.474711,0.028244,0.532196,-0.028179,-0.437515,0.032240,-0.032176,0.493287,-0.441779,0.473409,-0.438382,-0.439717,1.020382
9,DMT,10,0.045417,0.038297,0.030956,0.363598,0.030891,0.379177,-0.030287,-0.333519,0.038344,-0.038091,0.428084,-0.332476,0.363849,-0.335940,-0.330150,0.887069
9,DMT,11,0.053380,0.031377,0.027419,0.505620,0.027470,0.558114,-0.027304,-0.478446,0.031340,-0.031307,0.553101,-0.478058,0.506529,-0.478792,-0.479879,1.096606
9,DMT,12,0.048310,0.040044,0.042480,0.496098,0.042497,0.528399,-0.042360,-0.450559,0.040006,-0.039903,0.499915,-0.450558,0.495299,-0.447327,-0.452382,1.090049
9,DMT,13,0.081902,0.040118,0.036698,0.523176,0.036705,0.566994,-0.036626,-0.492555,0.040121,-0.039982,0.554764,-0.491854,0.523812,-0.490306,-0.495030,1.178527
9,PCB,0,0.044780,0.044157,0.028122,0.388647,0.028051,0.406863,-0.027935,-0.355966,0.044268,-0.043985,0.442889,-0.355849,0.389303,-0.358477,-0.352250,0.901361
9,PCB,1,0.040818,0.031010,0.025789,0.431391,0.025778,0.488022,-0.025593,-0.399639,0.031094,-0.030736,0.486005,-0.400966,0.431020,-0.400769,-0.398054,0.949988
9,PCB,2,0.057665,0.038724,0.033250,0.514023,0.033254,0.537430,-0.033174,-0.474316,0.038643,-0.038555,0.598712,-0.469400,0.512213,-0.473698,-0.470889,1.080843
9,PCB,3,0.038888,0.028301,0.025432,0.470373,0.025448,0.501328,-0.025390,-0.443851,0.028305,-0.028264,0.520134,-0.443558,0.468692,-0.441491,-0.439809,1.009916
9,PCB,4,0.041970,0.041692,0.032255,0.439562,0.032312,0.487964,-0.032040,-0.397473,0.041631,-0.041344,0.470968,-0.398583,0.437059,-0.394898,-0.391801,0.951510
9,PCB,5,0.042629,0.029248,0.025114,0.504324,0.025124,0.567396,-0.025075,-0.472472,0.029189,-0.029007,0.557931,-0.473235,0.506252,-0.477148,-0.474293,1.089328
9,PCB,6,0.046594,0.032566,0.030598,0.439363,0.030568,0.490749,-0.030539,-0.407650,0.032576,-0.032491,0.498765,-0.410880,0.439594,-0.414201,-0.412182,0.988542
9,PCB,7,0.067029,0.037853,0.036313,0.469655,0.036407,0.506408,-0.036217,-0.442416,0.037897,-0.037800,0.494355,-0.443237,0.469955,-0.442167,-0.442583,1.045654
9,PCB,8,0.044685,0.031931,0.029728,0.531179,0.029749,0.587423,-0.029673,-0.500898,0.031947,-0.031880,0.553608,-0.501563,0.531277,-0.498801,-0.501334,1.115919
9,PCB,9,0.037466,0.020907,0.025780,0.455743,0.025757,0.522069,-0.025746,-0.432791,0.020889,-0.020864,0.508907,-0.428995,0.456101,-0.429826,-0.434069,0.992359
9,PCB,10,0.045993,0.031479,0.029057,0.554511,0.029048,0.607612,-0.029005,-0.522905,0.031497,-0.031428,0.594492,-0.522203,0.554768,-0.519877,-0.522436,1.156259
9,PCB,11,0.038811,0.021892,0.027486,0.534913,0.027502,0.601371,-0.027452,-0.504407,0.021868,-0.021868,0.601248,-0.506814,0.535909,-0.507866,-0.506760,1.139332
9,PCB,12,0.035385,0.026097,0.028415,0.491115,0.028454,0.571067,-0.028376,-0.458285,0.026059,-0.025935,0.535156,-0.458199,0.489991,-0.454669,-0.457406,1.052560
9,PCB,13,0.058213,0.030658,0.026377,0.590244,0.026354,0.650070,-0.026316,-0.561211,0.030683,-0.030604,0.637725,-0.562520,0.589732,-0.561571,-0.562536,1.263464
10,DMT,0,0.029348,0.025562,0.023402,0.522522,0.023429,0.615649,-0.023375,-0.488292,0.025580,-0.025552,0.540387,-0.493837,0.522405,-0.489770,-0.492375,1.075056
10,DMT,1,0.027927,0.023226,0.024238,0.541014,0.024234,0.596485,-0.024234,-0.508625,0.023226,-0.023193,0.577291,-0.510625,0.541896,-0.510323,-0.510680,1.099250
10,DMT,2,0.023992,0.022810,0.023840,0.509845,0.023834,0.543873,-0.023834,-0.480066,0.022825,-0.022798,0.536509,-0.480215,0.509636,-0.480189,-0.479012,1.043804
10,DMT,3,0.030075,0.023360,0.022216,0.448178,0.022256,0.513642,-0.022209,-0.419608,0.023402,-0.023344,0.536002,-0.419666,0.449238,-0.419756,-0.420000,0.934432
10,DMT,4,0.031405,0.033709,0.028317,0.450891,0.028306,0.499458,-0.028154,-0.413846,0.033707,-0.033617,0.506652,-0.408643,0.448552,-0.406306,-0.410212,0.923296
10,DMT,5,0.031855,0.020393,0.023403,0.539393,0.023403,0.599474,-0.023403,-0.513842,0.020406,-0.020390,0.592965,-0.515204,0.538907,-0.514662,-0.513430,1.105853
10,DMT,6,0.019576,0.022915,0.021674,0.494330,0.021625,0.555980,-0.021603,-0.459886,0.022915,-0.022915,0.514143,-0.463175,0.495003,-0.462563,-0.464593,1.011832
10,DMT,7,0.034726,0.024013,0.025004,0.577104,0.024991,0.657822,-0.024991,-0.543343,0.024019,-0.024013,0.612445,-0.545092,0.577914,-0.543900,-0.546526,1.164863
10,DMT,8,0.039809,0.027995,0.024783,0.475887,0.024741,0.546130,-0.024695,-0.443603,0.027978,-0.027972,0.536900,-0.445600,0.475115,-0.443502,-0.443263,0.986019
10,DMT,9,0.027780,0.022790,0.022410,0.481318,0.022375,0.553064,-0.022368,-0.452233,0.022772,-0.022753,0.524649,-0.453818,0.481355,-0.450519,-0.452259,0.993993
10,DMT,10,0.034455,0.024015,0.024332,0.489033,0.024334,0.560304,-0.024328,-0.460775,0.023992,-0.023973,0.546420,-0.462044,0.487647,-0.459323,-0.460919,1.040557
10,DMT,11,0.034192,0.024542,0.023681,0.566112,0.023681,0.640772,-0.023681,-0.535762,0.024542,-0.024542,0.605904,-0.537235,0.566382,-0.535592,-0.537432,1.152099
10,DMT,12,0.049229,0.029129,0.028927,0.549408,0.028922,0.630480,-0.028867,-0.513028,0.029111,-0.029045,0.587513,-0.515783,0.549516,-0.513473,-0.515617,1.132461
10,DMT,13,0.041310,0.028335,0.028193,0.578146,0.028139,0.652273,-0.028117,-0.543199,0.028317,-0.028300,0.595662,-0.545484,0.576522,-0.541270,-0.545461,1.183893
10,PCB,0,0.035058,0.033348,0.025031,0.434905,0.025000,0.513417,-0.024949,-0.400960,0.033350,-0.033325,0.472771,-0.401532,0.432323,-0.397801,-0.402758,0.916139
10,PCB,1,0.026648,0.025573,0.025986,0.490781,0.025981,0.538825,-0.025935,-0.457249,0.025590,-0.025539,0.533876,-0.454838,0.491449,-0.454269,-0.456977,1.013505
10,PCB,2,0.026615,0.024284,0.020579,0.529409,0.020597,0.595965,-0.020515,-0.495880,0.024309,-0.024171,0.573660,-0.500016,0.528368,-0.496573,-0.499496,1.076101
10,PCB,3,0.039315,0.024416,0.026444,0.547890,0.026443,0.628500,-0.026413,-0.513251,0.024410,-0.024409,0.595959,-0.518559,0.550221,-0.518289,-0.518769,1.128042
10,PCB,4,0.047920,0.030181,0.037412,0.491084,0.037462,0.532196,-0.036958,-0.459271,0.030238,-0.030081,0.516111,-0.458766,0.491800,-0.456692,-0.460777,1.044069
10,PCB,5,0.056708,0.033097,0.040682,0.535269,0.040730,0.582954,-0.040485,-0.495801,0.033116,-0.033021,0.559410,-0.499385,0.534772,-0.497624,-0.497752,1.102582
10,PCB,6,0.041221,0.023534,0.020672,0.588226,0.020672,0.683087,-0.020672,-0.562877,0.023531,-0.023531,0.633432,-0.565079,0.588779,-0.563585,-0.565062,1.202113
10,PCB,7,0.027673,0.025098,0.024344,0.507370,0.024364,0.562959,-0.024314,-0.473414,0.025105,-0.025091,0.543664,-0.473977,0.509008,-0.474480,-0.476949,1.041331
10,PCB,8,0.046447,0.024764,0.023785,0.555235,0.023782,0.673549,-0.023782,-0.526975,0.024768,-0.024709,0.611733,-0.528748,0.555732,-0.525694,-0.529174,1.139761
10,PCB,9,0.035097,0.025349,0.027341,0.570310,0.027333,0.630348,-0.027284,-0.536994,0.025342,-0.025334,0.591744,-0.538203,0.569362,-0.534838,-0.537429,1.164622
10,PCB,10,0.047193,0.032267,0.035351,0.589005,0.035306,0.666518,-0.035158,-0.538767,0.032249,-0.032088,0.609526,-0.544850,0.588240,-0.542107,-0.540461,1.187109
10,PCB,11,0.046029,0.031751,0.030935,0.597822,0.030959,0.684014,-0.030908,-0.550226,0.031773,-0.031727,0.619473,-0.557216,0.594338,-0.547556,-0.553471,1.197966
10,PCB,12,0.036674,0.025549,0.026916,0.571647,0.026919,0.647544,-0.026906,-0.535116,0.025537,-0.025514,0.606480,-0.539584,0.571740,-0.537744,-0.538125,1.160530
10,PCB,13,0.031655,0.024192,0.026358,0.561835,0.026378,0.629271,-0.026339,-0.526012,0.024190,-0.024176,0.580394,-0.529657,0.562252,-0.528092,-0.529788,1.147880
11,DMT,0,0.040102,0.025429,0.025164,0.559956,0.025190,0.639299,-0.025143,-0.530091,0.025413,-0.025334,0.602621,-0.531734,0.560925,-0.530609,-0.533028,1.152377
11,DMT,1,0.071327,0.029573,0.050144,0.517924,0.050106,0.557991,-0.049949,-0.478899,0.029588,-0.029573,0.559387,-0.475207,0.517873,-0.479631,-0.480013,1.114545
11,DMT,2,0.069357,0.028842,0.041639,0.465538,0.041703,0.540133,-0.041390,-0.437908,0.028806,-0.028680,0.500589,-0.437209,0.465418,-0.433564,-0.437954,1.058414
11,DMT,3,0.055333,0.032793,0.032479,0.468987,0.032504,0.545399,-0.032178,-0.440540,0.032831,-0.032656,0.515742,-0.437717,0.466883,-0.433143,-0.436974,1.035500
11,DMT,4,0.305543,0.072223,0.089331,0.388359,0.089717,0.474363,-0.088886,-0.346382,0.072534,-0.071844,0.424513,-0.352193,0.404069,-0.355654,-0.356588,0.964559
11,DMT,5,0.101000,0.066150,0.036856,0.439367,0.036895,0.459351,-0.036805,-0.409566,0.066202,-0.065970,0.481136,-0.403552,0.439826,-0.402816,-0.407823,0.988545
11,DMT,6,0.110054,0.092565,0.049498,0.250621,0.049383,0.252918,-0.048051,-0.200336,0.092867,-0.089203,0.254682,-0.209429,0.251608,-0.210941,-0.204068,0.781273
11,DMT,7,0.077710,0.054965,0.043597,0.356607,0.043600,0.390743,-0.043205,-0.324318,0.055161,-0.054710,0.417920,-0.322456,0.359467,-0.323118,-0.318462,0.863500
11,DMT,8,0.070851,0.042008,0.045083,0.488368,0.045006,0.515188,-0.044927,-0.453563,0.041972,-0.041908,0.517783,-0.449445,0.487476,-0.449248,-0.453358,1.088946
11,DMT,9,0.055811,0.039799,0.025722,0.365189,0.025678,0.400221,-0.025505,-0.333183,0.039754,-0.039514,0.396997,-0.339828,0.361225,-0.337479,-0.333719,0.910123
11,DMT,10,0.056582,0.054190,0.026287,0.405118,0.026264,0.438629,-0.026131,-0.372899,0.054308,-0.053883,0.445644,-0.373989,0.403862,-0.374690,-0.366193,0.944275
11,DMT,11,0.145077,0.038741,0.054227,0.465125,0.054175,0.515886,-0.054089,-0.440112,0.038698,-0.038557,0.497981,-0.439212,0.462413,-0.438670,-0.441303,1.120617
11,DMT,12,0.119845,0.056751,0.045560,0.465569,0.045530,0.490280,-0.045438,-0.432170,0.056711,-0.056643,0.487483,-0.429494,0.466017,-0.431149,-0.430962,1.052418
11,DMT,13,0.099559,0.048888,0.039112,0.557457,0.039067,0.599338,-0.038967,-0.525260,0.048867,-0.048736,0.588579,-0.523820,0.557061,-0.522533,-0.525091,1.201717
11,PCB,0,0.044915,0.028419,0.039411,0.492002,0.039361,0.534712,-0.039241,-0.457539,0.028438,-0.028304,0.528692,-0.456838,0.490494,-0.449546,-0.455295,1.070905
11,PCB,1,0.035202,0.030657,0.029066,0.511927,0.029037,0.566842,-0.029002,-0.474542,0.030655,-0.030515,0.549835,-0.476456,0.513157,-0.478360,-0.478251,1.073234
11,PCB,2,0.045123,0.029598,0.023322,0.434658,0.023311,0.479476,-0.023297,-0.407296,0.029591,-0.029575,0.515774,-0.408792,0.433799,-0.410132,-0.402989,0.997773
11,PCB,3,0.076107,0.058403,0.041394,0.327033,0.041193,0.365299,-0.040736,-0.289123,0.058537,-0.057519,0.366129,-0.293624,0.325837,-0.292484,-0.285979,0.898488
11,PCB,4,0.083718,0.051786,0.033809,0.408081,0.033771,0.445689,-0.033599,-0.373372,0.051620,-0.051340,0.460390,-0.376463,0.406493,-0.377936,-0.375773,0.994566
11,PCB,5,0.033490,0.022347,0.021552,0.526233,0.021546,0.567591,-0.021527,-0.499052,0.022336,-0.022330,0.588985,-0.502235,0.523877,-0.501346,-0.498125,1.098206
11,PCB,6,0.028697,0.027233,0.020346,0.466732,0.020345,0.505091,-0.020345,-0.439753,0.027253,-0.027221,0.530666,-0.440446,0.468026,-0.440722,-0.434561,0.995949
11,PCB,7,0.066474,0.063990,0.036362,0.500880,0.036326,0.528325,-0.036209,-0.442825,0.063927,-0.063718,0.519083,-0.449087,0.500897,-0.449537,-0.448777,1.108334
11,PCB,8,0.044931,0.041721,0.022241,0.429207,0.022206,0.484023,-0.021995,-0.394250,0.041806,-0.041556,0.468495,-0.402237,0.429533,-0.403677,-0.396110,0.995082
11,PCB,9,0.058737,0.034546,0.025714,0.520971,0.025721,0.571129,-0.025703,-0.496603,0.034570,-0.034491,0.555912,-0.495225,0.519448,-0.493699,-0.495538,1.100269
11,PCB,10,0.061492,0.027606,0.034487,0.551097,0.034493,0.610862,-0.034477,-0.525149,0.027602,-0.027550,0.586695,-0.528063,0.552558,-0.525856,-0.527773,1.179917
11,PCB,11,0.065638,0.030077,0.039254,0.519515,0.039241,0.576332,-0.039126,-0.485545,0.030086,-0.030013,0.597363,-0.484572,0.518545,-0.485189,-0.480920,1.101501
11,PCB,12,0.076094,0.031550,0.037477,0.437346,0.037569,0.496363,-0.037077,-0.414076,0.031597,-0.031495,0.471821,-0.412746,0.438497,-0.412721,-0.414701,1.032542
11,PCB,13,0.103453,0.049048,0.049120,0.425270,0.049067,0.451631,-0.048921,-0.390487,0.049009,-0.048639,0.471711,-0.386157,0.425382,-0.389718,-0.389564,1.008520
12,DMT,0,0.038806,0.028891,0.035941,0.473057,0.035980,0.507611,-0.035695,-0.435686,0.028879,-0.028816,0.535381,-0.433110,0.473162,-0.435644,-0.431118,1.007377
12,DMT,1,0.033930,0.034625,0.030766,0.458159,0.030798,0.485329,-0.030707,-0.420499,0.034591,-0.034530,0.475985,-0.414090,0.458961,-0.413762,-0.422433,0.963950
12,DMT,2,0.034012,0.026930,0.026360,0.516448,0.026305,0.553493,-0.026233,-0.484985,0.026849,-0.026834,0.543954,-0.481100,0.516613,-0.480560,-0.486328,1.065326
12,DMT,3,0.046721,0.027773,0.027177,0.559302,0.027176,0.611467,-0.027170,-0.530093,0.027769,-0.027753,0.612436,-0.526489,0.558585,-0.527464,-0.529951,1.162648
12,DMT,4,0.067138,0.041808,0.035228,0.434437,0.035200,0.491724,-0.035096,-0.399224,0.041864,-0.041754,0.461959,-0.399499,0.433566,-0.396984,-0.400932,0.956342
12,DMT,5,0.064037,0.065094,0.050583,0.315064,0.050539,0.323750,-0.049590,-0.261813,0.064924,-0.064023,0.347576,-0.256072,0.312838,-0.255691,-0.244600,0.783878
12,DMT,6,0.082652,0.068276,0.042265,0.257353,0.042482,0.285273,-0.041310,-0.218027,0.068112,-0.066260,0.298337,-0.221198,0.254934,-0.216444,-0.217050,0.752599
12,DMT,7,0.023391,0.021881,0.026452,0.479699,0.026468,0.510636,-0.026450,-0.449219,0.021888,-0.021850,0.514645,-0.445767,0.479628,-0.444555,-0.448967,1.000194
12,DMT,8,0.035326,0.027497,0.024170,0.458037,0.024173,0.515007,-0.024161,-0.431462,0.027501,-0.027453,0.490924,-0.432578,0.457276,-0.430643,-0.431470,0.975180
12,DMT,9,0.063703,0.033071,0.032425,0.414577,0.032494,0.455553,-0.032360,-0.390608,0.033118,-0.033033,0.463871,-0.392160,0.415524,-0.391815,-0.390631,0.942135
12,DMT,10,0.058957,0.035038,0.036516,0.469578,0.036511,0.511462,-0.036488,-0.436464,0.035015,-0.035004,0.503105,-0.437183,0.469177,-0.437672,-0.439312,1.033939
12,DMT,11,0.073866,0.042448,0.052244,0.340318,0.052420,0.365489,-0.051728,-0.310926,0.042564,-0.042080,0.372716,-0.309692,0.338947,-0.304557,-0.305217,0.906504
12,DMT,12,0.042026,0.031501,0.034507,0.358884,0.034513,0.371438,-0.034394,-0.330786,0.031583,-0.031275,0.396327,-0.324403,0.361240,-0.331706,-0.333190,0.897617
12,DMT,13,0.044958,0.034736,0.030524,0.437047,0.030502,0.481606,-0.030327,-0.402985,0.034705,-0.034558,0.482790,-0.403941,0.438593,-0.407317,-0.407177,1.000489
12,PCB,0,0.047332,0.028685,0.027695,0.560317,0.027687,0.641528,-0.027687,-0.530975,0.028668,-0.028656,0.599244,-0.529471,0.561742,-0.528777,-0.533749,1.177224
12,PCB,1,0.036310,0.023718,0.022393,0.546364,0.022353,0.605200,-0.022335,-0.521007,0.023715,-0.023714,0.608611,-0.521101,0.546543,-0.521240,-0.521572,1.144102
12,PCB,2,0.041650,0.034702,0.032760,0.503734,0.032788,0.554570,-0.032728,-0.461845,0.034732,-0.034653,0.538861,-0.458387,0.503624,-0.457588,-0.463109,1.044789
12,PCB,3,0.031894,0.025928,0.025892,0.498847,0.025804,0.541812,-0.025804,-0.465044,0.025923,-0.025909,0.539625,-0.463158,0.498035,-0.461523,-0.470148,1.037208
12,PCB,4,0.073399,0.060947,0.055821,0.469811,0.055849,0.500149,-0.055707,-0.409338,0.060876,-0.060813,0.468003,-0.409630,0.465613,-0.405652,-0.410536,0.998429
12,PCB,5,0.037128,0.033388,0.036383,0.505656,0.036385,0.523336,-0.036306,-0.459024,0.033335,-0.033298,0.522755,-0.462464,0.505247,-0.459753,-0.459269,1.055984
12,PCB,6,0.031349,0.028475,0.027052,0.540316,0.027097,0.580871,-0.026995,-0.502038,0.028487,-0.028454,0.564043,-0.503784,0.539617,-0.501421,-0.502519,1.098658
12,PCB,7,0.034535,0.025643,0.024100,0.522613,0.024110,0.571936,-0.024087,-0.493619,0.025659,-0.025624,0.569317,-0.493501,0.523939,-0.495310,-0.495963,1.081610
12,PCB,8,0.059583,0.044704,0.034013,0.428836,0.033968,0.473279,-0.033843,-0.390126,0.044702,-0.044513,0.478549,-0.392182,0.430080,-0.394816,-0.386986,0.995467
12,PCB,9,0.031729,0.026234,0.034882,0.553036,0.034864,0.592160,-0.034856,-0.508676,0.026222,-0.026192,0.577710,-0.508332,0.552486,-0.507970,-0.508406,1.114462
12,PCB,10,0.049207,0.030635,0.036881,0.552612,0.036828,0.605500,-0.036681,-0.508351,0.030613,-0.030613,0.591305,-0.508431,0.553117,-0.508594,-0.510727,1.136551
12,PCB,11,0.056536,0.033854,0.023942,0.498155,0.023899,0.540396,-0.023849,-0.472440,0.033847,-0.033722,0.537782,-0.475998,0.497330,-0.475315,-0.472684,1.096810
12,PCB,12,0.053058,0.030746,0.029069,0.550880,0.029076,0.615105,-0.029057,-0.515052,0.030785,-0.030731,0.627090,-0.517878,0.551317,-0.519181,-0.517178,1.154669
12,PCB,13,0.055376,0.047120,0.057040,0.494568,0.057210,0.528975,-0.056688,-0.417261,0.047200,-0.046849,0.495229,-0.424533,0.500897,-0.425701,-0.428393,1.044528
13,DMT,0,0.026607,0.027998,0.020145,0.525698,0.020165,0.571388,-0.020145,-0.490167,0.028016,-0.027967,0.566926,-0.493947,0.525113,-0.492529,-0.491216,1.065192
13,DMT,1,0.035016,0.030298,0.024132,0.478356,0.024098,0.524247,-0.024042,-0.447027,0.030301,-0.030266,0.535870,-0.447144,0.479895,-0.447748,-0.447736,0.983965
13,DMT,2,0.024726,0.027546,0.028087,0.364035,0.027989,0.383958,-0.027877,-0.332528,0.027530,-0.027384,0.418923,-0.330039,0.363148,-0.331972,-0.328998,0.803976
13,DMT,3,0.025806,0.028564,0.026391,0.347833,0.026409,0.420075,-0.026298,-0.314220,0.028478,-0.028425,0.381762,-0.315014,0.348660,-0.314397,-0.319305,0.766541
13,DMT,4,0.052713,0.035045,0.039148,0.462197,0.039187,0.533587,-0.038928,-0.424242,0.035028,-0.034880,0.501858,-0.424289,0.462884,-0.424243,-0.426558,0.995932
13,DMT,5,0.025871,0.021090,0.021859,0.534592,0.021860,0.597253,-0.021836,-0.503525,0.021090,-0.021086,0.595132,-0.505755,0.534096,-0.505029,-0.504466,1.079038
13,DMT,6,0.026871,0.027768,0.027320,0.492792,0.027316,0.522956,-0.027296,-0.456120,0.027759,-0.027707,0.521134,-0.456856,0.492692,-0.456393,-0.456907,1.003855
13,DMT,7,0.032480,0.030784,0.025079,0.511819,0.025081,0.569291,-0.025070,-0.474790,0.030806,-0.030745,0.545280,-0.476238,0.510073,-0.471956,-0.475373,1.033670
13,DMT,8,0.023384,0.022076,0.025874,0.461606,0.025879,0.515792,-0.025804,-0.428058,0.022074,-0.022021,0.497219,-0.429419,0.460901,-0.427307,-0.429425,0.941813
13,DMT,9,0.022392,0.023408,0.021158,0.493918,0.021147,0.542473,-0.021139,-0.462302,0.023400,-0.023400,0.546437,-0.461746,0.493151,-0.461593,-0.461712,1.000493
13,DMT,10,0.040514,0.036729,0.024820,0.503623,0.024899,0.547885,-0.024768,-0.472051,0.036748,-0.036432,0.547132,-0.470415,0.505389,-0.471096,-0.474063,1.043400
13,DMT,11,0.046912,0.032789,0.026844,0.562929,0.026869,0.616161,-0.026804,-0.525607,0.032759,-0.032705,0.608166,-0.527857,0.565324,-0.530230,-0.529147,1.164006
13,DMT,12,0.073187,0.038459,0.034939,0.605824,0.034832,0.649994,-0.034771,-0.562494,0.038319,-0.038194,0.649002,-0.564257,0.604985,-0.564733,-0.561316,1.233357
13,DMT,13,0.043396,0.029098,0.025761,0.598315,0.025752,0.637688,-0.025752,-0.566811,0.029089,-0.029066,0.643478,-0.565227,0.596529,-0.564733,-0.564592,1.214760
13,PCB,0,0.025041,0.023670,0.023373,0.496920,0.023355,0.551911,-0.023313,-0.465543,0.023668,-0.023632,0.548277,-0.465309,0.496986,-0.464479,-0.466100,1.016247
13,PCB,1,0.026422,0.023504,0.024908,0.496283,0.024897,0.559403,-0.024865,-0.465413,0.023497,-0.023479,0.563898,-0.464280,0.495595,-0.463389,-0.464655,1.023529
13,PCB,2,0.036276,0.027218,0.029320,0.543075,0.029319,0.580577,-0.029307,-0.509090,0.027245,-0.027207,0.585275,-0.508126,0.543145,-0.509024,-0.508210,1.105198
13,PCB,3,0.036357,0.030686,0.031197,0.456501,0.031203,0.512299,-0.030971,-0.418584,0.030714,-0.030637,0.480053,-0.419514,0.454183,-0.420794,-0.421397,0.964217
13,PCB,4,0.026186,0.025243,0.026236,0.489483,0.026234,0.521437,-0.026198,-0.455412,0.025239,-0.025218,0.531692,-0.453632,0.489610,-0.453397,-0.454023,1.004127
13,PCB,5,0.047225,0.029585,0.032557,0.487350,0.032588,0.568030,-0.032497,-0.454422,0.029666,-0.029557,0.511273,-0.457871,0.487367,-0.456021,-0.456500,1.013853
13,PCB,6,0.045900,0.030897,0.023610,0.560715,0.023640,0.633694,-0.023563,-0.528656,0.030897,-0.030897,0.598410,-0.527725,0.558169,-0.523487,-0.528857,1.140718
13,PCB,7,0.062389,0.036445,0.034295,0.508537,0.034303,0.563411,-0.034132,-0.473026,0.036394,-0.036286,0.543263,-0.476177,0.508726,-0.473848,-0.476229,1.064532
13,PCB,8,0.048056,0.028716,0.026993,0.509182,0.027003,0.623726,-0.026993,-0.479850,0.028717,-0.028678,0.548805,-0.482348,0.508091,-0.478818,-0.482556,1.062064
13,PCB,9,0.033551,0.027550,0.025769,0.559072,0.025762,0.614253,-0.025744,-0.521848,0.027558,-0.027540,0.611942,-0.523384,0.558427,-0.523851,-0.522805,1.130881
13,PCB,10,0.056132,0.035422,0.026692,0.546733,0.026697,0.610924,-0.026680,-0.517862,0.035432,-0.035349,0.579534,-0.516539,0.546687,-0.515704,-0.518800,1.126192
13,PCB,11,0.049604,0.029547,0.027341,0.563967,0.027401,0.615407,-0.027336,-0.533134,0.029547,-0.029525,0.609556,-0.536316,0.565654,-0.535418,-0.535769,1.165011
13,PCB,12,0.038513,0.027033,0.026462,0.538531,0.026472,0.593724,-0.026392,-0.507762,0.027063,-0.027012,0.576124,-0.507741,0.539946,-0.508947,-0.508059,1.102964
13,PCB,13,0.033847,0.024235,0.023287,0.576186,0.023285,0.624962,-0.023285,-0.545707,0.024232,-0.024232,0.642792,-0.545489,0.576117,-0.546768,-0.544635,1.167731
